kind,device,device_type,kernel,modulus,bits,operation,items,seconds,ops_per_sec,mismatches
library,AMD EPYC 7532 32-Core Processor,host-cpu,gmp-1t,secp256k1,256,ADD,50000,0.001198843,41706891.021,0
library,NVIDIA A100-SXM4-40GB,gpu,cgbn,secp256k1,256,ADD,50000,0.000011264,4438920454.545,0
opencl-kernel,NVIDIA A100-SXM4-40GB,GPU,w8,secp256k1,256,ADD,50000,0.000053429,935828742.254,0
opencl-e2e,NVIDIA A100-SXM4-40GB,GPU,w8,secp256k1,256,ADD,50000,0.000706230,70798435.994,0
opencl-kernel,NVIDIA A100-SXM4-40GB,GPU,w16,secp256k1,256,ADD,50000,0.000029199,1712397652.462,0
opencl-e2e,NVIDIA A100-SXM4-40GB,GPU,w16,secp256k1,256,ADD,50000,0.000576022,86802227.974,0
opencl-kernel,NVIDIA A100-SXM4-40GB,GPU,w32,secp256k1,256,ADD,50000,0.000021040,2376428798.442,0
opencl-e2e,NVIDIA A100-SXM4-40GB,GPU,w32,secp256k1,256,ADD,50000,0.000568652,87927229.192,0
opencl-kernel,NVIDIA A100-SXM4-40GB,GPU,w32-opt,secp256k1,256,ADD,50000,0.000024610,2031678001.892,0
opencl-e2e,NVIDIA A100-SXM4-40GB,GPU,w32-opt,secp256k1,256,ADD,50000,0.000582532,85832190.814,0
opencl-kernel,NVIDIA A100-SXM4-40GB,GPU,w32-o64,secp256k1,256,ADD,50000,0.000022319,2240229134.154,0
opencl-e2e,NVIDIA A100-SXM4-40GB,GPU,w32-o64,secp256k1,256,ADD,50000,0.000824378,60651797.792,0
opencl-kernel,NVIDIA A100-SXM4-40GB,GPU,w32-il,secp256k1,256,ADD,50000,0.000017630,2836085113.576,0
opencl-e2e,NVIDIA A100-SXM4-40GB,GPU,w32-il,secp256k1,256,ADD,50000,0.000684190,73079107.349,0
opencl-kernel,NVIDIA A100-SXM4-40GB,GPU,w32-il64,secp256k1,256,ADD,50000,0.000016240,3078829602.867,0
opencl-e2e,NVIDIA A100-SXM4-40GB,GPU,w32-il64,secp256k1,256,ADD,50000,0.000661420,75594912.661,0
library,AMD EPYC 7532 32-Core Processor,host-cpu,gmp-1t,secp256k1,256,SUBTRACT,50000,0.000932676,53609170.271,0
library,NVIDIA A100-SXM4-40GB,gpu,cgbn,secp256k1,256,SUBTRACT,50000,0.000010240,4882812500.000,0
opencl-kernel,NVIDIA A100-SXM4-40GB,GPU,w8,secp256k1,256,SUBTRACT,50000,0.000053120,941259543.283,0
opencl-e2e,NVIDIA A100-SXM4-40GB,GPU,w8,secp256k1,256,SUBTRACT,50000,0.000604351,82733371.448,0
opencl-kernel,NVIDIA A100-SXM4-40GB,GPU,w16,secp256k1,256,SUBTRACT,50000,0.000029439,1698447972.920,0
opencl-e2e,NVIDIA A100-SXM4-40GB,GPU,w16,secp256k1,256,SUBTRACT,50000,0.000567032,88178441.182,0
opencl-kernel,NVIDIA A100-SXM4-40GB,GPU,w32,secp256k1,256,SUBTRACT,50000,0.000020689,2416704532.973,0
opencl-e2e,NVIDIA A100-SXM4-40GB,GPU,w32,secp256k1,256,SUBTRACT,50000,0.000594121,84157949.626,0
opencl-kernel,NVIDIA A100-SXM4-40GB,GPU,w32-opt,secp256k1,256,SUBTRACT,50000,0.000024400,2049164724.518,0
opencl-e2e,NVIDIA A100-SXM4-40GB,GPU,w32-opt,secp256k1,256,SUBTRACT,50000,0.000600291,83292943.143,0
opencl-kernel,NVIDIA A100-SXM4-40GB,GPU,w32-o64,secp256k1,256,SUBTRACT,50000,0.000020810,2402698256.842,0
opencl-e2e,NVIDIA A100-SXM4-40GB,GPU,w32-o64,secp256k1,256,SUBTRACT,50000,0.000824548,60639295.466,0
opencl-kernel,NVIDIA A100-SXM4-40GB,GPU,w32-il,secp256k1,256,SUBTRACT,50000,0.000015690,3186744892.266,0
opencl-e2e,NVIDIA A100-SXM4-40GB,GPU,w32-il,secp256k1,256,SUBTRACT,50000,0.000645441,77466414.059,0
opencl-kernel,NVIDIA A100-SXM4-40GB,GPU,w32-il64,secp256k1,256,SUBTRACT,50000,0.000015600,3205103799.887,0
opencl-e2e,NVIDIA A100-SXM4-40GB,GPU,w32-il64,secp256k1,256,SUBTRACT,50000,0.000654101,76440805.285,0
library,AMD EPYC 7532 32-Core Processor,host-cpu,gmp-1t,secp256k1,256,ADDMOD,50000,0.003672696,13613978.350,0
library,NVIDIA A100-SXM4-40GB,gpu,cgbn,secp256k1,256,ADDMOD,50000,0.000014336,3487723214.286,0
opencl-kernel,NVIDIA A100-SXM4-40GB,GPU,w8,secp256k1,256,ADDMOD,50000,0.000075808,659562780.412,0
opencl-e2e,NVIDIA A100-SXM4-40GB,GPU,w8,secp256k1,256,ADDMOD,50000,0.000626281,79836379.643,0
opencl-kernel,NVIDIA A100-SXM4-40GB,GPU,w16,secp256k1,256,ADDMOD,50000,0.000037869,1320342122.155,0
opencl-e2e,NVIDIA A100-SXM4-40GB,GPU,w16,secp256k1,256,ADDMOD,50000,0.000573622,87165476.769,0
opencl-kernel,NVIDIA A100-SXM4-40GB,GPU,w32,secp256k1,256,ADDMOD,50000,0.000022280,2244162153.576,0
opencl-e2e,NVIDIA A100-SXM4-40GB,GPU,w32,secp256k1,256,ADDMOD,50000,0.000562692,88858622.393,0
opencl-kernel,NVIDIA A100-SXM4-40GB,GPU,w32-opt,secp256k1,256,ADDMOD,50000,0.000019900,2512558380.718,0
opencl-e2e,NVIDIA A100-SXM4-40GB,GPU,w32-opt,secp256k1,256,ADDMOD,50000,0.000599601,83388809.078,0
opencl-kernel,NVIDIA A100-SXM4-40GB,GPU,w32-o64,secp256k1,256,ADDMOD,50000,0.000017810,2807461758.092,0
opencl-e2e,NVIDIA A100-SXM4-40GB,GPU,w32-o64,secp256k1,256,ADDMOD,50000,0.000793978,62974028.638,0
opencl-kernel,NVIDIA A100-SXM4-40GB,GPU,w32-il,secp256k1,256,ADDMOD,50000,0.000015750,3174590734.116,0
opencl-e2e,NVIDIA A100-SXM4-40GB,GPU,w32-il,secp256k1,256,ADDMOD,50000,0.000690589,72401992.680,0
opencl-kernel,NVIDIA A100-SXM4-40GB,GPU,w32-il64,secp256k1,256,ADDMOD,50000,0.000014679,3406217124.005,0
opencl-e2e,NVIDIA A100-SXM4-40GB,GPU,w32-il64,secp256k1,256,ADDMOD,50000,0.000653061,76562516.418,0
library,AMD EPYC 7532 32-Core Processor,host-cpu,gmp-1t,secp256k1,256,SUBTRACTMOD,50000,0.003361580,14873958.247,0
library,NVIDIA A100-SXM4-40GB,gpu,cgbn,secp256k1,256,SUBTRACTMOD,50000,0.000015360,3255208333.333,0
opencl-kernel,NVIDIA A100-SXM4-40GB,GPU,w8,secp256k1,256,SUBTRACTMOD,50000,0.000074719,669177302.330,0
opencl-e2e,NVIDIA A100-SXM4-40GB,GPU,w8,secp256k1,256,SUBTRACTMOD,50000,0.000619851,80664539.936,0
opencl-kernel,NVIDIA A100-SXM4-40GB,GPU,w16,secp256k1,256,SUBTRACTMOD,50000,0.000039050,1280413341.442,0
opencl-e2e,NVIDIA A100-SXM4-40GB,GPU,w16,secp256k1,256,SUBTRACTMOD,50000,0.000574702,87001621.666,0
opencl-kernel,NVIDIA A100-SXM4-40GB,GPU,w32,secp256k1,256,SUBTRACTMOD,50000,0.000023200,2155199261.356,0
opencl-e2e,NVIDIA A100-SXM4-40GB,GPU,w32,secp256k1,256,SUBTRACTMOD,50000,0.000583151,85741102.142,0
opencl-kernel,NVIDIA A100-SXM4-40GB,GPU,w32-opt,secp256k1,256,SUBTRACTMOD,50000,0.000020700,2415508467.561,0
opencl-e2e,NVIDIA A100-SXM4-40GB,GPU,w32-opt,secp256k1,256,SUBTRACTMOD,50000,0.000565971,88343710.374,0
opencl-kernel,NVIDIA A100-SXM4-40GB,GPU,w32-o64,secp256k1,256,SUBTRACTMOD,50000,0.000017440,2866981266.688,0
opencl-e2e,NVIDIA A100-SXM4-40GB,GPU,w32-o64,secp256k1,256,SUBTRACTMOD,50000,0.000791678,63157011.379,0
opencl-kernel,NVIDIA A100-SXM4-40GB,GPU,w32-il,secp256k1,256,SUBTRACTMOD,50000,0.000015080,3315655335.968,0
opencl-e2e,NVIDIA A100-SXM4-40GB,GPU,w32-il,secp256k1,256,SUBTRACTMOD,50000,0.000651000,76804907.540,0
opencl-kernel,NVIDIA A100-SXM4-40GB,GPU,w32-il64,secp256k1,256,SUBTRACTMOD,50000,0.000015180,3293787613.117,0
opencl-e2e,NVIDIA A100-SXM4-40GB,GPU,w32-il64,secp256k1,256,SUBTRACTMOD,50000,0.000655241,76307819.310,0
library,AMD EPYC 7532 32-Core Processor,host-cpu,gmp-1t,secp256k1,256,MULTIPLYOPERANDSCANNING,50000,0.001496708,33406649.335,0
opencl-kernel,NVIDIA A100-SXM4-40GB,GPU,w8,secp256k1,256,MULTIPLYOPERANDSCANNING,50000,0.001581536,31614841.702,0
opencl-e2e,NVIDIA A100-SXM4-40GB,GPU,w8,secp256k1,256,MULTIPLYOPERANDSCANNING,50000,0.002527082,19785666.831,0
opencl-kernel,NVIDIA A100-SXM4-40GB,GPU,w16,secp256k1,256,MULTIPLYOPERANDSCANNING,50000,0.000355925,140479055.084,0
opencl-e2e,NVIDIA A100-SXM4-40GB,GPU,w16,secp256k1,256,MULTIPLYOPERANDSCANNING,50000,0.001027136,48679040.221,0
opencl-kernel,NVIDIA A100-SXM4-40GB,GPU,w32,secp256k1,256,MULTIPLYOPERANDSCANNING,50000,0.000102069,489863600.861,0
opencl-e2e,NVIDIA A100-SXM4-40GB,GPU,w32,secp256k1,256,MULTIPLYOPERANDSCANNING,50000,0.000780149,64090329.643,0
opencl-kernel,NVIDIA A100-SXM4-40GB,GPU,w32-opt,secp256k1,256,MULTIPLYOPERANDSCANNING,50000,0.000039050,1280413341.442,0
opencl-e2e,NVIDIA A100-SXM4-40GB,GPU,w32-opt,secp256k1,256,MULTIPLYOPERANDSCANNING,50000,0.000712469,70178516.158,0
opencl-kernel,NVIDIA A100-SXM4-40GB,GPU,w32-o64,secp256k1,256,MULTIPLYOPERANDSCANNING,50000,0.000029869,1673955200.798,0
opencl-e2e,NVIDIA A100-SXM4-40GB,GPU,w32-o64,secp256k1,256,MULTIPLYOPERANDSCANNING,50000,0.000920677,54307857.161,0
opencl-kernel,NVIDIA A100-SXM4-40GB,GPU,w32-il,secp256k1,256,MULTIPLYOPERANDSCANNING,50000,0.000017820,2805847768.370,0
opencl-e2e,NVIDIA A100-SXM4-40GB,GPU,w32-il,secp256k1,256,MULTIPLYOPERANDSCANNING,50000,0.000836638,59762984.682,0
opencl-kernel,NVIDIA A100-SXM4-40GB,GPU,w32-il64,secp256k1,256,MULTIPLYOPERANDSCANNING,50000,0.000017020,2937734128.591,0
opencl-e2e,NVIDIA A100-SXM4-40GB,GPU,w32-il64,secp256k1,256,MULTIPLYOPERANDSCANNING,50000,0.000833847,59963032.000,0
library,AMD EPYC 7532 32-Core Processor,host-cpu,gmp-1t,secp256k1,256,MULTIPLYPRODUCTSCANNING,50000,0.001497288,33393703.929,0
library,NVIDIA A100-SXM4-40GB,gpu,cgbn,secp256k1,256,MULTIPLYPRODUCTSCANNING,50000,0.000011264,4438920454.545,0
opencl-kernel,NVIDIA A100-SXM4-40GB,GPU,w8,secp256k1,256,MULTIPLYPRODUCTSCANNING,50000,0.000306385,163193312.633,0
opencl-e2e,NVIDIA A100-SXM4-40GB,GPU,w8,secp256k1,256,MULTIPLYPRODUCTSCANNING,50000,0.000982415,50894991.942,0
opencl-kernel,NVIDIA A100-SXM4-40GB,GPU,w16,secp256k1,256,MULTIPLYPRODUCTSCANNING,50000,0.000086028,581208394.364,0
opencl-e2e,NVIDIA A100-SXM4-40GB,GPU,w16,secp256k1,256,MULTIPLYPRODUCTSCANNING,50000,0.000783779,63793515.024,0
opencl-kernel,NVIDIA A100-SXM4-40GB,GPU,w32,secp256k1,256,MULTIPLYPRODUCTSCANNING,50000,0.000031809,1571889244.463,0
opencl-e2e,NVIDIA A100-SXM4-40GB,GPU,w32,secp256k1,256,MULTIPLYPRODUCTSCANNING,50000,0.000724299,69032275.784,0
opencl-kernel,NVIDIA A100-SXM4-40GB,GPU,w32-opt,secp256k1,256,MULTIPLYPRODUCTSCANNING,50000,0.000039370,1269993996.239,0
opencl-e2e,NVIDIA A100-SXM4-40GB,GPU,w32-opt,secp256k1,256,MULTIPLYPRODUCTSCANNING,50000,0.000714230,70005471.650,0
opencl-kernel,NVIDIA A100-SXM4-40GB,GPU,w32-o64,secp256k1,256,MULTIPLYPRODUCTSCANNING,50000,0.000031720,1576296755.630,0
opencl-e2e,NVIDIA A100-SXM4-40GB,GPU,w32-o64,secp256k1,256,MULTIPLYPRODUCTSCANNING,50000,0.000929256,53806487.796,0
opencl-kernel,NVIDIA A100-SXM4-40GB,GPU,w32-il,secp256k1,256,MULTIPLYPRODUCTSCANNING,50000,0.000027019,1850545170.019,0
opencl-e2e,NVIDIA A100-SXM4-40GB,GPU,w32-il,secp256k1,256,MULTIPLYPRODUCTSCANNING,50000,0.000837618,59693080.665,0
opencl-kernel,NVIDIA A100-SXM4-40GB,GPU,w32-il64,secp256k1,256,MULTIPLYPRODUCTSCANNING,50000,0.000024750,2020172384.339,0
opencl-e2e,NVIDIA A100-SXM4-40GB,GPU,w32-il64,secp256k1,256,MULTIPLYPRODUCTSCANNING,50000,0.000846328,59078767.191,0
library,AMD EPYC 7532 32-Core Processor,host-cpu,gmp-1t,secp256k1,256,MONTGOMERYMULTIPLICATION,50000,0.012311459,4061257.060,0
library,NVIDIA A100-SXM4-40GB,gpu,cgbn,secp256k1,256,MONTGOMERYMULTIPLICATION,50000,0.000016384,3051757812.500,0
opencl-kernel,NVIDIA A100-SXM4-40GB,GPU,w8,secp256k1,256,MONTGOMERYMULTIPLICATION,50000,0.000150848,331459086.756,0
opencl-e2e,NVIDIA A100-SXM4-40GB,GPU,w8,secp256k1,256,MONTGOMERYMULTIPLICATION,50000,0.000705400,70881767.585,0
opencl-kernel,NVIDIA A100-SXM4-40GB,GPU,w16,secp256k1,256,MONTGOMERYMULTIPLICATION,50000,0.000042939,1164440060.296,0
opencl-e2e,NVIDIA A100-SXM4-40GB,GPU,w16,secp256k1,256,MONTGOMERYMULTIPLICATION,50000,0.000587942,85042390.757,0
opencl-kernel,NVIDIA A100-SXM4-40GB,GPU,w32,secp256k1,256,MONTGOMERYMULTIPLICATION,50000,0.000018910,2644098165.431,0
opencl-e2e,NVIDIA A100-SXM4-40GB,GPU,w32,secp256k1,256,MONTGOMERYMULTIPLICATION,50000,0.000546702,91457472.612,0
opencl-kernel,NVIDIA A100-SXM4-40GB,GPU,w32-opt,secp256k1,256,MONTGOMERYMULTIPLICATION,50000,0.000024980,2001606561.778,0
opencl-e2e,NVIDIA A100-SXM4-40GB,GPU,w32-opt,secp256k1,256,MONTGOMERYMULTIPLICATION,50000,0.000582391,85852985.308,0
opencl-kernel,NVIDIA A100-SXM4-40GB,GPU,w32-o64,secp256k1,256,MONTGOMERYMULTIPLICATION,50000,0.000018460,2708596498.663,0
opencl-e2e,NVIDIA A100-SXM4-40GB,GPU,w32-o64,secp256k1,256,MONTGOMERYMULTIPLICATION,50000,0.000793169,63038247.937,0
opencl-kernel,NVIDIA A100-SXM4-40GB,GPU,w32-il,secp256k1,256,MONTGOMERYMULTIPLICATION,50000,0.000021000,2380960649.267,0
opencl-e2e,NVIDIA A100-SXM4-40GB,GPU,w32-il,secp256k1,256,MONTGOMERYMULTIPLICATION,50000,0.000690000,72463754.282,0
opencl-kernel,NVIDIA A100-SXM4-40GB,GPU,w32-il64,secp256k1,256,MONTGOMERYMULTIPLICATION,50000,0.000018010,2776248381.425,0
opencl-e2e,NVIDIA A100-SXM4-40GB,GPU,w32-il64,secp256k1,256,MONTGOMERYMULTIPLICATION,50000,0.000667361,74921960.134,0
library,AMD EPYC 7532 32-Core Processor,host-cpu,gmp-1t,secp256k1,256,COMPARE,50000,0.000493233,101371949.283,0
library,NVIDIA A100-SXM4-40GB,gpu,cgbn,secp256k1,256,COMPARE,50000,0.000010240,4882812500.000,0
opencl-kernel,NVIDIA A100-SXM4-40GB,GPU,w8,secp256k1,256,COMPARE,50000,0.000051669,967701133.762,0
opencl-e2e,NVIDIA A100-SXM4-40GB,GPU,w8,secp256k1,256,COMPARE,50000,0.000629251,79459561.639,0
opencl-kernel,NVIDIA A100-SXM4-40GB,GPU,w16,secp256k1,256,COMPARE,50000,0.000028030,1783802079.942,0
opencl-e2e,NVIDIA A100-SXM4-40GB,GPU,w16,secp256k1,256,COMPARE,50000,0.000564002,88652173.202,0
opencl-kernel,NVIDIA A100-SXM4-40GB,GPU,w32-opt,secp256k1,256,COMPARE,50000,0.000018780,2662389843.789,0
opencl-e2e,NVIDIA A100-SXM4-40GB,GPU,w32-opt,secp256k1,256,COMPARE,50000,0.000560122,89266329.025,0
opencl-kernel,NVIDIA A100-SXM4-40GB,GPU,w32-o64,secp256k1,256,COMPARE,50000,0.000017610,2839309897.665,0
opencl-e2e,NVIDIA A100-SXM4-40GB,GPU,w32-o64,secp256k1,256,COMPARE,50000,0.000797218,62718088.239,0
opencl-kernel,NVIDIA A100-SXM4-40GB,GPU,w32-il,secp256k1,256,COMPARE,50000,0.000015850,3154538527.528,0
opencl-e2e,NVIDIA A100-SXM4-40GB,GPU,w32-il,secp256k1,256,COMPARE,50000,0.000645931,77407607.523,0
opencl-kernel,NVIDIA A100-SXM4-40GB,GPU,w32-il64,secp256k1,256,COMPARE,50000,0.000015729,3178914124.996,0
opencl-e2e,NVIDIA A100-SXM4-40GB,GPU,w32-il64,secp256k1,256,COMPARE,50000,0.000606831,82395241.106,0
library,AMD EPYC 7532 32-Core Processor,host-cpu,gmp-1t,secp256k1,256,REDUCE,6250,0.000185887,33622601.825,0
library,NVIDIA A100-SXM4-40GB,gpu,cgbn,secp256k1,256,REDUCE,50000,0.000022528,2219460227.273,0
opencl-kernel,NVIDIA A100-SXM4-40GB,GPU,w8,secp256k1,256,REDUCE,50000,0.000263336,189871412.353,0
opencl-e2e,NVIDIA A100-SXM4-40GB,GPU,w8,secp256k1,256,REDUCE,50000,0.000844078,59236254.684,0
opencl-kernel,NVIDIA A100-SXM4-40GB,GPU,w16,secp256k1,256,REDUCE,50000,0.000137978,362377220.769,0
opencl-e2e,NVIDIA A100-SXM4-40GB,GPU,w16,secp256k1,256,REDUCE,50000,0.000701720,71253502.082,0
opencl-kernel,NVIDIA A100-SXM4-40GB,GPU,w32-opt,secp256k1,256,REDUCE,50000,0.000063169,791523957.097,0
opencl-e2e,NVIDIA A100-SXM4-40GB,GPU,w32-opt,secp256k1,256,REDUCE,50000,0.000623981,80130644.655,0
opencl-kernel,NVIDIA A100-SXM4-40GB,GPU,w32-o64,secp256k1,256,REDUCE,50000,0.000052759,947706355.749,0
opencl-e2e,NVIDIA A100-SXM4-40GB,GPU,w32-o64,secp256k1,256,REDUCE,50000,0.000837198,59723028.986,0
opencl-kernel,NVIDIA A100-SXM4-40GB,GPU,w32-il,secp256k1,256,REDUCE,50000,0.000052149,958792224.236,0
opencl-e2e,NVIDIA A100-SXM4-40GB,GPU,w32-il,secp256k1,256,REDUCE,50000,0.000713779,70049680.949,0
opencl-kernel,NVIDIA A100-SXM4-40GB,GPU,w32-il64,secp256k1,256,REDUCE,50000,0.000052449,953310152.442,0
opencl-e2e,NVIDIA A100-SXM4-40GB,GPU,w32-il64,secp256k1,256,REDUCE,50000,0.000700160,71412255.800,0
library,AMD EPYC 7532 32-Core Processor,host-cpu,gmp-1t,secp256k1,256,MODMUL,3125,0.000446414,7000234.075,0
library,NVIDIA A100-SXM4-40GB,gpu,cgbn,secp256k1,256,MODMUL,50000,0.000065536,762939453.125,0
opencl-kernel,NVIDIA A100-SXM4-40GB,GPU,w8,secp256k1,256,MODMUL,50000,0.000681009,73420503.468,0
opencl-e2e,NVIDIA A100-SXM4-40GB,GPU,w8,secp256k1,256,MODMUL,50000,0.001271192,39333161.799,0
opencl-kernel,NVIDIA A100-SXM4-40GB,GPU,w16,secp256k1,256,MODMUL,50000,0.000315155,158651906.423,0
opencl-e2e,NVIDIA A100-SXM4-40GB,GPU,w16,secp256k1,256,MODMUL,50000,0.000890738,56133237.351,0
opencl-kernel,NVIDIA A100-SXM4-40GB,GPU,w32-opt,secp256k1,256,MODMUL,50000,0.000174327,286817595.709,0
opencl-e2e,NVIDIA A100-SXM4-40GB,GPU,w32-opt,secp256k1,256,MODMUL,50000,0.000721560,69294275.523,0
opencl-kernel,NVIDIA A100-SXM4-40GB,GPU,w32-o64,secp256k1,256,MODMUL,50000,0.000117988,423772411.861,0
opencl-e2e,NVIDIA A100-SXM4-40GB,GPU,w32-o64,secp256k1,256,MODMUL,50000,0.000893417,55964890.214,0
opencl-kernel,NVIDIA A100-SXM4-40GB,GPU,w32-il,secp256k1,256,MODMUL,50000,0.000137598,363376704.457,0
opencl-e2e,NVIDIA A100-SXM4-40GB,GPU,w32-il,secp256k1,256,MODMUL,50000,0.000786879,63542162.965,0
opencl-kernel,NVIDIA A100-SXM4-40GB,GPU,w32-il64,secp256k1,256,MODMUL,50000,0.000120148,416153193.600,0
opencl-e2e,NVIDIA A100-SXM4-40GB,GPU,w32-il64,secp256k1,256,MODMUL,50000,0.000760799,65720357.154,0
library,AMD EPYC 7532 32-Core Processor,host-cpu,gmp-1t,secp256k1,256,MODEXP,781,0.011211044,69663.452,0
library,NVIDIA A100-SXM4-40GB,gpu,cgbn,secp256k1,256,MODEXP,50000,0.020189185,2476573.472,0
opencl-kernel,NVIDIA A100-SXM4-40GB,GPU,w8,secp256k1,256,MODEXP,50000,0.024204622,2065721.165,0
opencl-e2e,NVIDIA A100-SXM4-40GB,GPU,w8,secp256k1,256,MODEXP,50000,0.024854103,2011740.266,0
opencl-kernel,NVIDIA A100-SXM4-40GB,GPU,w16,secp256k1,256,MODEXP,50000,0.004625695,10809185.829,0
opencl-e2e,NVIDIA A100-SXM4-40GB,GPU,w16,secp256k1,256,MODEXP,50000,0.005292396,9447516.668,0
opencl-kernel,NVIDIA A100-SXM4-40GB,GPU,w32-opt,secp256k1,256,MODEXP,50000,0.003905313,12803070.805,0
opencl-e2e,NVIDIA A100-SXM4-40GB,GPU,w32-opt,secp256k1,256,MODEXP,50000,0.004535163,11024962.492,0
opencl-kernel,NVIDIA A100-SXM4-40GB,GPU,w32-o64,secp256k1,256,MODEXP,50000,0.002225147,22470424.594,0
opencl-e2e,NVIDIA A100-SXM4-40GB,GPU,w32-o64,secp256k1,256,MODEXP,50000,0.003097834,16140309.307,0
opencl-kernel,NVIDIA A100-SXM4-40GB,GPU,w32-il,secp256k1,256,MODEXP,50000,0.003890832,12850722.052,0
opencl-e2e,NVIDIA A100-SXM4-40GB,GPU,w32-il,secp256k1,256,MODEXP,50000,0.004675720,10693540.505,0
opencl-kernel,NVIDIA A100-SXM4-40GB,GPU,w32-il64,secp256k1,256,MODEXP,50000,0.002216518,22557904.644,0
opencl-e2e,NVIDIA A100-SXM4-40GB,GPU,w32-il64,secp256k1,256,MODEXP,50000,0.002937147,17023322.708,0
library,AMD EPYC 7532 32-Core Processor,host-cpu,gmp-1t,secp256k1,256,EXPONENTIATION,781,0.003736985,208992.013,0
opencl-kernel,NVIDIA A100-SXM4-40GB,GPU,w8,secp256k1,256,EXPONENTIATION,50000,0.040388513,1237975.761,0
opencl-e2e,NVIDIA A100-SXM4-40GB,GPU,w8,secp256k1,256,EXPONENTIATION,50000,0.041187892,1213949.000,0
opencl-kernel,NVIDIA A100-SXM4-40GB,GPU,w16,secp256k1,256,EXPONENTIATION,50000,0.012527453,3991234.361,0
opencl-e2e,NVIDIA A100-SXM4-40GB,GPU,w16,secp256k1,256,EXPONENTIATION,50000,0.013194373,3789494.239,0
opencl-kernel,NVIDIA A100-SXM4-40GB,GPU,w32-opt,secp256k1,256,EXPONENTIATION,50000,0.000771769,64786236.915,0
opencl-e2e,NVIDIA A100-SXM4-40GB,GPU,w32-opt,secp256k1,256,EXPONENTIATION,50000,0.001353000,36954919.783,0
opencl-kernel,NVIDIA A100-SXM4-40GB,GPU,w32-o64,secp256k1,256,EXPONENTIATION,50000,0.000675490,74020326.981,0
opencl-e2e,NVIDIA A100-SXM4-40GB,GPU,w32-o64,secp256k1,256,EXPONENTIATION,50000,0.001483808,33697075.935,0
opencl-kernel,NVIDIA A100-SXM4-40GB,GPU,w32-il,secp256k1,256,EXPONENTIATION,50000,0.000770048,64930997.190,0
opencl-e2e,NVIDIA A100-SXM4-40GB,GPU,w32-il,secp256k1,256,EXPONENTIATION,50000,0.001444569,34612403.375,0
opencl-kernel,NVIDIA A100-SXM4-40GB,GPU,w32-il64,secp256k1,256,EXPONENTIATION,50000,0.000734949,68031929.727,0
opencl-e2e,NVIDIA A100-SXM4-40GB,GPU,w32-il64,secp256k1,256,EXPONENTIATION,50000,0.001394020,35867492.998,0
library,AMD EPYC 7532 32-Core Processor,host-cpu,gmp-1t,secp256k1,256,DIVIDE,6250,0.000412854,15138527.200,0
library,NVIDIA A100-SXM4-40GB,gpu,cgbn,secp256k1,256,DIVIDE,50000,0.000028672,1743861607.143,0
opencl-kernel,NVIDIA A100-SXM4-40GB,GPU,w8,secp256k1,256,DIVIDE,50000,0.000441514,113246584.014,0
opencl-e2e,NVIDIA A100-SXM4-40GB,GPU,w8,secp256k1,256,DIVIDE,50000,0.001136953,43977191.238,0
opencl-kernel,NVIDIA A100-SXM4-40GB,GPU,w16,secp256k1,256,DIVIDE,50000,0.000475073,105246931.422,0
opencl-e2e,NVIDIA A100-SXM4-40GB,GPU,w16,secp256k1,256,DIVIDE,50000,0.001178274,42434953.943,0
opencl-kernel,NVIDIA A100-SXM4-40GB,GPU,w32-opt,secp256k1,256,DIVIDE,50000,0.000176527,283242674.939,0
opencl-e2e,NVIDIA A100-SXM4-40GB,GPU,w32-opt,secp256k1,256,DIVIDE,50000,0.000844707,59192104.940,0
opencl-kernel,NVIDIA A100-SXM4-40GB,GPU,w32-o64,secp256k1,256,DIVIDE,50000,0.000171297,291890301.149,0
opencl-e2e,NVIDIA A100-SXM4-40GB,GPU,w32-o64,secp256k1,256,DIVIDE,50000,0.001099094,45492021.899,0
opencl-kernel,NVIDIA A100-SXM4-40GB,GPU,w32-il,secp256k1,256,DIVIDE,50000,0.000170898,292571906.889,0
opencl-e2e,NVIDIA A100-SXM4-40GB,GPU,w32-il,secp256k1,256,DIVIDE,50000,0.000995285,50236872.999,0
opencl-kernel,NVIDIA A100-SXM4-40GB,GPU,w32-il64,secp256k1,256,DIVIDE,50000,0.000165798,301571363.492,0
opencl-e2e,NVIDIA A100-SXM4-40GB,GPU,w32-il64,secp256k1,256,DIVIDE,50000,0.000995335,50234334.675,0
library,AMD EPYC 7532 32-Core Processor,host-cpu,gmp-1t,secp256k1,256,ISQRT,1562,0.000185968,8399299.530,0
opencl-kernel,NVIDIA A100-SXM4-40GB,GPU,w8,secp256k1,256,ISQRT,50000,0.005009596,9980844.292,0
opencl-e2e,NVIDIA A100-SXM4-40GB,GPU,w8,secp256k1,256,ISQRT,50000,0.005653576,8843960.009,0
opencl-kernel,NVIDIA A100-SXM4-40GB,GPU,w16,secp256k1,256,ISQRT,50000,0.004237470,11799492.961,0
opencl-e2e,NVIDIA A100-SXM4-40GB,GPU,w16,secp256k1,256,ISQRT,50000,0.004823322,10366299.534,0
opencl-kernel,NVIDIA A100-SXM4-40GB,GPU,w32-opt,secp256k1,256,ISQRT,50000,0.001166333,42869404.287,0
opencl-e2e,NVIDIA A100-SXM4-40GB,GPU,w32-opt,secp256k1,256,ISQRT,50000,0.001755084,28488658.814,0
opencl-kernel,NVIDIA A100-SXM4-40GB,GPU,w32-o64,secp256k1,256,ISQRT,50000,0.001034044,48353832.692,0
opencl-e2e,NVIDIA A100-SXM4-40GB,GPU,w32-o64,secp256k1,256,ISQRT,50000,0.001869272,26748381.546,0
opencl-kernel,NVIDIA A100-SXM4-40GB,GPU,w32-il,secp256k1,256,ISQRT,50000,0.001174502,42571231.738,0
opencl-e2e,NVIDIA A100-SXM4-40GB,GPU,w32-il,secp256k1,256,ISQRT,50000,0.001844163,27112570.077,0
opencl-kernel,NVIDIA A100-SXM4-40GB,GPU,w32-il64,secp256k1,256,ISQRT,50000,0.001032735,48415120.332,0
opencl-e2e,NVIDIA A100-SXM4-40GB,GPU,w32-il64,secp256k1,256,ISQRT,50000,0.001725855,28971150.693,0
library,AMD EPYC 7532 32-Core Processor,host-cpu,gmp-1t,secp256k1,256,MODMUL_R2,50000,0.006979547,7163788.735,0
library,NVIDIA A100-SXM4-40GB,gpu,cgbn,secp256k1,256,MODMUL_R2,50000,0.000022528,2219460227.273,0
opencl-kernel,NVIDIA A100-SXM4-40GB,GPU,w8,secp256k1,256,MODMUL_R2,50000,0.000134468,371835460.993,0
opencl-e2e,NVIDIA A100-SXM4-40GB,GPU,w8,secp256k1,256,MODMUL_R2,50000,0.000673740,74212636.737,0
opencl-kernel,NVIDIA A100-SXM4-40GB,GPU,w16,secp256k1,256,MODMUL_R2,50000,0.000046339,1079007380.014,0
opencl-e2e,NVIDIA A100-SXM4-40GB,GPU,w16,secp256k1,256,MODMUL_R2,50000,0.000631071,79230367.432,0
opencl-kernel,NVIDIA A100-SXM4-40GB,GPU,w32-opt,secp256k1,256,MODMUL_R2,50000,0.000032240,1550865637.322,0
opencl-e2e,NVIDIA A100-SXM4-40GB,GPU,w32-opt,secp256k1,256,MODMUL_R2,50000,0.000589642,84797252.982,0
opencl-kernel,NVIDIA A100-SXM4-40GB,GPU,w32-o64,secp256k1,256,MODMUL_R2,50000,0.000027130,1842985571.823,0
opencl-e2e,NVIDIA A100-SXM4-40GB,GPU,w32-o64,secp256k1,256,MODMUL_R2,50000,0.000771078,64844298.459,0
opencl-kernel,NVIDIA A100-SXM4-40GB,GPU,w32-il,secp256k1,256,MODMUL_R2,50000,0.000031170,1604108077.745,0
opencl-e2e,NVIDIA A100-SXM4-40GB,GPU,w32-il,secp256k1,256,MODMUL_R2,50000,0.000708319,70589685.511,0
opencl-kernel,NVIDIA A100-SXM4-40GB,GPU,w32-il64,secp256k1,256,MODMUL_R2,50000,0.000025319,1974806562.201,0
opencl-e2e,NVIDIA A100-SXM4-40GB,GPU,w32-il64,secp256k1,256,MODMUL_R2,50000,0.000681770,73338562.341,0
library,AMD EPYC 7532 32-Core Processor,host-cpu,gmp-1t,rsa256(composite),256,ADD,50000,0.001201722,41606966.231,0
library,NVIDIA A100-SXM4-40GB,gpu,cgbn,rsa256(composite),256,ADD,50000,0.000010240,4882812500.000,0
opencl-kernel,NVIDIA A100-SXM4-40GB,GPU,w8,rsa256(composite),256,ADD,50000,0.000044210,1130968847.693,0
opencl-e2e,NVIDIA A100-SXM4-40GB,GPU,w8,rsa256(composite),256,ADD,50000,0.000573982,87110742.753,0
opencl-kernel,NVIDIA A100-SXM4-40GB,GPU,w16,rsa256(composite),256,ADD,50000,0.000031990,1562988477.103,0
opencl-e2e,NVIDIA A100-SXM4-40GB,GPU,w16,rsa256(composite),256,ADD,50000,0.000516392,96825700.149,0
opencl-kernel,NVIDIA A100-SXM4-40GB,GPU,w32,rsa256(composite),256,ADD,50000,0.000020560,2431866065.726,0
opencl-e2e,NVIDIA A100-SXM4-40GB,GPU,w32,rsa256(composite),256,ADD,50000,0.000511362,97778049.105,0
opencl-kernel,NVIDIA A100-SXM4-40GB,GPU,w32-opt,rsa256(composite),256,ADD,50000,0.000023949,2087773330.741,0
opencl-e2e,NVIDIA A100-SXM4-40GB,GPU,w32-opt,rsa256(composite),256,ADD,50000,0.000606511,82438701.148,0
opencl-kernel,NVIDIA A100-SXM4-40GB,GPU,w32-o64,rsa256(composite),256,ADD,50000,0.000025009,1999295840.316,0
opencl-e2e,NVIDIA A100-SXM4-40GB,GPU,w32-o64,rsa256(composite),256,ADD,50000,0.000570652,87619062.789,0
opencl-kernel,NVIDIA A100-SXM4-40GB,GPU,w32-il,rsa256(composite),256,ADD,50000,0.000017910,2791695242.057,0
opencl-e2e,NVIDIA A100-SXM4-40GB,GPU,w32-il,rsa256(composite),256,ADD,50000,0.000659601,75803368.201,0
opencl-kernel,NVIDIA A100-SXM4-40GB,GPU,w32-il64,rsa256(composite),256,ADD,50000,0.000018020,2774670070.805,0
opencl-e2e,NVIDIA A100-SXM4-40GB,GPU,w32-il64,rsa256(composite),256,ADD,50000,0.000682820,73225729.552,0
library,AMD EPYC 7532 32-Core Processor,host-cpu,gmp-1t,rsa256(composite),256,SUBTRACT,50000,0.000938896,53254029.433,0
library,NVIDIA A100-SXM4-40GB,gpu,cgbn,rsa256(composite),256,SUBTRACT,50000,0.000010240,4882812500.000,0
opencl-kernel,NVIDIA A100-SXM4-40GB,GPU,w8,rsa256(composite),256,SUBTRACT,50000,0.000043020,1162246927.532,0
opencl-e2e,NVIDIA A100-SXM4-40GB,GPU,w8,rsa256(composite),256,SUBTRACT,50000,0.000581831,85935645.137,0
opencl-kernel,NVIDIA A100-SXM4-40GB,GPU,w16,rsa256(composite),256,SUBTRACT,50000,0.000030999,1612975745.467,0
opencl-e2e,NVIDIA A100-SXM4-40GB,GPU,w16,rsa256(composite),256,SUBTRACT,50000,0.000541373,92357737.810,0
opencl-kernel,NVIDIA A100-SXM4-40GB,GPU,w32,rsa256(composite),256,SUBTRACT,50000,0.000020149,2481549894.844,0
opencl-e2e,NVIDIA A100-SXM4-40GB,GPU,w32,rsa256(composite),256,SUBTRACT,50000,0.000529842,94367757.489,0
opencl-kernel,NVIDIA A100-SXM4-40GB,GPU,w32-opt,rsa256(composite),256,SUBTRACT,50000,0.000024389,2050103721.241,0
opencl-e2e,NVIDIA A100-SXM4-40GB,GPU,w32-opt,rsa256(composite),256,SUBTRACT,50000,0.000600211,83304057.976,0
opencl-kernel,NVIDIA A100-SXM4-40GB,GPU,w32-o64,rsa256(composite),256,SUBTRACT,50000,0.000024340,2054261271.499,0
opencl-e2e,NVIDIA A100-SXM4-40GB,GPU,w32-o64,rsa256(composite),256,SUBTRACT,50000,0.000572102,87396980.579,0
opencl-kernel,NVIDIA A100-SXM4-40GB,GPU,w32-il,rsa256(composite),256,SUBTRACT,50000,0.000017510,2855544449.763,0
opencl-e2e,NVIDIA A100-SXM4-40GB,GPU,w32-il,rsa256(composite),256,SUBTRACT,50000,0.000652990,76570869.973,0
opencl-kernel,NVIDIA A100-SXM4-40GB,GPU,w32-il64,rsa256(composite),256,SUBTRACT,50000,0.000017790,2810548172.966,0
opencl-e2e,NVIDIA A100-SXM4-40GB,GPU,w32-il64,rsa256(composite),256,SUBTRACT,50000,0.000674510,74127895.428,0
library,AMD EPYC 7532 32-Core Processor,host-cpu,gmp-1t,rsa256(composite),256,ADDMOD,50000,0.003280782,15240268.282,0
library,NVIDIA A100-SXM4-40GB,gpu,cgbn,rsa256(composite),256,ADDMOD,50000,0.000013312,3756009615.385,0
opencl-kernel,NVIDIA A100-SXM4-40GB,GPU,w8,rsa256(composite),256,ADDMOD,50000,0.000056379,886854892.503,0
opencl-e2e,NVIDIA A100-SXM4-40GB,GPU,w8,rsa256(composite),256,ADDMOD,50000,0.000621701,80424496.571,0
opencl-kernel,NVIDIA A100-SXM4-40GB,GPU,w16,rsa256(composite),256,ADDMOD,50000,0.000038939,1284057621.889,0
opencl-e2e,NVIDIA A100-SXM4-40GB,GPU,w16,rsa256(composite),256,ADDMOD,50000,0.000561342,89072241.684,0
opencl-kernel,NVIDIA A100-SXM4-40GB,GPU,w32,rsa256(composite),256,ADDMOD,50000,0.000022250,2247168021.431,0
opencl-e2e,NVIDIA A100-SXM4-40GB,GPU,w32,rsa256(composite),256,ADDMOD,50000,0.000539112,92745123.146,0
opencl-kernel,NVIDIA A100-SXM4-40GB,GPU,w32-opt,rsa256(composite),256,ADDMOD,50000,0.000020650,2421282244.171,0
opencl-e2e,NVIDIA A100-SXM4-40GB,GPU,w32-opt,rsa256(composite),256,ADDMOD,50000,0.000601831,83079816.345,0
opencl-kernel,NVIDIA A100-SXM4-40GB,GPU,w32-o64,rsa256(composite),256,ADDMOD,50000,0.000020619,2424945965.356,0
opencl-e2e,NVIDIA A100-SXM4-40GB,GPU,w32-o64,rsa256(composite),256,ADDMOD,50000,0.000561632,89026232.074,0
opencl-kernel,NVIDIA A100-SXM4-40GB,GPU,w32-il,rsa256(composite),256,ADDMOD,50000,0.000016860,2965564183.721,0
opencl-e2e,NVIDIA A100-SXM4-40GB,GPU,w32-il,rsa256(composite),256,ADDMOD,50000,0.000660131,75742570.223,0
opencl-kernel,NVIDIA A100-SXM4-40GB,GPU,w32-il64,rsa256(composite),256,ADDMOD,50000,0.000017449,2865527538.630,0
opencl-e2e,NVIDIA A100-SXM4-40GB,GPU,w32-il64,rsa256(composite),256,ADDMOD,50000,0.000667310,74927658.862,0
library,AMD EPYC 7532 32-Core Processor,host-cpu,gmp-1t,rsa256(composite),256,SUBTRACTMOD,50000,0.003321951,15051396.955,0
library,NVIDIA A100-SXM4-40GB,gpu,cgbn,rsa256(composite),256,SUBTRACTMOD,50000,0.000013312,3756009615.385,0
opencl-kernel,NVIDIA A100-SXM4-40GB,GPU,w8,rsa256(composite),256,SUBTRACTMOD,50000,0.000059519,840068398.323,0
opencl-e2e,NVIDIA A100-SXM4-40GB,GPU,w8,rsa256(composite),256,SUBTRACTMOD,50000,0.000634170,78843253.206,0
opencl-kernel,NVIDIA A100-SXM4-40GB,GPU,w16,rsa256(composite),256,SUBTRACTMOD,50000,0.000040820,1224893707.506,0
opencl-e2e,NVIDIA A100-SXM4-40GB,GPU,w16,rsa256(composite),256,SUBTRACTMOD,50000,0.000561492,89048529.351,0
opencl-kernel,NVIDIA A100-SXM4-40GB,GPU,w32,rsa256(composite),256,SUBTRACTMOD,50000,0.000022859,2187336926.806,0
opencl-e2e,NVIDIA A100-SXM4-40GB,GPU,w32,rsa256(composite),256,SUBTRACTMOD,50000,0.000555662,89982688.330,0
opencl-kernel,NVIDIA A100-SXM4-40GB,GPU,w32-opt,rsa256(composite),256,SUBTRACTMOD,50000,0.000020500,2439047370.693,0
opencl-e2e,NVIDIA A100-SXM4-40GB,GPU,w32-opt,rsa256(composite),256,SUBTRACTMOD,50000,0.000536982,93112995.942,0
opencl-kernel,NVIDIA A100-SXM4-40GB,GPU,w32-o64,rsa256(composite),256,SUBTRACTMOD,50000,0.000019610,2549728875.380,0
opencl-e2e,NVIDIA A100-SXM4-40GB,GPU,w32-o64,rsa256(composite),256,SUBTRACTMOD,50000,0.000546682,91460822.442,0
opencl-kernel,NVIDIA A100-SXM4-40GB,GPU,w32-il,rsa256(composite),256,SUBTRACTMOD,50000,0.000017459,2863846115.275,0
opencl-e2e,NVIDIA A100-SXM4-40GB,GPU,w32-il,rsa256(composite),256,SUBTRACTMOD,50000,0.000668430,74802174.104,0
opencl-kernel,NVIDIA A100-SXM4-40GB,GPU,w32-il64,rsa256(composite),256,SUBTRACTMOD,50000,0.000017109,2922462164.884,0
opencl-e2e,NVIDIA A100-SXM4-40GB,GPU,w32-il64,rsa256(composite),256,SUBTRACTMOD,50000,0.000674690,74108146.885,0
library,AMD EPYC 7532 32-Core Processor,host-cpu,gmp-1t,rsa256(composite),256,MULTIPLYOPERANDSCANNING,50000,0.001498758,33360959.287,0
opencl-kernel,NVIDIA A100-SXM4-40GB,GPU,w8,rsa256(composite),256,MULTIPLYOPERANDSCANNING,50000,0.001248992,40032280.487,0
opencl-e2e,NVIDIA A100-SXM4-40GB,GPU,w8,rsa256(composite),256,MULTIPLYOPERANDSCANNING,50000,0.001936371,25821498.416,0
opencl-kernel,NVIDIA A100-SXM4-40GB,GPU,w16,rsa256(composite),256,MULTIPLYOPERANDSCANNING,50000,0.000392234,127474940.996,0
opencl-e2e,NVIDIA A100-SXM4-40GB,GPU,w16,rsa256(composite),256,MULTIPLYOPERANDSCANNING,50000,0.001029075,48587317.742,0
opencl-kernel,NVIDIA A100-SXM4-40GB,GPU,w32,rsa256(composite),256,MULTIPLYOPERANDSCANNING,50000,0.000128349,389563367.885,0
opencl-e2e,NVIDIA A100-SXM4-40GB,GPU,w32,rsa256(composite),256,MULTIPLYOPERANDSCANNING,50000,0.000785598,63645777.889,0
opencl-kernel,NVIDIA A100-SXM4-40GB,GPU,w32-opt,rsa256(composite),256,MULTIPLYOPERANDSCANNING,50000,0.000038989,1282401347.203,0
opencl-e2e,NVIDIA A100-SXM4-40GB,GPU,w32-opt,rsa256(composite),256,MULTIPLYOPERANDSCANNING,50000,0.000732199,68287462.931,0
opencl-kernel,NVIDIA A100-SXM4-40GB,GPU,w32-o64,rsa256(composite),256,MULTIPLYOPERANDSCANNING,50000,0.000036469,1371020115.684,0
opencl-e2e,NVIDIA A100-SXM4-40GB,GPU,w32-o64,rsa256(composite),256,MULTIPLYOPERANDSCANNING,50000,0.000685180,72973517.564,0
opencl-kernel,NVIDIA A100-SXM4-40GB,GPU,w32-il,rsa256(composite),256,MULTIPLYOPERANDSCANNING,50000,0.000020590,2428346165.502,0
opencl-e2e,NVIDIA A100-SXM4-40GB,GPU,w32-il,rsa256(composite),256,MULTIPLYOPERANDSCANNING,50000,0.000839058,59590647.236,0
opencl-kernel,NVIDIA A100-SXM4-40GB,GPU,w32-il64,rsa256(composite),256,MULTIPLYOPERANDSCANNING,50000,0.000019200,2604146837.408,0
opencl-e2e,NVIDIA A100-SXM4-40GB,GPU,w32-il64,rsa256(composite),256,MULTIPLYOPERANDSCANNING,50000,0.000848177,58949967.443,0
library,AMD EPYC 7532 32-Core Processor,host-cpu,gmp-1t,rsa256(composite),256,MULTIPLYPRODUCTSCANNING,50000,0.001504947,33223762.125,0
library,NVIDIA A100-SXM4-40GB,gpu,cgbn,rsa256(composite),256,MULTIPLYPRODUCTSCANNING,50000,0.000010240,4882812500.000,0
opencl-kernel,NVIDIA A100-SXM4-40GB,GPU,w8,rsa256(composite),256,MULTIPLYPRODUCTSCANNING,50000,0.000240517,207885643.923,0
opencl-e2e,NVIDIA A100-SXM4-40GB,GPU,w8,rsa256(composite),256,MULTIPLYPRODUCTSCANNING,50000,0.000919366,54385317.094,0
opencl-kernel,NVIDIA A100-SXM4-40GB,GPU,w16,rsa256(composite),256,MULTIPLYPRODUCTSCANNING,50000,0.000094088,531418557.599,0
opencl-e2e,NVIDIA A100-SXM4-40GB,GPU,w16,rsa256(composite),256,MULTIPLYPRODUCTSCANNING,50000,0.000718410,69598128.047,0
opencl-kernel,NVIDIA A100-SXM4-40GB,GPU,w32,rsa256(composite),256,MULTIPLYPRODUCTSCANNING,50000,0.000038699,1292030351.964,0
opencl-e2e,NVIDIA A100-SXM4-40GB,GPU,w32,rsa256(composite),256,MULTIPLYPRODUCTSCANNING,50000,0.000683930,73106871.588,0
opencl-kernel,NVIDIA A100-SXM4-40GB,GPU,w32-opt,rsa256(composite),256,MULTIPLYPRODUCTSCANNING,50000,0.000038269,1306541364.289,0
opencl-e2e,NVIDIA A100-SXM4-40GB,GPU,w32-opt,rsa256(composite),256,MULTIPLYPRODUCTSCANNING,50000,0.000735150,68013313.545,0
opencl-kernel,NVIDIA A100-SXM4-40GB,GPU,w32-o64,rsa256(composite),256,MULTIPLYPRODUCTSCANNING,50000,0.000037440,1335483170.607,0
opencl-e2e,NVIDIA A100-SXM4-40GB,GPU,w32-o64,rsa256(composite),256,MULTIPLYPRODUCTSCANNING,50000,0.000725879,68882016.252,0
opencl-kernel,NVIDIA A100-SXM4-40GB,GPU,w32-il,rsa256(composite),256,MULTIPLYPRODUCTSCANNING,50000,0.000031159,1604683430.723,0
opencl-e2e,NVIDIA A100-SXM4-40GB,GPU,w32-il,rsa256(composite),256,MULTIPLYPRODUCTSCANNING,50000,0.000846598,59059887.264,0
opencl-kernel,NVIDIA A100-SXM4-40GB,GPU,w32-il64,rsa256(composite),256,MULTIPLYPRODUCTSCANNING,50000,0.000029799,1677905120.873,0
opencl-e2e,NVIDIA A100-SXM4-40GB,GPU,w32-il64,rsa256(composite),256,MULTIPLYPRODUCTSCANNING,50000,0.000848298,58941553.906,0
library,AMD EPYC 7532 32-Core Processor,host-cpu,gmp-1t,rsa256(composite),256,MONTGOMERYMULTIPLICATION,50000,0.012195280,4099946.925,0
library,NVIDIA A100-SXM4-40GB,gpu,cgbn,rsa256(composite),256,MONTGOMERYMULTIPLICATION,50000,0.000016384,3051757812.500,0
opencl-kernel,NVIDIA A100-SXM4-40GB,GPU,w8,rsa256(composite),256,MONTGOMERYMULTIPLICATION,50000,0.000118839,420736985.561,0
opencl-e2e,NVIDIA A100-SXM4-40GB,GPU,w8,rsa256(composite),256,MONTGOMERYMULTIPLICATION,50000,0.000680800,73443001.572,0
opencl-kernel,NVIDIA A100-SXM4-40GB,GPU,w16,rsa256(composite),256,MONTGOMERYMULTIPLICATION,50000,0.000045199,1106220456.606,0
opencl-e2e,NVIDIA A100-SXM4-40GB,GPU,w16,rsa256(composite),256,MONTGOMERYMULTIPLICATION,50000,0.000557283,89720956.218,0
opencl-kernel,NVIDIA A100-SXM4-40GB,GPU,w32,rsa256(composite),256,MONTGOMERYMULTIPLICATION,50000,0.000021670,2307335877.600,0
opencl-e2e,NVIDIA A100-SXM4-40GB,GPU,w32,rsa256(composite),256,MONTGOMERYMULTIPLICATION,50000,0.000674301,74150880.425,0
opencl-kernel,NVIDIA A100-SXM4-40GB,GPU,w32-opt,rsa256(composite),256,MONTGOMERYMULTIPLICATION,50000,0.000026449,1890423817.321,0
opencl-e2e,NVIDIA A100-SXM4-40GB,GPU,w32-opt,rsa256(composite),256,MONTGOMERYMULTIPLICATION,50000,0.000589701,84788748.970,0
opencl-kernel,NVIDIA A100-SXM4-40GB,GPU,w32-o64,rsa256(composite),256,MONTGOMERYMULTIPLICATION,50000,0.000022529,2219346073.872,0
opencl-e2e,NVIDIA A100-SXM4-40GB,GPU,w32-o64,rsa256(composite),256,MONTGOMERYMULTIPLICATION,50000,0.000596591,83809472.904,0
opencl-kernel,NVIDIA A100-SXM4-40GB,GPU,w32-il,rsa256(composite),256,MONTGOMERYMULTIPLICATION,50000,0.000024920,2006431512.660,0
opencl-e2e,NVIDIA A100-SXM4-40GB,GPU,w32-il,rsa256(composite),256,MONTGOMERYMULTIPLICATION,50000,0.000710499,70373075.106,0
opencl-kernel,NVIDIA A100-SXM4-40GB,GPU,w32-il64,rsa256(composite),256,MONTGOMERYMULTIPLICATION,50000,0.000020280,2465481444.743,0
opencl-e2e,NVIDIA A100-SXM4-40GB,GPU,w32-il64,rsa256(composite),256,MONTGOMERYMULTIPLICATION,50000,0.000670370,74585656.522,0
library,AMD EPYC 7532 32-Core Processor,host-cpu,gmp-1t,rsa256(composite),256,COMPARE,50000,0.000568811,87902611.270,0
library,NVIDIA A100-SXM4-40GB,gpu,cgbn,rsa256(composite),256,COMPARE,50000,0.000010240,4882812500.000,0
opencl-kernel,NVIDIA A100-SXM4-40GB,GPU,w8,rsa256(composite),256,COMPARE,50000,0.000044979,1111626039.424,0
opencl-e2e,NVIDIA A100-SXM4-40GB,GPU,w8,rsa256(composite),256,COMPARE,50000,0.000579911,86220084.635,0
opencl-kernel,NVIDIA A100-SXM4-40GB,GPU,w16,rsa256(composite),256,COMPARE,50000,0.000030500,1639350551.162,0
opencl-e2e,NVIDIA A100-SXM4-40GB,GPU,w16,rsa256(composite),256,COMPARE,50000,0.000522203,95748239.646,0
opencl-kernel,NVIDIA A100-SXM4-40GB,GPU,w32-opt,rsa256(composite),256,COMPARE,50000,0.000018750,2666687753.632,0
opencl-e2e,NVIDIA A100-SXM4-40GB,GPU,w32-opt,rsa256(composite),256,COMPARE,50000,0.000593271,84278501.774,0
opencl-kernel,NVIDIA A100-SXM4-40GB,GPU,w32-o64,rsa256(composite),256,COMPARE,50000,0.000018960,2637149582.474,0
opencl-e2e,NVIDIA A100-SXM4-40GB,GPU,w32-o64,rsa256(composite),256,COMPARE,50000,0.000568952,87880884.095,0
opencl-kernel,NVIDIA A100-SXM4-40GB,GPU,w32-il,rsa256(composite),256,COMPARE,50000,0.000018630,2683817796.441,0
opencl-e2e,NVIDIA A100-SXM4-40GB,GPU,w32-il,rsa256(composite),256,COMPARE,50000,0.000661960,75533279.495,0
opencl-kernel,NVIDIA A100-SXM4-40GB,GPU,w32-il64,rsa256(composite),256,COMPARE,50000,0.000017969,2782579620.607,0
opencl-e2e,NVIDIA A100-SXM4-40GB,GPU,w32-il64,rsa256(composite),256,COMPARE,50000,0.000689980,72465906.109,0
library,AMD EPYC 7532 32-Core Processor,host-cpu,gmp-1t,rsa256(composite),256,REDUCE,6250,0.000315135,19832748.379,0
library,NVIDIA A100-SXM4-40GB,gpu,cgbn,rsa256(composite),256,REDUCE,50000,0.000020480,2441406250.000,0
opencl-kernel,NVIDIA A100-SXM4-40GB,GPU,w8,rsa256(composite),256,REDUCE,50000,0.000264336,189152944.907,0
opencl-e2e,NVIDIA A100-SXM4-40GB,GPU,w8,rsa256(composite),256,REDUCE,50000,0.000804098,62181486.425,0
opencl-kernel,NVIDIA A100-SXM4-40GB,GPU,w16,rsa256(composite),256,REDUCE,50000,0.000151108,330889123.642,0
opencl-e2e,NVIDIA A100-SXM4-40GB,GPU,w16,rsa256(composite),256,REDUCE,50000,0.000666331,75037777.677,0
opencl-kernel,NVIDIA A100-SXM4-40GB,GPU,w32-opt,rsa256(composite),256,REDUCE,50000,0.000063149,791774934.372,0
opencl-e2e,NVIDIA A100-SXM4-40GB,GPU,w32-opt,rsa256(composite),256,REDUCE,50000,0.000613871,81450333.238,0
opencl-kernel,NVIDIA A100-SXM4-40GB,GPU,w32-o64,rsa256(composite),256,REDUCE,50000,0.000065319,765476701.528,0
opencl-e2e,NVIDIA A100-SXM4-40GB,GPU,w32-o64,rsa256(composite),256,REDUCE,50000,0.000644611,77566136.624,0
opencl-kernel,NVIDIA A100-SXM4-40GB,GPU,w32-il,rsa256(composite),256,REDUCE,50000,0.000064420,776155893.047,0
opencl-e2e,NVIDIA A100-SXM4-40GB,GPU,w32-il,rsa256(composite),256,REDUCE,50000,0.000723629,69096155.811,0
opencl-kernel,NVIDIA A100-SXM4-40GB,GPU,w32-il64,rsa256(composite),256,REDUCE,50000,0.000065009,769122977.522,0
opencl-e2e,NVIDIA A100-SXM4-40GB,GPU,w32-il64,rsa256(composite),256,REDUCE,50000,0.000730000,68493153.439,0
library,AMD EPYC 7532 32-Core Processor,host-cpu,gmp-1t,rsa256(composite),256,MODMUL,3125,0.000499413,6257341.755,0
library,NVIDIA A100-SXM4-40GB,gpu,cgbn,rsa256(composite),256,MODMUL,50000,0.000060416,827595338.983,0
opencl-kernel,NVIDIA A100-SXM4-40GB,GPU,w8,rsa256(composite),256,MODMUL,50000,0.000681130,73407402.667,0
opencl-e2e,NVIDIA A100-SXM4-40GB,GPU,w8,rsa256(composite),256,MODMUL,50000,0.001261691,39629366.147,0
opencl-kernel,NVIDIA A100-SXM4-40GB,GPU,w16,rsa256(composite),256,MODMUL,50000,0.000346795,144177316.825,0
opencl-e2e,NVIDIA A100-SXM4-40GB,GPU,w16,rsa256(composite),256,MODMUL,50000,0.000920367,54326156.947,0
opencl-kernel,NVIDIA A100-SXM4-40GB,GPU,w32-opt,rsa256(composite),256,MODMUL,50000,0.000174407,286685879.061,0
opencl-e2e,NVIDIA A100-SXM4-40GB,GPU,w32-opt,rsa256(composite),256,MODMUL,50000,0.000745399,67078175.735,0
opencl-kernel,NVIDIA A100-SXM4-40GB,GPU,w32-o64,rsa256(composite),256,MODMUL,50000,0.000149818,333739000.594,0
opencl-e2e,NVIDIA A100-SXM4-40GB,GPU,w32-o64,rsa256(composite),256,MODMUL,50000,0.000724079,69053274.742,0
opencl-kernel,NVIDIA A100-SXM4-40GB,GPU,w32-il,rsa256(composite),256,MODMUL,50000,0.000174557,286438854.076,0
opencl-e2e,NVIDIA A100-SXM4-40GB,GPU,w32-il,rsa256(composite),256,MODMUL,50000,0.000808728,61825489.512,0
opencl-kernel,NVIDIA A100-SXM4-40GB,GPU,w32-il64,rsa256(composite),256,MODMUL,50000,0.000153838,325017805.814,0
opencl-e2e,NVIDIA A100-SXM4-40GB,GPU,w32-il64,rsa256(composite),256,MODMUL,50000,0.000820098,60968324.847,0
library,AMD EPYC 7532 32-Core Processor,host-cpu,gmp-1t,rsa256(composite),256,MODEXP,781,0.010543184,74076.295,0
library,NVIDIA A100-SXM4-40GB,gpu,cgbn,rsa256(composite),256,MODEXP,50000,0.018352127,2724479.838,0
opencl-kernel,NVIDIA A100-SXM4-40GB,GPU,w8,rsa256(composite),256,MODEXP,50000,0.024195053,2066538.135,0
opencl-e2e,NVIDIA A100-SXM4-40GB,GPU,w8,rsa256(composite),256,MODEXP,50000,0.024842282,2012697.522,0
opencl-kernel,NVIDIA A100-SXM4-40GB,GPU,w16,rsa256(composite),256,MODEXP,50000,0.005940066,8417414.629,0
opencl-e2e,NVIDIA A100-SXM4-40GB,GPU,w16,rsa256(composite),256,MODEXP,50000,0.006560067,7621873.705,0
opencl-kernel,NVIDIA A100-SXM4-40GB,GPU,w32-opt,rsa256(composite),256,MODEXP,50000,0.003898163,12826554.916,0
opencl-e2e,NVIDIA A100-SXM4-40GB,GPU,w32-opt,rsa256(composite),256,MODEXP,50000,0.004527634,11043295.437,0
opencl-kernel,NVIDIA A100-SXM4-40GB,GPU,w32-o64,rsa256(composite),256,MODEXP,50000,0.002213677,22586850.367,0
opencl-e2e,NVIDIA A100-SXM4-40GB,GPU,w32-o64,rsa256(composite),256,MODEXP,50000,0.002886738,17320589.971,0
opencl-kernel,NVIDIA A100-SXM4-40GB,GPU,w32-il,rsa256(composite),256,MODEXP,50000,0.003872213,12912512.973,0
opencl-e2e,NVIDIA A100-SXM4-40GB,GPU,w32-il,rsa256(composite),256,MODEXP,50000,0.004632281,10793818.098,0
opencl-kernel,NVIDIA A100-SXM4-40GB,GPU,w32-il64,rsa256(composite),256,MODEXP,50000,0.002210168,22622712.934,0
opencl-e2e,NVIDIA A100-SXM4-40GB,GPU,w32-il64,rsa256(composite),256,MODEXP,50000,0.002967387,16849841.449,0
library,AMD EPYC 7532 32-Core Processor,host-cpu,gmp-1t,rsa256(composite),256,EXPONENTIATION,781,0.003715126,210221.681,0
opencl-kernel,NVIDIA A100-SXM4-40GB,GPU,w8,rsa256(composite),256,EXPONENTIATION,50000,0.040556661,1232843.098,0
opencl-e2e,NVIDIA A100-SXM4-40GB,GPU,w8,rsa256(composite),256,EXPONENTIATION,50000,0.040994424,1219678.060,0
opencl-kernel,NVIDIA A100-SXM4-40GB,GPU,w16,rsa256(composite),256,EXPONENTIATION,50000,0.012706040,3935136.235,0
opencl-e2e,NVIDIA A100-SXM4-40GB,GPU,w16,rsa256(composite),256,EXPONENTIATION,50000,0.013332942,3750110.056,0
opencl-kernel,NVIDIA A100-SXM4-40GB,GPU,w32-opt,rsa256(composite),256,EXPONENTIATION,50000,0.000771838,64780452.112,0
opencl-e2e,NVIDIA A100-SXM4-40GB,GPU,w32-opt,rsa256(composite),256,EXPONENTIATION,50000,0.001351320,37000866.111,0
opencl-kernel,NVIDIA A100-SXM4-40GB,GPU,w32-o64,rsa256(composite),256,EXPONENTIATION,50000,0.000674400,74139974.853,0
opencl-e2e,NVIDIA A100-SXM4-40GB,GPU,w32-o64,rsa256(composite),256,EXPONENTIATION,50000,0.001262211,39613035.306,0
opencl-kernel,NVIDIA A100-SXM4-40GB,GPU,w32-il,rsa256(composite),256,EXPONENTIATION,50000,0.000771258,64829147.044,0
opencl-e2e,NVIDIA A100-SXM4-40GB,GPU,w32-il,rsa256(composite),256,EXPONENTIATION,50000,0.001450228,34477336.425,0
opencl-kernel,NVIDIA A100-SXM4-40GB,GPU,w32-il64,rsa256(composite),256,EXPONENTIATION,50000,0.000739909,67575855.396,0
opencl-e2e,NVIDIA A100-SXM4-40GB,GPU,w32-il64,rsa256(composite),256,EXPONENTIATION,50000,0.001364700,36638088.137,0
library,AMD EPYC 7532 32-Core Processor,host-cpu,gmp-1t,rsa256(composite),256,DIVIDE,6250,0.000371905,16805364.986,0
library,NVIDIA A100-SXM4-40GB,gpu,cgbn,rsa256(composite),256,DIVIDE,50000,0.000026624,1878004807.692,0
opencl-kernel,NVIDIA A100-SXM4-40GB,GPU,w8,rsa256(composite),256,DIVIDE,50000,0.000448694,111434522.081,0
opencl-e2e,NVIDIA A100-SXM4-40GB,GPU,w8,rsa256(composite),256,DIVIDE,50000,0.001156423,43236765.080,0
opencl-kernel,NVIDIA A100-SXM4-40GB,GPU,w16,rsa256(composite),256,DIVIDE,50000,0.000383675,130318595.619,0
opencl-e2e,NVIDIA A100-SXM4-40GB,GPU,w16,rsa256(composite),256,DIVIDE,50000,0.001069485,46751485.021,0
opencl-kernel,NVIDIA A100-SXM4-40GB,GPU,w32-opt,rsa256(composite),256,DIVIDE,50000,0.000184427,271109955.713,0
opencl-e2e,NVIDIA A100-SXM4-40GB,GPU,w32-opt,rsa256(composite),256,DIVIDE,50000,0.000877387,56987402.650,0
opencl-kernel,NVIDIA A100-SXM4-40GB,GPU,w32-o64,rsa256(composite),256,DIVIDE,50000,0.000179567,278447740.634,0
opencl-e2e,NVIDIA A100-SXM4-40GB,GPU,w32-o64,rsa256(composite),256,DIVIDE,50000,0.000877157,57002317.484,0
opencl-kernel,NVIDIA A100-SXM4-40GB,GPU,w32-il,rsa256(composite),256,DIVIDE,50000,0.000179787,278106613.484,0
opencl-e2e,NVIDIA A100-SXM4-40GB,GPU,w32-il,rsa256(composite),256,DIVIDE,50000,0.001023925,48831705.855,0
opencl-kernel,NVIDIA A100-SXM4-40GB,GPU,w32-il64,rsa256(composite),256,DIVIDE,50000,0.000172797,289356666.370,0
opencl-e2e,NVIDIA A100-SXM4-40GB,GPU,w32-il64,rsa256(composite),256,DIVIDE,50000,0.000998756,50062281.636,0
library,AMD EPYC 7532 32-Core Processor,host-cpu,gmp-1t,rsa256(composite),256,ISQRT,1562,0.000185207,8433806.582,0
opencl-kernel,NVIDIA A100-SXM4-40GB,GPU,w8,rsa256(composite),256,ISQRT,50000,0.005006986,9986047.087,0
opencl-e2e,NVIDIA A100-SXM4-40GB,GPU,w8,rsa256(composite),256,ISQRT,50000,0.005693816,8781456.759,0
opencl-kernel,NVIDIA A100-SXM4-40GB,GPU,w16,rsa256(composite),256,ISQRT,50000,0.003950344,12657125.771,0
opencl-e2e,NVIDIA A100-SXM4-40GB,GPU,w16,rsa256(composite),256,ISQRT,50000,0.004572695,10934470.520,0
opencl-kernel,NVIDIA A100-SXM4-40GB,GPU,w32-opt,rsa256(composite),256,ISQRT,50000,0.001216752,41093008.643,0
opencl-e2e,NVIDIA A100-SXM4-40GB,GPU,w32-opt,rsa256(composite),256,ISQRT,50000,0.001814003,27563348.669,0
opencl-kernel,NVIDIA A100-SXM4-40GB,GPU,w32-o64,rsa256(composite),256,ISQRT,50000,0.001131053,44206590.095,0
opencl-e2e,NVIDIA A100-SXM4-40GB,GPU,w32-o64,rsa256(composite),256,ISQRT,50000,0.001727404,28945167.367,0
opencl-kernel,NVIDIA A100-SXM4-40GB,GPU,w32-il,rsa256(composite),256,ISQRT,50000,0.001222481,40900430.510,0
opencl-e2e,NVIDIA A100-SXM4-40GB,GPU,w32-il,rsa256(composite),256,ISQRT,50000,0.001941091,25758711.045,0
opencl-kernel,NVIDIA A100-SXM4-40GB,GPU,w32-il64,rsa256(composite),256,ISQRT,50000,0.001129243,44277447.340,0
opencl-e2e,NVIDIA A100-SXM4-40GB,GPU,w32-il64,rsa256(composite),256,ISQRT,50000,0.001794644,27860683.431,0
library,AMD EPYC 7532 32-Core Processor,host-cpu,gmp-1t,rsa256(composite),256,MODMUL_R2,50000,0.006965967,7177753.987,0
library,NVIDIA A100-SXM4-40GB,gpu,cgbn,rsa256(composite),256,MODMUL_R2,50000,0.000022528,2219460227.273,0
opencl-kernel,NVIDIA A100-SXM4-40GB,GPU,w8,rsa256(composite),256,MODMUL_R2,50000,0.000133958,373250817.421,0
opencl-e2e,NVIDIA A100-SXM4-40GB,GPU,w8,rsa256(composite),256,MODMUL_R2,50000,0.000715340,69896830.126,0
opencl-kernel,NVIDIA A100-SXM4-40GB,GPU,w16,rsa256(composite),256,MODMUL_R2,50000,0.000043360,1153135181.228,0
opencl-e2e,NVIDIA A100-SXM4-40GB,GPU,w16,rsa256(composite),256,MODMUL_R2,50000,0.000607192,82346269.101,0
opencl-kernel,NVIDIA A100-SXM4-40GB,GPU,w32-opt,rsa256(composite),256,MODMUL_R2,50000,0.000033230,1504661963.818,0
opencl-e2e,NVIDIA A100-SXM4-40GB,GPU,w32-opt,rsa256(composite),256,MODMUL_R2,50000,0.000598872,83490348.792,0
opencl-kernel,NVIDIA A100-SXM4-40GB,GPU,w32-o64,rsa256(composite),256,MODMUL_R2,50000,0.000027609,1810999871.816,0
opencl-e2e,NVIDIA A100-SXM4-40GB,GPU,w32-o64,rsa256(composite),256,MODMUL_R2,50000,0.000503723,99260894.654,0
opencl-kernel,NVIDIA A100-SXM4-40GB,GPU,w32-il,rsa256(composite),256,MODMUL_R2,50000,0.000032520,1537519078.985,0
opencl-e2e,NVIDIA A100-SXM4-40GB,GPU,w32-il,rsa256(composite),256,MODMUL_R2,50000,0.000710100,70412624.334,0
opencl-kernel,NVIDIA A100-SXM4-40GB,GPU,w32-il64,rsa256(composite),256,MODMUL_R2,50000,0.000025210,1983342243.895,0
opencl-e2e,NVIDIA A100-SXM4-40GB,GPU,w32-il64,rsa256(composite),256,MODMUL_R2,50000,0.000666450,75024355.519,0
library,AMD EPYC 7532 32-Core Processor,host-cpu,gmp-1t,brainpoolP512r1,512,ADD,25000,0.000655670,38128926.075,0
library,NVIDIA A100-SXM4-40GB,gpu,cgbn,brainpoolP512r1,512,ADD,50000,0.000011264,4438920454.545,0
opencl-kernel,NVIDIA A100-SXM4-40GB,GPU,w8,brainpoolP512r1,512,ADD,50000,0.000083009,602342533.701,0
opencl-e2e,NVIDIA A100-SXM4-40GB,GPU,w8,brainpoolP512r1,512,ADD,50000,0.001092814,45753444.009,0
opencl-kernel,NVIDIA A100-SXM4-40GB,GPU,w16,brainpoolP512r1,512,ADD,50000,0.000047329,1056437379.720,0
opencl-e2e,NVIDIA A100-SXM4-40GB,GPU,w16,brainpoolP512r1,512,ADD,50000,0.001064985,46949015.451,0
opencl-kernel,NVIDIA A100-SXM4-40GB,GPU,w32,brainpoolP512r1,512,ADD,50000,0.000036619,1365423617.081,0
opencl-e2e,NVIDIA A100-SXM4-40GB,GPU,w32,brainpoolP512r1,512,ADD,50000,0.001329500,37608116.900,0
opencl-kernel,NVIDIA A100-SXM4-40GB,GPU,w32-opt,brainpoolP512r1,512,ADD,50000,0.000036619,1365423617.081,0
opencl-e2e,NVIDIA A100-SXM4-40GB,GPU,w32-opt,brainpoolP512r1,512,ADD,50000,0.001162923,42995110.192,0
opencl-kernel,NVIDIA A100-SXM4-40GB,GPU,w32-o64,brainpoolP512r1,512,ADD,50000,0.000037379,1337646004.161,0
opencl-e2e,NVIDIA A100-SXM4-40GB,GPU,w32-o64,brainpoolP512r1,512,ADD,50000,0.000939876,53198489.672,0
opencl-kernel,NVIDIA A100-SXM4-40GB,GPU,w32-il,brainpoolP512r1,512,ADD,50000,0.000025650,1949316166.512,0
opencl-e2e,NVIDIA A100-SXM4-40GB,GPU,w32-il,brainpoolP512r1,512,ADD,50000,0.001113273,44912624.109,0
opencl-kernel,NVIDIA A100-SXM4-40GB,GPU,w32-il64,brainpoolP512r1,512,ADD,50000,0.000024960,2003212298.278,0
opencl-e2e,NVIDIA A100-SXM4-40GB,GPU,w32-il64,brainpoolP512r1,512,ADD,50000,0.001082465,46190887.539,0
library,AMD EPYC 7532 32-Core Processor,host-cpu,gmp-1t,brainpoolP512r1,512,SUBTRACT,25000,0.000512903,48742151.217,0
library,NVIDIA A100-SXM4-40GB,gpu,cgbn,brainpoolP512r1,512,SUBTRACT,50000,0.000011264,4438920454.545,0
opencl-kernel,NVIDIA A100-SXM4-40GB,GPU,w8,brainpoolP512r1,512,SUBTRACT,50000,0.000081269,615243735.210,0
opencl-e2e,NVIDIA A100-SXM4-40GB,GPU,w8,brainpoolP512r1,512,SUBTRACT,50000,0.001059874,47175420.705,0
opencl-kernel,NVIDIA A100-SXM4-40GB,GPU,w16,brainpoolP512r1,512,SUBTRACT,50000,0.000046989,1064079977.802,0
opencl-e2e,NVIDIA A100-SXM4-40GB,GPU,w16,brainpoolP512r1,512,SUBTRACT,50000,0.001053475,47461978.146,0
opencl-kernel,NVIDIA A100-SXM4-40GB,GPU,w32,brainpoolP512r1,512,SUBTRACT,50000,0.000036089,1385455444.446,0
opencl-e2e,NVIDIA A100-SXM4-40GB,GPU,w32,brainpoolP512r1,512,SUBTRACT,50000,0.001420579,35196918.185,0
opencl-kernel,NVIDIA A100-SXM4-40GB,GPU,w32-opt,brainpoolP512r1,512,SUBTRACT,50000,0.000037219,1343403135.361,0
opencl-e2e,NVIDIA A100-SXM4-40GB,GPU,w32-opt,brainpoolP512r1,512,SUBTRACT,50000,0.001159863,43108536.539,0
opencl-kernel,NVIDIA A100-SXM4-40GB,GPU,w32-o64,brainpoolP512r1,512,SUBTRACT,50000,0.000037070,1348803276.094,0
opencl-e2e,NVIDIA A100-SXM4-40GB,GPU,w32-o64,brainpoolP512r1,512,SUBTRACT,50000,0.000919146,54398322.062,0
opencl-kernel,NVIDIA A100-SXM4-40GB,GPU,w32-il,brainpoolP512r1,512,SUBTRACT,50000,0.000025709,1944832139.105,0
opencl-e2e,NVIDIA A100-SXM4-40GB,GPU,w32-il,brainpoolP512r1,512,SUBTRACT,50000,0.001103693,45302465.570,0
opencl-kernel,NVIDIA A100-SXM4-40GB,GPU,w32-il64,brainpoolP512r1,512,SUBTRACT,50000,0.000025060,1995209276.052,0
opencl-e2e,NVIDIA A100-SXM4-40GB,GPU,w32-il64,brainpoolP512r1,512,SUBTRACT,50000,0.001109884,45049748.055,0
library,AMD EPYC 7532 32-Core Processor,host-cpu,gmp-1t,brainpoolP512r1,512,ADDMOD,25000,0.001740315,14365215.511,0
library,NVIDIA A100-SXM4-40GB,gpu,cgbn,brainpoolP512r1,512,ADDMOD,50000,0.000014336,3487723214.286,0
opencl-kernel,NVIDIA A100-SXM4-40GB,GPU,w8,brainpoolP512r1,512,ADDMOD,50000,0.000106249,470592644.017,0
opencl-e2e,NVIDIA A100-SXM4-40GB,GPU,w8,brainpoolP512r1,512,ADDMOD,50000,0.001102163,45365341.080,0
opencl-kernel,NVIDIA A100-SXM4-40GB,GPU,w16,brainpoolP512r1,512,ADDMOD,50000,0.000061129,817939442.692,0
opencl-e2e,NVIDIA A100-SXM4-40GB,GPU,w16,brainpoolP512r1,512,ADDMOD,50000,0.001087505,45976784.448,0
opencl-kernel,NVIDIA A100-SXM4-40GB,GPU,w32,brainpoolP512r1,512,ADDMOD,50000,0.000042510,1176187779.603,0
opencl-e2e,NVIDIA A100-SXM4-40GB,GPU,w32,brainpoolP512r1,512,ADDMOD,50000,0.001430199,34960169.490,0
opencl-kernel,NVIDIA A100-SXM4-40GB,GPU,w32-opt,brainpoolP512r1,512,ADDMOD,50000,0.000047869,1044516259.071,0
opencl-e2e,NVIDIA A100-SXM4-40GB,GPU,w32-opt,brainpoolP512r1,512,ADDMOD,50000,0.001141213,43813035.105,0
opencl-kernel,NVIDIA A100-SXM4-40GB,GPU,w32-o64,brainpoolP512r1,512,ADDMOD,50000,0.000047420,1054404053.656,0
opencl-e2e,NVIDIA A100-SXM4-40GB,GPU,w32-o64,brainpoolP512r1,512,ADDMOD,50000,0.000991205,50443664.462,0
opencl-kernel,NVIDIA A100-SXM4-40GB,GPU,w32-il,brainpoolP512r1,512,ADDMOD,50000,0.000023740,2106160773.622,0
opencl-e2e,NVIDIA A100-SXM4-40GB,GPU,w32-il,brainpoolP512r1,512,ADDMOD,50000,0.001072874,46603802.552,0
opencl-kernel,NVIDIA A100-SXM4-40GB,GPU,w32-il64,brainpoolP512r1,512,ADDMOD,50000,0.000023600,2118669739.542,0
opencl-e2e,NVIDIA A100-SXM4-40GB,GPU,w32-il64,brainpoolP512r1,512,ADDMOD,50000,0.001109894,45049351.138,0
library,AMD EPYC 7532 32-Core Processor,host-cpu,gmp-1t,brainpoolP512r1,512,SUBTRACTMOD,25000,0.001785054,14005179.562,0
library,NVIDIA A100-SXM4-40GB,gpu,cgbn,brainpoolP512r1,512,SUBTRACTMOD,50000,0.000015360,3255208333.333,0
opencl-kernel,NVIDIA A100-SXM4-40GB,GPU,w8,brainpoolP512r1,512,SUBTRACTMOD,50000,0.000123198,405850269.498,0
opencl-e2e,NVIDIA A100-SXM4-40GB,GPU,w8,brainpoolP512r1,512,SUBTRACTMOD,50000,0.001168113,42804087.697,0
opencl-kernel,NVIDIA A100-SXM4-40GB,GPU,w16,brainpoolP512r1,512,SUBTRACTMOD,50000,0.000066469,752230840.473,0
opencl-e2e,NVIDIA A100-SXM4-40GB,GPU,w16,brainpoolP512r1,512,SUBTRACTMOD,50000,0.001087384,45981903.612,0
opencl-kernel,NVIDIA A100-SXM4-40GB,GPU,w32,brainpoolP512r1,512,SUBTRACTMOD,50000,0.000047959,1042558887.670,0
opencl-e2e,NVIDIA A100-SXM4-40GB,GPU,w32,brainpoolP512r1,512,SUBTRACTMOD,50000,0.001385220,36095353.102,0
opencl-kernel,NVIDIA A100-SXM4-40GB,GPU,w32-opt,brainpoolP512r1,512,SUBTRACTMOD,50000,0.000048650,1027750011.007,0
opencl-e2e,NVIDIA A100-SXM4-40GB,GPU,w32-opt,brainpoolP512r1,512,SUBTRACTMOD,50000,0.000907866,55074189.743,0
opencl-kernel,NVIDIA A100-SXM4-40GB,GPU,w32-o64,brainpoolP512r1,512,SUBTRACTMOD,50000,0.000047589,1050658849.086,0
opencl-e2e,NVIDIA A100-SXM4-40GB,GPU,w32-o64,brainpoolP512r1,512,SUBTRACTMOD,50000,0.000947116,52791821.102,0
opencl-kernel,NVIDIA A100-SXM4-40GB,GPU,w32-il,brainpoolP512r1,512,SUBTRACTMOD,50000,0.000023710,2108849524.707,0
opencl-e2e,NVIDIA A100-SXM4-40GB,GPU,w32-il,brainpoolP512r1,512,SUBTRACTMOD,50000,0.001105644,45222501.625,0
opencl-kernel,NVIDIA A100-SXM4-40GB,GPU,w32-il64,brainpoolP512r1,512,SUBTRACTMOD,50000,0.000023340,2142256542.037,0
opencl-e2e,NVIDIA A100-SXM4-40GB,GPU,w32-il64,brainpoolP512r1,512,SUBTRACTMOD,50000,0.001075734,46479895.382,0
library,AMD EPYC 7532 32-Core Processor,host-cpu,gmp-1t,brainpoolP512r1,512,MULTIPLYOPERANDSCANNING,25000,0.001803334,13863212.132,0
opencl-kernel,NVIDIA A100-SXM4-40GB,GPU,w8,brainpoolP512r1,512,MULTIPLYOPERANDSCANNING,50000,0.008867219,5638746.431,0
opencl-e2e,NVIDIA A100-SXM4-40GB,GPU,w8,brainpoolP512r1,512,MULTIPLYOPERANDSCANNING,50000,0.010494985,4764180.156,0
opencl-kernel,NVIDIA A100-SXM4-40GB,GPU,w16,brainpoolP512r1,512,MULTIPLYOPERANDSCANNING,50000,0.001810244,27620588.717,0
opencl-e2e,NVIDIA A100-SXM4-40GB,GPU,w16,brainpoolP512r1,512,MULTIPLYOPERANDSCANNING,50000,0.003112476,16064381.655,0
opencl-kernel,NVIDIA A100-SXM4-40GB,GPU,w32,brainpoolP512r1,512,MULTIPLYOPERANDSCANNING,50000,0.000609401,82047824.140,0
opencl-e2e,NVIDIA A100-SXM4-40GB,GPU,w32,brainpoolP512r1,512,MULTIPLYOPERANDSCANNING,50000,0.002241997,22301545.865,0
opencl-kernel,NVIDIA A100-SXM4-40GB,GPU,w32-opt,brainpoolP512r1,512,MULTIPLYOPERANDSCANNING,50000,0.000116048,430856512.754,0
opencl-e2e,NVIDIA A100-SXM4-40GB,GPU,w32-opt,brainpoolP512r1,512,MULTIPLYOPERANDSCANNING,50000,0.001213543,41201667.496,0
opencl-kernel,NVIDIA A100-SXM4-40GB,GPU,w32-o64,brainpoolP512r1,512,MULTIPLYOPERANDSCANNING,50000,0.000117709,424776611.889,0
opencl-e2e,NVIDIA A100-SXM4-40GB,GPU,w32-o64,brainpoolP512r1,512,MULTIPLYOPERANDSCANNING,50000,0.001308610,38208488.594,0
opencl-kernel,NVIDIA A100-SXM4-40GB,GPU,w32-il,brainpoolP512r1,512,MULTIPLYOPERANDSCANNING,50000,0.000059179,844893870.293,0
opencl-e2e,NVIDIA A100-SXM4-40GB,GPU,w32-il,brainpoolP512r1,512,MULTIPLYOPERANDSCANNING,50000,0.001351340,37000305.102,0
opencl-kernel,NVIDIA A100-SXM4-40GB,GPU,w32-il64,brainpoolP512r1,512,MULTIPLYOPERANDSCANNING,50000,0.000058590,853388404.161,0
opencl-e2e,NVIDIA A100-SXM4-40GB,GPU,w32-il64,brainpoolP512r1,512,MULTIPLYOPERANDSCANNING,50000,0.001451919,34437186.222,0
library,AMD EPYC 7532 32-Core Processor,host-cpu,gmp-1t,brainpoolP512r1,512,MULTIPLYPRODUCTSCANNING,25000,0.001800744,13883151.576,0
library,NVIDIA A100-SXM4-40GB,gpu,cgbn,brainpoolP512r1,512,MULTIPLYPRODUCTSCANNING,50000,0.000015360,3255208333.333,0
opencl-kernel,NVIDIA A100-SXM4-40GB,GPU,w8,brainpoolP512r1,512,MULTIPLYPRODUCTSCANNING,50000,0.002046060,24437213.215,0
opencl-e2e,NVIDIA A100-SXM4-40GB,GPU,w8,brainpoolP512r1,512,MULTIPLYPRODUCTSCANNING,50000,0.003432470,14566770.092,0
opencl-kernel,NVIDIA A100-SXM4-40GB,GPU,w16,brainpoolP512r1,512,MULTIPLYPRODUCTSCANNING,50000,0.000441314,113297966.583,0
opencl-e2e,NVIDIA A100-SXM4-40GB,GPU,w16,brainpoolP512r1,512,MULTIPLYPRODUCTSCANNING,50000,0.001725855,28971142.876,0
opencl-kernel,NVIDIA A100-SXM4-40GB,GPU,w32,brainpoolP512r1,512,MULTIPLYPRODUCTSCANNING,50000,0.000163658,305515054.360,0
opencl-e2e,NVIDIA A100-SXM4-40GB,GPU,w32,brainpoolP512r1,512,MULTIPLYPRODUCTSCANNING,50000,0.001735834,28804598.684,0
opencl-kernel,NVIDIA A100-SXM4-40GB,GPU,w32-opt,brainpoolP512r1,512,MULTIPLYPRODUCTSCANNING,50000,0.000162057,308533202.304,0
opencl-e2e,NVIDIA A100-SXM4-40GB,GPU,w32-opt,brainpoolP512r1,512,MULTIPLYPRODUCTSCANNING,50000,0.001504728,33228594.479,0
opencl-kernel,NVIDIA A100-SXM4-40GB,GPU,w32-o64,brainpoolP512r1,512,MULTIPLYPRODUCTSCANNING,50000,0.000160877,310797100.845,0
opencl-e2e,NVIDIA A100-SXM4-40GB,GPU,w32-o64,brainpoolP512r1,512,MULTIPLYPRODUCTSCANNING,50000,0.001355820,36878055.201,0
opencl-kernel,NVIDIA A100-SXM4-40GB,GPU,w32-il,brainpoolP512r1,512,MULTIPLYPRODUCTSCANNING,50000,0.000104598,478021664.841,0
opencl-e2e,NVIDIA A100-SXM4-40GB,GPU,w32-il,brainpoolP512r1,512,MULTIPLYPRODUCTSCANNING,50000,0.001530977,32658884.562,0
opencl-kernel,NVIDIA A100-SXM4-40GB,GPU,w32-il64,brainpoolP512r1,512,MULTIPLYPRODUCTSCANNING,50000,0.000096358,518898850.319,0
opencl-e2e,NVIDIA A100-SXM4-40GB,GPU,w32-il64,brainpoolP512r1,512,MULTIPLYPRODUCTSCANNING,50000,0.001529778,32684483.405,0
library,AMD EPYC 7532 32-Core Processor,host-cpu,gmp-1t,brainpoolP512r1,512,MONTGOMERYMULTIPLICATION,25000,0.014240160,1755598.237,0
library,NVIDIA A100-SXM4-40GB,gpu,cgbn,brainpoolP512r1,512,MONTGOMERYMULTIPLICATION,50000,0.000019456,2569901315.789,0
opencl-kernel,NVIDIA A100-SXM4-40GB,GPU,w8,brainpoolP512r1,512,MONTGOMERYMULTIPLICATION,50000,0.000505473,98917251.945,0
opencl-e2e,NVIDIA A100-SXM4-40GB,GPU,w8,brainpoolP512r1,512,MONTGOMERYMULTIPLICATION,50000,0.001556617,32120944.511,0
opencl-kernel,NVIDIA A100-SXM4-40GB,GPU,w16,brainpoolP512r1,512,MONTGOMERYMULTIPLICATION,50000,0.000123858,403688139.468,0
opencl-e2e,NVIDIA A100-SXM4-40GB,GPU,w16,brainpoolP512r1,512,MONTGOMERYMULTIPLICATION,50000,0.001199743,41675583.686,0
opencl-kernel,NVIDIA A100-SXM4-40GB,GPU,w32,brainpoolP512r1,512,MONTGOMERYMULTIPLICATION,50000,0.000052339,955311817.931,0
opencl-e2e,NVIDIA A100-SXM4-40GB,GPU,w32,brainpoolP512r1,512,MONTGOMERYMULTIPLICATION,50000,0.001391899,35922138.744,0
opencl-kernel,NVIDIA A100-SXM4-40GB,GPU,w32-opt,brainpoolP512r1,512,MONTGOMERYMULTIPLICATION,50000,0.000062659,797971019.404,0
opencl-e2e,NVIDIA A100-SXM4-40GB,GPU,w32-opt,brainpoolP512r1,512,MONTGOMERYMULTIPLICATION,50000,0.001201652,41609384.746,0
opencl-kernel,NVIDIA A100-SXM4-40GB,GPU,w32-o64,brainpoolP512r1,512,MONTGOMERYMULTIPLICATION,50000,0.000051429,972222364.680,0
opencl-e2e,NVIDIA A100-SXM4-40GB,GPU,w32-o64,brainpoolP512r1,512,MONTGOMERYMULTIPLICATION,50000,0.001004486,49776707.708,0
opencl-kernel,NVIDIA A100-SXM4-40GB,GPU,w32-il,brainpoolP512r1,512,MONTGOMERYMULTIPLICATION,50000,0.000053759,930073387.788,0
opencl-e2e,NVIDIA A100-SXM4-40GB,GPU,w32-il,brainpoolP512r1,512,MONTGOMERYMULTIPLICATION,50000,0.001090384,45855401.348,0
opencl-kernel,NVIDIA A100-SXM4-40GB,GPU,w32-il64,brainpoolP512r1,512,MONTGOMERYMULTIPLICATION,50000,0.000037059,1349193084.037,0
opencl-e2e,NVIDIA A100-SXM4-40GB,GPU,w32-il64,brainpoolP512r1,512,MONTGOMERYMULTIPLICATION,50000,0.001124314,44471560.930,0
library,AMD EPYC 7532 32-Core Processor,host-cpu,gmp-1t,brainpoolP512r1,512,COMPARE,25000,0.000249346,100262371.841,0
library,NVIDIA A100-SXM4-40GB,gpu,cgbn,brainpoolP512r1,512,COMPARE,50000,0.000011264,4438920454.545,0
opencl-kernel,NVIDIA A100-SXM4-40GB,GPU,w8,brainpoolP512r1,512,COMPARE,50000,0.000107089,466901111.440,0
opencl-e2e,NVIDIA A100-SXM4-40GB,GPU,w8,brainpoolP512r1,512,COMPARE,50000,0.001204003,41528131.786,0
opencl-kernel,NVIDIA A100-SXM4-40GB,GPU,w16,brainpoolP512r1,512,COMPARE,50000,0.000059719,837258235.409,0
opencl-e2e,NVIDIA A100-SXM4-40GB,GPU,w16,brainpoolP512r1,512,COMPARE,50000,0.001138633,43912300.854,0
opencl-kernel,NVIDIA A100-SXM4-40GB,GPU,w32-opt,brainpoolP512r1,512,COMPARE,50000,0.000036889,1355409464.901,0
opencl-e2e,NVIDIA A100-SXM4-40GB,GPU,w32-opt,brainpoolP512r1,512,COMPARE,50000,0.001155473,43272328.752,0
opencl-kernel,NVIDIA A100-SXM4-40GB,GPU,w32-o64,brainpoolP512r1,512,COMPARE,50000,0.000037630,1328740392.778,0
opencl-e2e,NVIDIA A100-SXM4-40GB,GPU,w32-o64,brainpoolP512r1,512,COMPARE,50000,0.000990686,50470077.961,0
opencl-kernel,NVIDIA A100-SXM4-40GB,GPU,w32-il,brainpoolP512r1,512,COMPARE,50000,0.000019969,2503886910.897,0
opencl-e2e,NVIDIA A100-SXM4-40GB,GPU,w32-il,brainpoolP512r1,512,COMPARE,50000,0.001028265,48625603.506,0
opencl-kernel,NVIDIA A100-SXM4-40GB,GPU,w32-il64,brainpoolP512r1,512,COMPARE,50000,0.000018950,2638575278.911,0
opencl-e2e,NVIDIA A100-SXM4-40GB,GPU,w32-il64,brainpoolP512r1,512,COMPARE,50000,0.001054134,47432310.937,0
library,AMD EPYC 7532 32-Core Processor,host-cpu,gmp-1t,brainpoolP512r1,512,REDUCE,3125,0.000158928,19663008.248,0
library,NVIDIA A100-SXM4-40GB,gpu,cgbn,brainpoolP512r1,512,REDUCE,50000,0.000032768,1525878906.250,0
opencl-kernel,NVIDIA A100-SXM4-40GB,GPU,w8,brainpoolP512r1,512,REDUCE,50000,0.000744809,67131311.032,0
opencl-e2e,NVIDIA A100-SXM4-40GB,GPU,w8,brainpoolP512r1,512,REDUCE,50000,0.001812053,27593013.229,0
opencl-kernel,NVIDIA A100-SXM4-40GB,GPU,w16,brainpoolP512r1,512,REDUCE,50000,0.000596862,83771483.229,0
opencl-e2e,NVIDIA A100-SXM4-40GB,GPU,w16,brainpoolP512r1,512,REDUCE,50000,0.001681576,29734011.122,0
opencl-kernel,NVIDIA A100-SXM4-40GB,GPU,w32-opt,brainpoolP512r1,512,REDUCE,50000,0.000158328,315799917.061,0
opencl-e2e,NVIDIA A100-SXM4-40GB,GPU,w32-opt,brainpoolP512r1,512,REDUCE,50000,0.001276301,39175719.224,0
opencl-kernel,NVIDIA A100-SXM4-40GB,GPU,w32-o64,brainpoolP512r1,512,REDUCE,50000,0.000159447,313583664.029,0
opencl-e2e,NVIDIA A100-SXM4-40GB,GPU,w32-o64,brainpoolP512r1,512,REDUCE,50000,0.001109554,45063152.854,0
opencl-kernel,NVIDIA A100-SXM4-40GB,GPU,w32-il,brainpoolP512r1,512,REDUCE,50000,0.000204637,244335430.785,0
opencl-e2e,NVIDIA A100-SXM4-40GB,GPU,w32-il,brainpoolP512r1,512,REDUCE,50000,0.001284851,38915025.391,0
opencl-kernel,NVIDIA A100-SXM4-40GB,GPU,w32-il64,brainpoolP512r1,512,REDUCE,50000,0.000193127,258897041.740,0
opencl-e2e,NVIDIA A100-SXM4-40GB,GPU,w32-il64,brainpoolP512r1,512,REDUCE,50000,0.001280681,39041735.761,0
library,AMD EPYC 7532 32-Core Processor,host-cpu,gmp-1t,brainpoolP512r1,512,MODMUL,1562,0.000431473,3620157.826,0
library,NVIDIA A100-SXM4-40GB,gpu,cgbn,brainpoolP512r1,512,MODMUL,50000,0.000185344,269768646.409,0
opencl-kernel,NVIDIA A100-SXM4-40GB,GPU,w8,brainpoolP512r1,512,MODMUL,50000,0.002169818,23043405.716,0
opencl-e2e,NVIDIA A100-SXM4-40GB,GPU,w8,brainpoolP512r1,512,MODMUL,50000,0.003218212,15536578.905,0
opencl-kernel,NVIDIA A100-SXM4-40GB,GPU,w16,brainpoolP512r1,512,MODMUL,50000,0.001513329,33039734.880,0
opencl-e2e,NVIDIA A100-SXM4-40GB,GPU,w16,brainpoolP512r1,512,MODMUL,50000,0.002531225,19753282.593,0
opencl-kernel,NVIDIA A100-SXM4-40GB,GPU,w32-opt,brainpoolP512r1,512,MODMUL,50000,0.000581392,86000482.487,0
opencl-e2e,NVIDIA A100-SXM4-40GB,GPU,w32-opt,brainpoolP512r1,512,MODMUL,50000,0.001440839,34702005.638,0
opencl-kernel,NVIDIA A100-SXM4-40GB,GPU,w32-o64,brainpoolP512r1,512,MODMUL,50000,0.000471973,105938294.753,0
opencl-e2e,NVIDIA A100-SXM4-40GB,GPU,w32-o64,brainpoolP512r1,512,MODMUL,50000,0.001419879,35214267.503,0
opencl-kernel,NVIDIA A100-SXM4-40GB,GPU,w32-il,brainpoolP512r1,512,MODMUL,50000,0.000730939,68405185.009,0
opencl-e2e,NVIDIA A100-SXM4-40GB,GPU,w32-il,brainpoolP512r1,512,MODMUL,50000,0.001858702,26900493.946,0
opencl-kernel,NVIDIA A100-SXM4-40GB,GPU,w32-il64,brainpoolP512r1,512,MODMUL,50000,0.000586661,85228089.487,0
opencl-e2e,NVIDIA A100-SXM4-40GB,GPU,w32-il64,brainpoolP512r1,512,MODMUL,50000,0.001667806,29979506.956,0
library,AMD EPYC 7532 32-Core Processor,host-cpu,gmp-1t,brainpoolP512r1,512,MODEXP,390,0.028372601,13745.656,0
library,NVIDIA A100-SXM4-40GB,gpu,cgbn,brainpoolP512r1,512,MODEXP,50000,0.044518400,1123131.110,0
opencl-kernel,NVIDIA A100-SXM4-40GB,GPU,w8,brainpoolP512r1,512,MODEXP,50000,0.349355672,143120.619,0
opencl-e2e,NVIDIA A100-SXM4-40GB,GPU,w8,brainpoolP512r1,512,MODEXP,50000,0.350430696,142681.565,0
opencl-kernel,NVIDIA A100-SXM4-40GB,GPU,w16,brainpoolP512r1,512,MODEXP,50000,0.032432582,1541659.546,0
opencl-e2e,NVIDIA A100-SXM4-40GB,GPU,w16,brainpoolP512r1,512,MODEXP,50000,0.033464846,1494105.178,0
opencl-kernel,NVIDIA A100-SXM4-40GB,GPU,w32-opt,brainpoolP512r1,512,MODEXP,50000,0.024230296,2063532.382,0
opencl-e2e,NVIDIA A100-SXM4-40GB,GPU,w32-opt,brainpoolP512r1,512,MODEXP,50000,0.025319489,1974763.415,0
opencl-kernel,NVIDIA A100-SXM4-40GB,GPU,w32-o64,brainpoolP512r1,512,MODEXP,50000,0.015517601,3222147.490,0
opencl-e2e,NVIDIA A100-SXM4-40GB,GPU,w32-o64,brainpoolP512r1,512,MODEXP,50000,0.013505851,3702099.209,0
opencl-kernel,NVIDIA A100-SXM4-40GB,GPU,w32-il,brainpoolP512r1,512,MODEXP,50000,0.026059783,1918665.243,0
opencl-e2e,NVIDIA A100-SXM4-40GB,GPU,w32-il,brainpoolP512r1,512,MODEXP,50000,0.027236936,1835742.454,0
opencl-kernel,NVIDIA A100-SXM4-40GB,GPU,w32-il64,brainpoolP512r1,512,MODEXP,50000,0.015793600,3165839.303,0
opencl-e2e,NVIDIA A100-SXM4-40GB,GPU,w32-il64,brainpoolP512r1,512,MODEXP,50000,0.013713241,3646111.060,0
library,AMD EPYC 7532 32-Core Processor,host-cpu,gmp-1t,brainpoolP512r1,512,EXPONENTIATION,390,0.006457645,60393.534,0
opencl-kernel,NVIDIA A100-SXM4-40GB,GPU,w8,brainpoolP512r1,512,EXPONENTIATION,50000,0.290177526,172308.313,0
opencl-e2e,NVIDIA A100-SXM4-40GB,GPU,w8,brainpoolP512r1,512,EXPONENTIATION,50000,0.290976285,171835.310,0
opencl-kernel,NVIDIA A100-SXM4-40GB,GPU,w16,brainpoolP512r1,512,EXPONENTIATION,50000,0.068283654,732239.668,0
opencl-e2e,NVIDIA A100-SXM4-40GB,GPU,w16,brainpoolP512r1,512,EXPONENTIATION,50000,0.069548776,718919.914,0
opencl-kernel,NVIDIA A100-SXM4-40GB,GPU,w32-opt,brainpoolP512r1,512,EXPONENTIATION,50000,0.023688453,2110733.042,0
opencl-e2e,NVIDIA A100-SXM4-40GB,GPU,w32-opt,brainpoolP512r1,512,EXPONENTIATION,50000,0.024839796,2012899.006,0
opencl-kernel,NVIDIA A100-SXM4-40GB,GPU,w32-o64,brainpoolP512r1,512,EXPONENTIATION,50000,0.023311245,2144887.605,0
opencl-e2e,NVIDIA A100-SXM4-40GB,GPU,w32-o64,brainpoolP512r1,512,EXPONENTIATION,50000,0.024312301,2056572.097,0
opencl-kernel,NVIDIA A100-SXM4-40GB,GPU,w32-il,brainpoolP512r1,512,EXPONENTIATION,50000,0.019970024,2503752.624,0
opencl-e2e,NVIDIA A100-SXM4-40GB,GPU,w32-il,brainpoolP512r1,512,EXPONENTIATION,50000,0.021186816,2359958.188,0
opencl-kernel,NVIDIA A100-SXM4-40GB,GPU,w32-il64,brainpoolP512r1,512,EXPONENTIATION,50000,0.019659574,2543290.085,0
opencl-e2e,NVIDIA A100-SXM4-40GB,GPU,w32-il64,brainpoolP512r1,512,EXPONENTIATION,50000,0.020869406,2395851.619,0
library,AMD EPYC 7532 32-Core Processor,host-cpu,gmp-1t,brainpoolP512r1,512,DIVIDE,3125,0.000223636,13973618.960,0
library,NVIDIA A100-SXM4-40GB,gpu,cgbn,brainpoolP512r1,512,DIVIDE,50000,0.000045056,1109730113.636,0
opencl-kernel,NVIDIA A100-SXM4-40GB,GPU,w8,brainpoolP512r1,512,DIVIDE,50000,0.001527687,32729215.959,0
opencl-e2e,NVIDIA A100-SXM4-40GB,GPU,w8,brainpoolP512r1,512,DIVIDE,50000,0.002904257,17216108.404,0
opencl-kernel,NVIDIA A100-SXM4-40GB,GPU,w16,brainpoolP512r1,512,DIVIDE,50000,0.001542438,32416217.561,0
opencl-e2e,NVIDIA A100-SXM4-40GB,GPU,w16,brainpoolP512r1,512,DIVIDE,50000,0.002774621,18020479.880,0
opencl-kernel,NVIDIA A100-SXM4-40GB,GPU,w32-opt,brainpoolP512r1,512,DIVIDE,50000,0.000512992,97467400.843,0
opencl-e2e,NVIDIA A100-SXM4-40GB,GPU,w32-opt,brainpoolP512r1,512,DIVIDE,50000,0.001758215,28437932.505,0
opencl-kernel,NVIDIA A100-SXM4-40GB,GPU,w32-o64,brainpoolP512r1,512,DIVIDE,50000,0.000496122,100781651.452,0
opencl-e2e,NVIDIA A100-SXM4-40GB,GPU,w32-o64,brainpoolP512r1,512,DIVIDE,50000,0.001646326,30370657.041,0
opencl-kernel,NVIDIA A100-SXM4-40GB,GPU,w32-il,brainpoolP512r1,512,DIVIDE,50000,0.000477983,104606197.800,0
opencl-e2e,NVIDIA A100-SXM4-40GB,GPU,w32-il,brainpoolP512r1,512,DIVIDE,50000,0.001871193,26720916.633,0
opencl-kernel,NVIDIA A100-SXM4-40GB,GPU,w32-il64,brainpoolP512r1,512,DIVIDE,50000,0.000494763,101058434.479,0
opencl-e2e,NVIDIA A100-SXM4-40GB,GPU,w32-il64,brainpoolP512r1,512,DIVIDE,50000,0.001972551,25347887.180,0
library,AMD EPYC 7532 32-Core Processor,host-cpu,gmp-1t,brainpoolP512r1,512,ISQRT,781,0.000187127,4173637.879,0
opencl-kernel,NVIDIA A100-SXM4-40GB,GPU,w8,brainpoolP512r1,512,ISQRT,50000,0.023561971,2122063.576,0
opencl-e2e,NVIDIA A100-SXM4-40GB,GPU,w8,brainpoolP512r1,512,ISQRT,50000,0.024672445,2026552.301,0
opencl-kernel,NVIDIA A100-SXM4-40GB,GPU,w16,brainpoolP512r1,512,ISQRT,50000,0.023904952,2091616.855,0
opencl-e2e,NVIDIA A100-SXM4-40GB,GPU,w16,brainpoolP512r1,512,ISQRT,50000,0.024959367,2003255.951,0
opencl-kernel,NVIDIA A100-SXM4-40GB,GPU,w32-opt,brainpoolP512r1,512,ISQRT,50000,0.004760821,10502390.494,0
opencl-e2e,NVIDIA A100-SXM4-40GB,GPU,w32-opt,brainpoolP512r1,512,ISQRT,50000,0.005826035,8582166.015,0
opencl-kernel,NVIDIA A100-SXM4-40GB,GPU,w32-o64,brainpoolP512r1,512,ISQRT,50000,0.004450875,11233746.505,0
opencl-e2e,NVIDIA A100-SXM4-40GB,GPU,w32-o64,brainpoolP512r1,512,ISQRT,50000,0.005427310,9212667.426,0
opencl-kernel,NVIDIA A100-SXM4-40GB,GPU,w32-il,brainpoolP512r1,512,ISQRT,50000,0.005595557,8935661.036,0
opencl-e2e,NVIDIA A100-SXM4-40GB,GPU,w32-il,brainpoolP512r1,512,ISQRT,50000,0.006756149,7400665.931,0
opencl-kernel,NVIDIA A100-SXM4-40GB,GPU,w32-il64,brainpoolP512r1,512,ISQRT,50000,0.005329402,9381915.357,0
opencl-e2e,NVIDIA A100-SXM4-40GB,GPU,w32-il64,brainpoolP512r1,512,ISQRT,50000,0.006537245,7648481.750,0
library,AMD EPYC 7532 32-Core Processor,host-cpu,gmp-1t,brainpoolP512r1,512,MODMUL_R2,25000,0.006978627,3582366.409,0
library,NVIDIA A100-SXM4-40GB,gpu,cgbn,brainpoolP512r1,512,MODMUL_R2,50000,0.000030720,1627604166.667,0
opencl-kernel,NVIDIA A100-SXM4-40GB,GPU,w8,brainpoolP512r1,512,MODMUL_R2,50000,0.000587941,85042525.467,0
opencl-e2e,NVIDIA A100-SXM4-40GB,GPU,w8,brainpoolP512r1,512,MODMUL_R2,50000,0.001626276,30745089.811,0
opencl-kernel,NVIDIA A100-SXM4-40GB,GPU,w16,brainpoolP512r1,512,MODMUL_R2,50000,0.000121278,412275171.151,0
opencl-e2e,NVIDIA A100-SXM4-40GB,GPU,w16,brainpoolP512r1,512,MODMUL_R2,50000,0.001017996,49116123.705,0
opencl-kernel,NVIDIA A100-SXM4-40GB,GPU,w32-opt,brainpoolP512r1,512,MODMUL_R2,50000,0.000075689,660597525.547,0
opencl-e2e,NVIDIA A100-SXM4-40GB,GPU,w32-opt,brainpoolP512r1,512,MODMUL_R2,50000,0.001097284,45567063.303,0
opencl-kernel,NVIDIA A100-SXM4-40GB,GPU,w32-o64,brainpoolP512r1,512,MODMUL_R2,50000,0.000051869,963965439.724,0
opencl-e2e,NVIDIA A100-SXM4-40GB,GPU,w32-o64,brainpoolP512r1,512,MODMUL_R2,50000,0.000927087,53932375.644,0
opencl-kernel,NVIDIA A100-SXM4-40GB,GPU,w32-il,brainpoolP512r1,512,MODMUL_R2,50000,0.000071769,696678512.617,0
opencl-e2e,NVIDIA A100-SXM4-40GB,GPU,w32-il,brainpoolP512r1,512,MODMUL_R2,50000,0.001125613,44420231.372,0
opencl-kernel,NVIDIA A100-SXM4-40GB,GPU,w32-il64,brainpoolP512r1,512,MODMUL_R2,50000,0.000046749,1069538537.547,0
opencl-e2e,NVIDIA A100-SXM4-40GB,GPU,w32-il64,brainpoolP512r1,512,MODMUL_R2,50000,0.001225072,40813929.031,0
library,AMD EPYC 7532 32-Core Processor,host-cpu,gmp-1t,p1024,1024,ADD,12500,0.000385625,32414886.659,0
library,NVIDIA A100-SXM4-40GB,gpu,cgbn,p1024,1024,ADD,50000,0.000016384,3051757812.500,0
opencl-kernel,NVIDIA A100-SXM4-40GB,GPU,w8,p1024,1024,ADD,50000,0.000264646,188931615.296,0
opencl-e2e,NVIDIA A100-SXM4-40GB,GPU,w8,p1024,1024,ADD,50000,0.002210297,22621392.722,0
opencl-kernel,NVIDIA A100-SXM4-40GB,GPU,w16,p1024,1024,ADD,50000,0.000135888,367950401.793,0
opencl-e2e,NVIDIA A100-SXM4-40GB,GPU,w16,p1024,1024,ADD,50000,0.001968592,25398864.535,0
opencl-kernel,NVIDIA A100-SXM4-40GB,GPU,w32,p1024,1024,ADD,50000,0.000088528,564794344.386,0
opencl-e2e,NVIDIA A100-SXM4-40GB,GPU,w32,p1024,1024,ADD,50000,0.001864823,26812195.440,0
opencl-kernel,NVIDIA A100-SXM4-40GB,GPU,w32-opt,p1024,1024,ADD,50000,0.000064589,774124627.985,0
opencl-e2e,NVIDIA A100-SXM4-40GB,GPU,w32-opt,p1024,1024,ADD,50000,0.001877282,26634253.635,0
opencl-kernel,NVIDIA A100-SXM4-40GB,GPU,w32-o64,p1024,1024,ADD,50000,0.000065009,769122977.522,0
opencl-e2e,NVIDIA A100-SXM4-40GB,GPU,w32-o64,p1024,1024,ADD,50000,0.001824523,27404425.118,0
opencl-kernel,NVIDIA A100-SXM4-40GB,GPU,w32-il,p1024,1024,ADD,50000,0.000029630,1687477328.304,0
opencl-e2e,NVIDIA A100-SXM4-40GB,GPU,w32-il,p1024,1024,ADD,50000,0.002187408,22858103.773,0
opencl-kernel,NVIDIA A100-SXM4-40GB,GPU,w32-il64,p1024,1024,ADD,50000,0.000032829,1523059651.910,0
opencl-e2e,NVIDIA A100-SXM4-40GB,GPU,w32-il64,p1024,1024,ADD,50000,0.002346326,21309910.558,0
library,AMD EPYC 7532 32-Core Processor,host-cpu,gmp-1t,p1024,1024,SUBTRACT,12500,0.000307175,40693433.669,0
library,NVIDIA A100-SXM4-40GB,gpu,cgbn,p1024,1024,SUBTRACT,50000,0.000016384,3051757812.500,0
opencl-kernel,NVIDIA A100-SXM4-40GB,GPU,w8,p1024,1024,SUBTRACT,50000,0.000264006,189389490.765,0
opencl-e2e,NVIDIA A100-SXM4-40GB,GPU,w8,p1024,1024,SUBTRACT,50000,0.002239866,22322762.135,0
opencl-kernel,NVIDIA A100-SXM4-40GB,GPU,w16,p1024,1024,SUBTRACT,50000,0.000136308,366816579.723,0
opencl-e2e,NVIDIA A100-SXM4-40GB,GPU,w16,p1024,1024,SUBTRACT,50000,0.001658247,30152326.191,0
opencl-kernel,NVIDIA A100-SXM4-40GB,GPU,w32,p1024,1024,SUBTRACT,50000,0.000088588,564408397.725,0
opencl-e2e,NVIDIA A100-SXM4-40GB,GPU,w32,p1024,1024,SUBTRACT,50000,0.001906952,26219847.532,0
opencl-kernel,NVIDIA A100-SXM4-40GB,GPU,w32-opt,p1024,1024,SUBTRACT,50000,0.000063679,785191719.135,0
opencl-e2e,NVIDIA A100-SXM4-40GB,GPU,w32-opt,p1024,1024,SUBTRACT,50000,0.001834413,27256675.023,0
opencl-kernel,NVIDIA A100-SXM4-40GB,GPU,w32-o64,p1024,1024,SUBTRACT,50000,0.000064809,771499269.989,0
opencl-e2e,NVIDIA A100-SXM4-40GB,GPU,w32-o64,p1024,1024,SUBTRACT,50000,0.001790283,27928548.773,0
opencl-kernel,NVIDIA A100-SXM4-40GB,GPU,w32-il,p1024,1024,SUBTRACT,50000,0.000030209,1655144395.974,0
opencl-e2e,NVIDIA A100-SXM4-40GB,GPU,w32-il,p1024,1024,SUBTRACT,50000,0.002188007,22851847.688,0
opencl-kernel,NVIDIA A100-SXM4-40GB,GPU,w32-il64,p1024,1024,SUBTRACT,50000,0.000030000,1666653975.941,0
opencl-e2e,NVIDIA A100-SXM4-40GB,GPU,w32-il64,p1024,1024,SUBTRACT,50000,0.002096939,23844275.520,0
library,AMD EPYC 7532 32-Core Processor,host-cpu,gmp-1t,p1024,1024,ADDMOD,12500,0.001153213,10839277.095,0
library,NVIDIA A100-SXM4-40GB,gpu,cgbn,p1024,1024,ADDMOD,50000,0.000018432,2712673611.111,0
opencl-kernel,NVIDIA A100-SXM4-40GB,GPU,w8,p1024,1024,ADDMOD,50000,0.000470313,106312124.278,0
opencl-e2e,NVIDIA A100-SXM4-40GB,GPU,w8,p1024,1024,ADDMOD,50000,0.002483503,20132852.979,0
opencl-kernel,NVIDIA A100-SXM4-40GB,GPU,w16,p1024,1024,ADDMOD,50000,0.000188727,264933041.195,0
opencl-e2e,NVIDIA A100-SXM4-40GB,GPU,w16,p1024,1024,ADDMOD,50000,0.001960012,25510046.200,0
opencl-kernel,NVIDIA A100-SXM4-40GB,GPU,w32,p1024,1024,ADDMOD,50000,0.000119948,416847897.013,0
opencl-e2e,NVIDIA A100-SXM4-40GB,GPU,w32,p1024,1024,ADDMOD,50000,0.001942581,25738952.039,0
opencl-kernel,NVIDIA A100-SXM4-40GB,GPU,w32-opt,p1024,1024,ADDMOD,50000,0.000087288,572818112.660,0
opencl-e2e,NVIDIA A100-SXM4-40GB,GPU,w32-opt,p1024,1024,ADDMOD,50000,0.001846643,27076163.691,0
opencl-kernel,NVIDIA A100-SXM4-40GB,GPU,w32-o64,p1024,1024,ADDMOD,50000,0.000087889,568899980.926,0
opencl-e2e,NVIDIA A100-SXM4-40GB,GPU,w32-o64,p1024,1024,ADDMOD,50000,0.001805753,27689280.047,0
opencl-kernel,NVIDIA A100-SXM4-40GB,GPU,w32-il,p1024,1024,ADDMOD,50000,0.000027360,1827490126.798,0
opencl-e2e,NVIDIA A100-SXM4-40GB,GPU,w32-il,p1024,1024,ADDMOD,50000,0.002209957,22624877.082,0
opencl-kernel,NVIDIA A100-SXM4-40GB,GPU,w32-il64,p1024,1024,ADDMOD,50000,0.000027149,1841689520.085,0
opencl-e2e,NVIDIA A100-SXM4-40GB,GPU,w32-il64,p1024,1024,ADDMOD,50000,0.002111169,23683560.605,0
library,AMD EPYC 7532 32-Core Processor,host-cpu,gmp-1t,p1024,1024,SUBTRACTMOD,12500,0.001011185,12361735.443,0
library,NVIDIA A100-SXM4-40GB,gpu,cgbn,p1024,1024,SUBTRACTMOD,50000,0.000019456,2569901315.789,0
opencl-kernel,NVIDIA A100-SXM4-40GB,GPU,w8,p1024,1024,SUBTRACTMOD,50000,0.000464993,107528485.777,0
opencl-e2e,NVIDIA A100-SXM4-40GB,GPU,w8,p1024,1024,SUBTRACTMOD,50000,0.002505043,19959736.773,0
opencl-kernel,NVIDIA A100-SXM4-40GB,GPU,w16,p1024,1024,SUBTRACTMOD,50000,0.000189607,263703300.277,0
opencl-e2e,NVIDIA A100-SXM4-40GB,GPU,w16,p1024,1024,SUBTRACTMOD,50000,0.001937023,25812807.914,0
opencl-kernel,NVIDIA A100-SXM4-40GB,GPU,w32,p1024,1024,SUBTRACTMOD,50000,0.000119618,417996801.595,0
opencl-e2e,NVIDIA A100-SXM4-40GB,GPU,w32,p1024,1024,SUBTRACTMOD,50000,0.001809513,27631748.123,0
opencl-kernel,NVIDIA A100-SXM4-40GB,GPU,w32-opt,p1024,1024,SUBTRACTMOD,50000,0.000087729,569938758.785,0
opencl-e2e,NVIDIA A100-SXM4-40GB,GPU,w32-opt,p1024,1024,SUBTRACTMOD,50000,0.001862542,26845035.499,0
opencl-kernel,NVIDIA A100-SXM4-40GB,GPU,w32-o64,p1024,1024,SUBTRACTMOD,50000,0.000087109,573993972.149,0
opencl-e2e,NVIDIA A100-SXM4-40GB,GPU,w32-o64,p1024,1024,SUBTRACTMOD,50000,0.001867632,26771870.609,0
opencl-kernel,NVIDIA A100-SXM4-40GB,GPU,w32-il,p1024,1024,SUBTRACTMOD,50000,0.000027459,1820888997.422,0
opencl-e2e,NVIDIA A100-SXM4-40GB,GPU,w32-il,p1024,1024,SUBTRACTMOD,50000,0.002088769,23937540.190,0
opencl-kernel,NVIDIA A100-SXM4-40GB,GPU,w32-il64,p1024,1024,SUBTRACTMOD,50000,0.000028140,1776835717.359,0
opencl-e2e,NVIDIA A100-SXM4-40GB,GPU,w32-il64,p1024,1024,SUBTRACTMOD,50000,0.002223707,22484978.643,0
library,AMD EPYC 7532 32-Core Processor,host-cpu,gmp-1t,p1024,1024,MULTIPLYOPERANDSCANNING,12500,0.003164013,3950679.195,0
opencl-kernel,NVIDIA A100-SXM4-40GB,GPU,w8,p1024,1024,MULTIPLYOPERANDSCANNING,50000,0.032942392,1517801.139,0
opencl-e2e,NVIDIA A100-SXM4-40GB,GPU,w8,p1024,1024,MULTIPLYOPERANDSCANNING,50000,0.036287533,1377883.689,0
opencl-kernel,NVIDIA A100-SXM4-40GB,GPU,w16,p1024,1024,MULTIPLYOPERANDSCANNING,50000,0.010571310,4729782.856,0
opencl-e2e,NVIDIA A100-SXM4-40GB,GPU,w16,p1024,1024,MULTIPLYOPERANDSCANNING,50000,0.012806979,3904121.336,0
opencl-kernel,NVIDIA A100-SXM4-40GB,GPU,w32,p1024,1024,MULTIPLYOPERANDSCANNING,50000,0.002907878,17194667.603,0
opencl-e2e,NVIDIA A100-SXM4-40GB,GPU,w32,p1024,1024,MULTIPLYOPERANDSCANNING,50000,0.005100985,9802028.321,0
opencl-kernel,NVIDIA A100-SXM4-40GB,GPU,w32-opt,p1024,1024,MULTIPLYOPERANDSCANNING,50000,0.000271246,184334626.161,0
opencl-e2e,NVIDIA A100-SXM4-40GB,GPU,w32-opt,p1024,1024,MULTIPLYOPERANDSCANNING,50000,0.002566462,19482073.616,0
opencl-kernel,NVIDIA A100-SXM4-40GB,GPU,w32-o64,p1024,1024,MULTIPLYOPERANDSCANNING,50000,0.000273356,182911517.679,0
opencl-e2e,NVIDIA A100-SXM4-40GB,GPU,w32-o64,p1024,1024,MULTIPLYOPERANDSCANNING,50000,0.002457133,20348918.604,0
opencl-kernel,NVIDIA A100-SXM4-40GB,GPU,w32-il,p1024,1024,MULTIPLYOPERANDSCANNING,50000,0.000163627,305573307.986,0
opencl-e2e,NVIDIA A100-SXM4-40GB,GPU,w32-il,p1024,1024,MULTIPLYOPERANDSCANNING,50000,0.003120284,16024182.096,0
opencl-kernel,NVIDIA A100-SXM4-40GB,GPU,w32-il64,p1024,1024,MULTIPLYOPERANDSCANNING,50000,0.000162177,308304641.474,0
opencl-e2e,NVIDIA A100-SXM4-40GB,GPU,w32-il64,p1024,1024,MULTIPLYOPERANDSCANNING,50000,0.003046055,16414672.314,0
library,AMD EPYC 7532 32-Core Processor,host-cpu,gmp-1t,p1024,1024,MULTIPLYPRODUCTSCANNING,12500,0.003162194,3952951.599,0
library,NVIDIA A100-SXM4-40GB,gpu,cgbn,p1024,1024,MULTIPLYPRODUCTSCANNING,50000,0.000035840,1395089285.714,0
opencl-kernel,NVIDIA A100-SXM4-40GB,GPU,w8,p1024,1024,MULTIPLYPRODUCTSCANNING,50000,0.011888214,4205846.255,0
opencl-e2e,NVIDIA A100-SXM4-40GB,GPU,w8,p1024,1024,MULTIPLYPRODUCTSCANNING,50000,0.014902070,3355238.530,0
opencl-kernel,NVIDIA A100-SXM4-40GB,GPU,w16,p1024,1024,MULTIPLYPRODUCTSCANNING,50000,0.003054767,16367860.914,0
opencl-e2e,NVIDIA A100-SXM4-40GB,GPU,w16,p1024,1024,MULTIPLYPRODUCTSCANNING,50000,0.005157587,9694455.731,0
opencl-kernel,NVIDIA A100-SXM4-40GB,GPU,w32,p1024,1024,MULTIPLYPRODUCTSCANNING,50000,0.001016375,49194456.642,0
opencl-e2e,NVIDIA A100-SXM4-40GB,GPU,w32,p1024,1024,MULTIPLYPRODUCTSCANNING,50000,0.003254902,15361447.402,0
opencl-kernel,NVIDIA A100-SXM4-40GB,GPU,w32-opt,p1024,1024,MULTIPLYPRODUCTSCANNING,50000,0.001019755,49031389.187,0
opencl-e2e,NVIDIA A100-SXM4-40GB,GPU,w32-opt,p1024,1024,MULTIPLYPRODUCTSCANNING,50000,0.003246152,15402853.111,0
opencl-kernel,NVIDIA A100-SXM4-40GB,GPU,w32-o64,p1024,1024,MULTIPLYPRODUCTSCANNING,50000,0.001020705,48985756.681,0
opencl-e2e,NVIDIA A100-SXM4-40GB,GPU,w32-o64,p1024,1024,MULTIPLYPRODUCTSCANNING,50000,0.003254472,15363476.128,0
opencl-kernel,NVIDIA A100-SXM4-40GB,GPU,w32-il,p1024,1024,MULTIPLYPRODUCTSCANNING,50000,0.000377434,132473548.147,0
opencl-e2e,NVIDIA A100-SXM4-40GB,GPU,w32-il,p1024,1024,MULTIPLYPRODUCTSCANNING,50000,0.003188922,15679279.362,0
opencl-kernel,NVIDIA A100-SXM4-40GB,GPU,w32-il64,p1024,1024,MULTIPLYPRODUCTSCANNING,50000,0.000351855,142103965.177,0
opencl-e2e,NVIDIA A100-SXM4-40GB,GPU,w32-il64,p1024,1024,MULTIPLYPRODUCTSCANNING,50000,0.003247253,15397631.522,0
library,AMD EPYC 7532 32-Core Processor,host-cpu,gmp-1t,p1024,1024,MONTGOMERYMULTIPLICATION,12500,0.021506542,581218.500,0
library,NVIDIA A100-SXM4-40GB,gpu,cgbn,p1024,1024,MONTGOMERYMULTIPLICATION,50000,0.000052224,957414215.686,0
opencl-kernel,NVIDIA A100-SXM4-40GB,GPU,w8,p1024,1024,MONTGOMERYMULTIPLICATION,50000,0.002102019,23786656.908,0
opencl-e2e,NVIDIA A100-SXM4-40GB,GPU,w8,p1024,1024,MONTGOMERYMULTIPLICATION,50000,0.004331046,11544554.622,0
opencl-kernel,NVIDIA A100-SXM4-40GB,GPU,w16,p1024,1024,MONTGOMERYMULTIPLICATION,50000,0.000411144,121611895.008,0
opencl-e2e,NVIDIA A100-SXM4-40GB,GPU,w16,p1024,1024,MONTGOMERYMULTIPLICATION,50000,0.002204559,22680274.949,0
opencl-kernel,NVIDIA A100-SXM4-40GB,GPU,w32,p1024,1024,MONTGOMERYMULTIPLICATION,50000,0.000153728,325250152.668,0
opencl-e2e,NVIDIA A100-SXM4-40GB,GPU,w32,p1024,1024,MONTGOMERYMULTIPLICATION,50000,0.001919482,26048689.380,0
opencl-kernel,NVIDIA A100-SXM4-40GB,GPU,w32-opt,p1024,1024,MONTGOMERYMULTIPLICATION,50000,0.000226216,221027763.563,0
opencl-e2e,NVIDIA A100-SXM4-40GB,GPU,w32-opt,p1024,1024,MONTGOMERYMULTIPLICATION,50000,0.002047650,24418234.938,0
opencl-kernel,NVIDIA A100-SXM4-40GB,GPU,w32-o64,p1024,1024,MONTGOMERYMULTIPLICATION,50000,0.000176518,283257619.061,0
opencl-e2e,NVIDIA A100-SXM4-40GB,GPU,w32-o64,p1024,1024,MONTGOMERYMULTIPLICATION,50000,0.001988791,25140903.080,0
opencl-kernel,NVIDIA A100-SXM4-40GB,GPU,w32-il,p1024,1024,MONTGOMERYMULTIPLICATION,50000,0.000151658,329689245.063,0
opencl-e2e,NVIDIA A100-SXM4-40GB,GPU,w32-il,p1024,1024,MONTGOMERYMULTIPLICATION,50000,0.002314366,21604185.057,0
opencl-kernel,NVIDIA A100-SXM4-40GB,GPU,w32-il64,p1024,1024,MONTGOMERYMULTIPLICATION,50000,0.000101938,490494643.461,0
opencl-e2e,NVIDIA A100-SXM4-40GB,GPU,w32-il64,p1024,1024,MONTGOMERYMULTIPLICATION,50000,0.002319866,21552970.308,0
library,AMD EPYC 7532 32-Core Processor,host-cpu,gmp-1t,p1024,1024,COMPARE,12500,0.000126468,98839218.228,0
library,NVIDIA A100-SXM4-40GB,gpu,cgbn,p1024,1024,COMPARE,50000,0.000016384,3051757812.500,0
opencl-kernel,NVIDIA A100-SXM4-40GB,GPU,w8,p1024,1024,COMPARE,50000,0.000202417,247014369.847,0
opencl-e2e,NVIDIA A100-SXM4-40GB,GPU,w8,p1024,1024,COMPARE,50000,0.001969611,25385725.867,0
opencl-kernel,NVIDIA A100-SXM4-40GB,GPU,w16,p1024,1024,COMPARE,50000,0.000104838,476926073.786,0
opencl-e2e,NVIDIA A100-SXM4-40GB,GPU,w16,p1024,1024,COMPARE,50000,0.001895163,26382958.506,0
opencl-kernel,NVIDIA A100-SXM4-40GB,GPU,w32-opt,p1024,1024,COMPARE,50000,0.000074399,672050512.296,0
opencl-e2e,NVIDIA A100-SXM4-40GB,GPU,w32-opt,p1024,1024,COMPARE,50000,0.001961811,25486655.193,0
opencl-kernel,NVIDIA A100-SXM4-40GB,GPU,w32-o64,p1024,1024,COMPARE,50000,0.000076639,652409344.943,0
opencl-e2e,NVIDIA A100-SXM4-40GB,GPU,w32-o64,p1024,1024,COMPARE,50000,0.001796133,27837583.967,0
opencl-kernel,NVIDIA A100-SXM4-40GB,GPU,w32-il,p1024,1024,COMPARE,50000,0.000023790,2101749577.200,0
opencl-e2e,NVIDIA A100-SXM4-40GB,GPU,w32-il,p1024,1024,COMPARE,50000,0.002213047,22593285.445,0
opencl-kernel,NVIDIA A100-SXM4-40GB,GPU,w32-il64,p1024,1024,COMPARE,50000,0.000024160,2069544598.423,0
opencl-e2e,NVIDIA A100-SXM4-40GB,GPU,w32-il64,p1024,1024,COMPARE,50000,0.002230897,22412513.281,0
library,AMD EPYC 7532 32-Core Processor,host-cpu,gmp-1t,p1024,1024,REDUCE,1562,0.000055570,28108613.144,0
library,NVIDIA A100-SXM4-40GB,gpu,cgbn,p1024,1024,REDUCE,50000,0.000043008,1162574404.762,0
opencl-kernel,NVIDIA A100-SXM4-40GB,GPU,w8,p1024,1024,REDUCE,50000,0.003134583,15951084.415,0
opencl-e2e,NVIDIA A100-SXM4-40GB,GPU,w8,p1024,1024,REDUCE,50000,0.005971601,8372963.641,0
opencl-kernel,NVIDIA A100-SXM4-40GB,GPU,w16,p1024,1024,REDUCE,50000,0.001694656,29504513.407,0
opencl-e2e,NVIDIA A100-SXM4-40GB,GPU,w16,p1024,1024,REDUCE,50000,0.003461471,14444726.676,0
opencl-kernel,NVIDIA A100-SXM4-40GB,GPU,w32-opt,p1024,1024,REDUCE,50000,0.000585532,85392456.299,0
opencl-e2e,NVIDIA A100-SXM4-40GB,GPU,w32-opt,p1024,1024,REDUCE,50000,0.002438024,20508414.368,0
opencl-kernel,NVIDIA A100-SXM4-40GB,GPU,w32-o64,p1024,1024,REDUCE,50000,0.000580211,86175521.230,0
opencl-e2e,NVIDIA A100-SXM4-40GB,GPU,w32-o64,p1024,1024,REDUCE,50000,0.002365895,21133650.598,0
opencl-kernel,NVIDIA A100-SXM4-40GB,GPU,w32-il,p1024,1024,REDUCE,50000,0.000513852,97304261.665,0
opencl-e2e,NVIDIA A100-SXM4-40GB,GPU,w32-il,p1024,1024,REDUCE,50000,0.002701750,18506523.377,0
opencl-kernel,NVIDIA A100-SXM4-40GB,GPU,w32-il64,p1024,1024,REDUCE,50000,0.000485652,102954352.066,0
opencl-e2e,NVIDIA A100-SXM4-40GB,GPU,w32-il64,p1024,1024,REDUCE,50000,0.002690761,18582104.523,0
library,AMD EPYC 7532 32-Core Processor,host-cpu,gmp-1t,p1024,1024,MODMUL,781,0.000612431,1275246.242,0
library,NVIDIA A100-SXM4-40GB,gpu,cgbn,p1024,1024,MODMUL,50000,0.000450560,110973011.364,0
opencl-kernel,NVIDIA A100-SXM4-40GB,GPU,w8,p1024,1024,MODMUL,50000,0.012661112,3949100.203,0
opencl-e2e,NVIDIA A100-SXM4-40GB,GPU,w8,p1024,1024,MODMUL,50000,0.014723352,3395965.774,0
opencl-kernel,NVIDIA A100-SXM4-40GB,GPU,w16,p1024,1024,MODMUL,50000,0.005854547,8540370.382,0
opencl-e2e,NVIDIA A100-SXM4-40GB,GPU,w16,p1024,1024,MODMUL,50000,0.007627322,6555380.884,0
opencl-kernel,NVIDIA A100-SXM4-40GB,GPU,w32-opt,p1024,1024,MODMUL,50000,0.002540353,19682302.291,0
opencl-e2e,NVIDIA A100-SXM4-40GB,GPU,w32-opt,p1024,1024,MODMUL,50000,0.004432965,11279132.411,0
opencl-kernel,NVIDIA A100-SXM4-40GB,GPU,w32-o64,p1024,1024,MODMUL,50000,0.001917532,26075188.034,0
opencl-e2e,NVIDIA A100-SXM4-40GB,GPU,w32-o64,p1024,1024,MODMUL,50000,0.003721755,13434522.162,0
opencl-kernel,NVIDIA A100-SXM4-40GB,GPU,w32-il,p1024,1024,MODMUL,50000,0.002507683,19938721.487,0
opencl-e2e,NVIDIA A100-SXM4-40GB,GPU,w32-il,p1024,1024,MODMUL,50000,0.004753000,10519671.558,0
opencl-kernel,NVIDIA A100-SXM4-40GB,GPU,w32-il64,p1024,1024,MODMUL,50000,0.001903412,26268617.503,0
opencl-e2e,NVIDIA A100-SXM4-40GB,GPU,w32-il64,p1024,1024,MODMUL,50000,0.004099461,12196726.016,0
library,AMD EPYC 7532 32-Core Processor,host-cpu,gmp-1t,p1024,1024,MODEXP,195,0.095139435,2049.623,0
library,NVIDIA A100-SXM4-40GB,gpu,cgbn,p1024,1024,MODEXP,50000,0.205836281,242911.501,0
opencl-kernel,NVIDIA A100-SXM4-40GB,GPU,w8,p1024,1024,MODEXP,50000,2.834289914,17641.103,0
opencl-e2e,NVIDIA A100-SXM4-40GB,GPU,w8,p1024,1024,MODEXP,50000,2.837901030,17618.655,0
opencl-kernel,NVIDIA A100-SXM4-40GB,GPU,w16,p1024,1024,MODEXP,50000,0.438683223,113977.461,0
opencl-e2e,NVIDIA A100-SXM4-40GB,GPU,w16,p1024,1024,MODEXP,50000,0.440496516,113508.276,0
opencl-kernel,NVIDIA A100-SXM4-40GB,GPU,w32-opt,p1024,1024,MODEXP,50000,0.189887638,263313.613,0
opencl-e2e,NVIDIA A100-SXM4-40GB,GPU,w32-opt,p1024,1024,MODEXP,50000,0.191853209,260615.917,0
opencl-kernel,NVIDIA A100-SXM4-40GB,GPU,w32-o64,p1024,1024,MODEXP,50000,0.119981537,416730.785,0
opencl-e2e,NVIDIA A100-SXM4-40GB,GPU,w32-o64,p1024,1024,MODEXP,50000,0.122262984,408954.520,0
opencl-kernel,NVIDIA A100-SXM4-40GB,GPU,w32-il,p1024,1024,MODEXP,50000,0.192703021,259466.612,0
opencl-e2e,NVIDIA A100-SXM4-40GB,GPU,w32-il,p1024,1024,MODEXP,50000,0.195309293,256004.204,0
opencl-kernel,NVIDIA A100-SXM4-40GB,GPU,w32-il64,p1024,1024,MODEXP,50000,0.117389479,425932.548,0
opencl-e2e,NVIDIA A100-SXM4-40GB,GPU,w32-il64,p1024,1024,MODEXP,50000,0.119991030,416697.815,0
library,AMD EPYC 7532 32-Core Processor,host-cpu,gmp-1t,p1024,1024,EXPONENTIATION,195,0.013709738,14223.467,0
opencl-kernel,NVIDIA A100-SXM4-40GB,GPU,w8,p1024,1024,EXPONENTIATION,50000,2.202006485,22706.563,0
opencl-e2e,NVIDIA A100-SXM4-40GB,GPU,w8,p1024,1024,EXPONENTIATION,50000,2.213646144,22587.169,0
opencl-kernel,NVIDIA A100-SXM4-40GB,GPU,w16,p1024,1024,EXPONENTIATION,50000,0.539841480,92619.782,0
opencl-e2e,NVIDIA A100-SXM4-40GB,GPU,w16,p1024,1024,EXPONENTIATION,50000,0.540890352,92440.177,0
opencl-kernel,NVIDIA A100-SXM4-40GB,GPU,w32-opt,p1024,1024,EXPONENTIATION,50000,0.149283522,334933.148,0
opencl-e2e,NVIDIA A100-SXM4-40GB,GPU,w32-opt,p1024,1024,EXPONENTIATION,50000,0.151052116,331011.583,0
opencl-kernel,NVIDIA A100-SXM4-40GB,GPU,w32-o64,p1024,1024,EXPONENTIATION,50000,0.140870859,354935.012,0
opencl-e2e,NVIDIA A100-SXM4-40GB,GPU,w32-o64,p1024,1024,EXPONENTIATION,50000,0.143957644,347324.383,0
opencl-kernel,NVIDIA A100-SXM4-40GB,GPU,w32-il,p1024,1024,EXPONENTIATION,50000,0.150984880,331158.987,0
opencl-e2e,NVIDIA A100-SXM4-40GB,GPU,w32-il,p1024,1024,EXPONENTIATION,50000,0.153596092,325529.116,0
opencl-kernel,NVIDIA A100-SXM4-40GB,GPU,w32-il64,p1024,1024,EXPONENTIATION,50000,0.141859841,352460.568,0
opencl-e2e,NVIDIA A100-SXM4-40GB,GPU,w32-il64,p1024,1024,EXPONENTIATION,50000,0.144607761,345762.907,0
library,AMD EPYC 7532 32-Core Processor,host-cpu,gmp-1t,p1024,1024,DIVIDE,1562,0.000119389,13083278.565,0
library,NVIDIA A100-SXM4-40GB,gpu,cgbn,p1024,1024,DIVIDE,50000,0.000056320,887784090.909,0
opencl-kernel,NVIDIA A100-SXM4-40GB,GPU,w8,p1024,1024,DIVIDE,50000,0.018138060,2756634.410,0
opencl-e2e,NVIDIA A100-SXM4-40GB,GPU,w8,p1024,1024,DIVIDE,50000,0.021069766,2373068.593,0
opencl-kernel,NVIDIA A100-SXM4-40GB,GPU,w16,p1024,1024,DIVIDE,50000,0.010851206,4607782.657,0
opencl-e2e,NVIDIA A100-SXM4-40GB,GPU,w16,p1024,1024,DIVIDE,50000,0.012999985,3846158.313,0
opencl-kernel,NVIDIA A100-SXM4-40GB,GPU,w32-opt,p1024,1024,DIVIDE,50000,0.002198088,22747042.152,0
opencl-e2e,NVIDIA A100-SXM4-40GB,GPU,w32-opt,p1024,1024,DIVIDE,50000,0.004424675,11300265.241,0
opencl-kernel,NVIDIA A100-SXM4-40GB,GPU,w32-o64,p1024,1024,DIVIDE,50000,0.002152818,23225374.783,0
opencl-e2e,NVIDIA A100-SXM4-40GB,GPU,w32-o64,p1024,1024,DIVIDE,50000,0.004989286,10021474.108,0
opencl-kernel,NVIDIA A100-SXM4-40GB,GPU,w32-il,p1024,1024,DIVIDE,50000,0.002171078,23030036.415,0
opencl-e2e,NVIDIA A100-SXM4-40GB,GPU,w32-il,p1024,1024,DIVIDE,50000,0.004988086,10023885.025,0
opencl-kernel,NVIDIA A100-SXM4-40GB,GPU,w32-il64,p1024,1024,DIVIDE,50000,0.002154919,23202729.850,0
opencl-e2e,NVIDIA A100-SXM4-40GB,GPU,w32-il64,p1024,1024,DIVIDE,50000,0.005241254,9539701.979,0
library,AMD EPYC 7532 32-Core Processor,host-cpu,gmp-1t,p1024,1024,ISQRT,390,0.000184757,2110878.844,0
opencl-kernel,NVIDIA A100-SXM4-40GB,GPU,w8,p1024,1024,ISQRT,50000,0.369222595,135419.665,0
opencl-e2e,NVIDIA A100-SXM4-40GB,GPU,w8,p1024,1024,ISQRT,50000,0.372585894,134197.244,0
opencl-kernel,NVIDIA A100-SXM4-40GB,GPU,w16,p1024,1024,ISQRT,50000,0.169112316,295661.494,0
opencl-e2e,NVIDIA A100-SXM4-40GB,GPU,w16,p1024,1024,ISQRT,50000,0.171169667,292107.830,0
opencl-kernel,NVIDIA A100-SXM4-40GB,GPU,w32-opt,p1024,1024,ISQRT,50000,0.033554368,1490118.953,0
opencl-e2e,NVIDIA A100-SXM4-40GB,GPU,w32-opt,p1024,1024,ISQRT,50000,0.035392382,1412733.407,0
opencl-kernel,NVIDIA A100-SXM4-40GB,GPU,w32-o64,p1024,1024,ISQRT,50000,0.031235979,1600718.201,0
opencl-e2e,NVIDIA A100-SXM4-40GB,GPU,w32-o64,p1024,1024,ISQRT,50000,0.033654603,1485680.866,0
opencl-kernel,NVIDIA A100-SXM4-40GB,GPU,w32-il,p1024,1024,ISQRT,50000,0.033958906,1472367.795,0
opencl-e2e,NVIDIA A100-SXM4-40GB,GPU,w32-il,p1024,1024,ISQRT,50000,0.036166803,1382483.251,0
opencl-kernel,NVIDIA A100-SXM4-40GB,GPU,w32-il64,p1024,1024,ISQRT,50000,0.030976138,1614145.722,0
opencl-e2e,NVIDIA A100-SXM4-40GB,GPU,w32-il64,p1024,1024,ISQRT,50000,0.033627600,1486873.880,0
library,AMD EPYC 7532 32-Core Processor,host-cpu,gmp-1t,p1024,1024,MODMUL_R2,12500,0.009624807,1298727.319,0
library,NVIDIA A100-SXM4-40GB,gpu,cgbn,p1024,1024,MODMUL_R2,50000,0.000099328,503382731.959,0
opencl-kernel,NVIDIA A100-SXM4-40GB,GPU,w8,p1024,1024,MODMUL_R2,50000,0.003247822,15394933.763,0
opencl-e2e,NVIDIA A100-SXM4-40GB,GPU,w8,p1024,1024,MODMUL_R2,50000,0.005501018,9089226.913,0
opencl-kernel,NVIDIA A100-SXM4-40GB,GPU,w16,p1024,1024,MODMUL_R2,50000,0.000474173,105446721.773,0
opencl-e2e,NVIDIA A100-SXM4-40GB,GPU,w16,p1024,1024,MODMUL_R2,50000,0.002269458,22031691.899,0
opencl-kernel,NVIDIA A100-SXM4-40GB,GPU,w32-opt,p1024,1024,MODMUL_R2,50000,0.000269816,185311294.971,0
opencl-e2e,NVIDIA A100-SXM4-40GB,GPU,w32-opt,p1024,1024,MODMUL_R2,50000,0.002091959,23901040.680,0
opencl-kernel,NVIDIA A100-SXM4-40GB,GPU,w32-o64,p1024,1024,MODMUL_R2,50000,0.000202127,247369471.783,0
opencl-e2e,NVIDIA A100-SXM4-40GB,GPU,w32-o64,p1024,1024,MODMUL_R2,50000,0.002446853,20434410.306,0
opencl-kernel,NVIDIA A100-SXM4-40GB,GPU,w32-il,p1024,1024,MODMUL_R2,50000,0.000223327,223886983.701,0
opencl-e2e,NVIDIA A100-SXM4-40GB,GPU,w32-il,p1024,1024,MODMUL_R2,50000,0.002462343,20305864.416,0
opencl-kernel,NVIDIA A100-SXM4-40GB,GPU,w32-il64,p1024,1024,MODMUL_R2,50000,0.000152108,328714254.138,0
opencl-e2e,NVIDIA A100-SXM4-40GB,GPU,w32-il64,p1024,1024,MODMUL_R2,50000,0.002556902,19554915.337,0
library,AMD EPYC 7532 32-Core Processor,host-cpu,gmp-1t,p2048,2048,ADD,6250,0.000265346,23554160.042,0
library,NVIDIA A100-SXM4-40GB,gpu,cgbn,p2048,2048,ADD,50000,0.000043008,1162574404.762,0
opencl-kernel,NVIDIA A100-SXM4-40GB,GPU,w8,p2048,2048,ADD,50000,0.000655140,76319534.751,0
opencl-e2e,NVIDIA A100-SXM4-40GB,GPU,w8,p2048,2048,ADD,50000,0.004569662,10941728.765,0
opencl-kernel,NVIDIA A100-SXM4-40GB,GPU,w16,p2048,2048,ADD,50000,0.000258736,193247285.339,0
opencl-e2e,NVIDIA A100-SXM4-40GB,GPU,w16,p2048,2048,ADD,50000,0.004318648,11577697.416,0
opencl-kernel,NVIDIA A100-SXM4-40GB,GPU,w32,p2048,2048,ADD,50000,0.000149428,334609504.696,0
opencl-e2e,NVIDIA A100-SXM4-40GB,GPU,w32,p2048,2048,ADD,50000,0.003738835,13373149.699,0
opencl-kernel,NVIDIA A100-SXM4-40GB,GPU,w32-opt,p2048,2048,ADD,50000,0.000118298,422661448.652,0
opencl-e2e,NVIDIA A100-SXM4-40GB,GPU,w32-opt,p2048,2048,ADD,50000,0.003745805,13348265.570,0
opencl-kernel,NVIDIA A100-SXM4-40GB,GPU,w32-o64,p2048,2048,ADD,50000,0.000120418,415219811.598,0
opencl-e2e,NVIDIA A100-SXM4-40GB,GPU,w32-o64,p2048,2048,ADD,50000,0.004760050,10504090.870,0
opencl-kernel,NVIDIA A100-SXM4-40GB,GPU,w32-il,p2048,2048,ADD,50000,0.000097658,511990722.824,0
opencl-e2e,NVIDIA A100-SXM4-40GB,GPU,w32-il,p2048,2048,ADD,50000,0.004228667,11824057.391,0
opencl-kernel,NVIDIA A100-SXM4-40GB,GPU,w32-il64,p2048,2048,ADD,50000,0.000097339,513668505.602,0
opencl-e2e,NVIDIA A100-SXM4-40GB,GPU,w32-il64,p2048,2048,ADD,50000,0.005487390,9111799.418,0
library,AMD EPYC 7532 32-Core Processor,host-cpu,gmp-1t,p2048,2048,SUBTRACT,6250,0.000217107,28787631.962,0
library,NVIDIA A100-SXM4-40GB,gpu,cgbn,p2048,2048,SUBTRACT,50000,0.000043008,1162574404.762,0
opencl-kernel,NVIDIA A100-SXM4-40GB,GPU,w8,p2048,2048,SUBTRACT,50000,0.000653281,76536757.454,0
opencl-e2e,NVIDIA A100-SXM4-40GB,GPU,w8,p2048,2048,SUBTRACT,50000,0.004229897,11820619.633,0
opencl-kernel,NVIDIA A100-SXM4-40GB,GPU,w16,p2048,2048,SUBTRACT,50000,0.000330015,151508439.243,0
opencl-e2e,NVIDIA A100-SXM4-40GB,GPU,w16,p2048,2048,SUBTRACT,50000,0.004378338,11419858.719,0
opencl-kernel,NVIDIA A100-SXM4-40GB,GPU,w32,p2048,2048,SUBTRACT,50000,0.000149007,335554806.088,0
opencl-e2e,NVIDIA A100-SXM4-40GB,GPU,w32,p2048,2048,SUBTRACT,50000,0.003734495,13388691.018,0
opencl-kernel,NVIDIA A100-SXM4-40GB,GPU,w32-opt,p2048,2048,SUBTRACT,50000,0.000118538,421806356.115,0
opencl-e2e,NVIDIA A100-SXM4-40GB,GPU,w32-opt,p2048,2048,SUBTRACT,50000,0.003735005,13386861.538,0
opencl-kernel,NVIDIA A100-SXM4-40GB,GPU,w32-o64,p2048,2048,SUBTRACT,50000,0.000120999,413225559.951,0
opencl-e2e,NVIDIA A100-SXM4-40GB,GPU,w32-o64,p2048,2048,SUBTRACT,50000,0.005354470,9337992.181,0
opencl-kernel,NVIDIA A100-SXM4-40GB,GPU,w32-il,p2048,2048,SUBTRACT,50000,0.000097849,510989303.764,0
opencl-e2e,NVIDIA A100-SXM4-40GB,GPU,w32-il,p2048,2048,SUBTRACT,50000,0.004221617,11843802.294,0
opencl-kernel,NVIDIA A100-SXM4-40GB,GPU,w32-il64,p2048,2048,SUBTRACT,50000,0.000097298,513884842.974,0
opencl-e2e,NVIDIA A100-SXM4-40GB,GPU,w32-il64,p2048,2048,SUBTRACT,50000,0.005586119,8950758.276,0
library,AMD EPYC 7532 32-Core Processor,host-cpu,gmp-1t,p2048,2048,ADDMOD,6250,0.000741279,8431376.156,0
library,NVIDIA A100-SXM4-40GB,gpu,cgbn,p2048,2048,ADDMOD,50000,0.000043008,1162574404.762,0
opencl-kernel,NVIDIA A100-SXM4-40GB,GPU,w8,p2048,2048,ADDMOD,50000,0.000829038,60310851.037,0
opencl-e2e,NVIDIA A100-SXM4-40GB,GPU,w8,p2048,2048,ADDMOD,50000,0.004998866,10002268.508,0
opencl-kernel,NVIDIA A100-SXM4-40GB,GPU,w16,p2048,2048,ADDMOD,50000,0.000430434,116161824.417,0
opencl-e2e,NVIDIA A100-SXM4-40GB,GPU,w16,p2048,2048,ADDMOD,50000,0.004584415,10906517.246,0
opencl-kernel,NVIDIA A100-SXM4-40GB,GPU,w32,p2048,2048,ADDMOD,50000,0.000183098,273077778.230,0
opencl-e2e,NVIDIA A100-SXM4-40GB,GPU,w32,p2048,2048,ADDMOD,50000,0.003825264,13070993.094,0
opencl-kernel,NVIDIA A100-SXM4-40GB,GPU,w32-opt,p2048,2048,ADDMOD,50000,0.000207327,241165108.449,0
opencl-e2e,NVIDIA A100-SXM4-40GB,GPU,w32-opt,p2048,2048,ADDMOD,50000,0.003762685,13288382.357,0
opencl-kernel,NVIDIA A100-SXM4-40GB,GPU,w32-o64,p2048,2048,ADDMOD,50000,0.000205307,243537961.365,0
opencl-e2e,NVIDIA A100-SXM4-40GB,GPU,w32-o64,p2048,2048,ADDMOD,50000,0.005941262,8415720.427,0
opencl-kernel,NVIDIA A100-SXM4-40GB,GPU,w32-il,p2048,2048,ADDMOD,50000,0.000068089,734333076.187,0
opencl-e2e,NVIDIA A100-SXM4-40GB,GPU,w32-il,p2048,2048,ADDMOD,50000,0.004247507,11771612.038,0
opencl-kernel,NVIDIA A100-SXM4-40GB,GPU,w32-il64,p2048,2048,ADDMOD,50000,0.000068309,731965277.143,0
opencl-e2e,NVIDIA A100-SXM4-40GB,GPU,w32-il64,p2048,2048,ADDMOD,50000,0.005557099,8997499.736,0
library,AMD EPYC 7532 32-Core Processor,host-cpu,gmp-1t,p2048,2048,SUBTRACTMOD,6250,0.000620950,10065222.426,0
library,NVIDIA A100-SXM4-40GB,gpu,cgbn,p2048,2048,SUBTRACTMOD,50000,0.000043008,1162574404.762,0
opencl-kernel,NVIDIA A100-SXM4-40GB,GPU,w8,p2048,2048,SUBTRACTMOD,50000,0.000882977,56626606.665,0
opencl-e2e,NVIDIA A100-SXM4-40GB,GPU,w8,p2048,2048,SUBTRACTMOD,50000,0.005037975,9924622.429,0
opencl-kernel,NVIDIA A100-SXM4-40GB,GPU,w16,p2048,2048,SUBTRACTMOD,50000,0.000459114,108905392.215,0
opencl-e2e,NVIDIA A100-SXM4-40GB,GPU,w16,p2048,2048,SUBTRACTMOD,50000,0.004559025,10967256.848,0
opencl-kernel,NVIDIA A100-SXM4-40GB,GPU,w32,p2048,2048,SUBTRACTMOD,50000,0.000198508,251878830.757,0
opencl-e2e,NVIDIA A100-SXM4-40GB,GPU,w32,p2048,2048,SUBTRACTMOD,50000,0.003821574,13083613.720,0
opencl-kernel,NVIDIA A100-SXM4-40GB,GPU,w32-opt,p2048,2048,SUBTRACTMOD,50000,0.000202897,246430449.052,0
opencl-e2e,NVIDIA A100-SXM4-40GB,GPU,w32-opt,p2048,2048,SUBTRACTMOD,50000,0.003833954,13041367.521,0
opencl-kernel,NVIDIA A100-SXM4-40GB,GPU,w32-o64,p2048,2048,SUBTRACTMOD,50000,0.000204517,244478405.818,0
opencl-e2e,NVIDIA A100-SXM4-40GB,GPU,w32-o64,p2048,2048,SUBTRACTMOD,50000,0.005764405,8673922.448,0
opencl-kernel,NVIDIA A100-SXM4-40GB,GPU,w32-il,p2048,2048,SUBTRACTMOD,50000,0.000070999,704236155.546,0
opencl-e2e,NVIDIA A100-SXM4-40GB,GPU,w32-il,p2048,2048,SUBTRACTMOD,50000,0.004222647,11840914.506,0
opencl-kernel,NVIDIA A100-SXM4-40GB,GPU,w32-il64,p2048,2048,SUBTRACTMOD,50000,0.000067669,738886053.441,0
opencl-e2e,NVIDIA A100-SXM4-40GB,GPU,w32-il64,p2048,2048,SUBTRACTMOD,50000,0.005565999,8983113.242,0
library,AMD EPYC 7532 32-Core Processor,host-cpu,gmp-1t,p2048,2048,MULTIPLYOPERANDSCANNING,6250,0.005386540,1160299.619,0
opencl-kernel,NVIDIA A100-SXM4-40GB,GPU,w8,p2048,2048,MULTIPLYOPERANDSCANNING,50000,0.130201621,384019.797,0
opencl-e2e,NVIDIA A100-SXM4-40GB,GPU,w8,p2048,2048,MULTIPLYOPERANDSCANNING,50000,0.137006589,364945.951,0
opencl-kernel,NVIDIA A100-SXM4-40GB,GPU,w16,p2048,2048,MULTIPLYOPERANDSCANNING,50000,0.032200592,1552766.478,0
opencl-e2e,NVIDIA A100-SXM4-40GB,GPU,w16,p2048,2048,MULTIPLYOPERANDSCANNING,50000,0.037309619,1340136.972,0
opencl-kernel,NVIDIA A100-SXM4-40GB,GPU,w32,p2048,2048,MULTIPLYOPERANDSCANNING,50000,0.009589299,5214145.678,0
opencl-e2e,NVIDIA A100-SXM4-40GB,GPU,w32,p2048,2048,MULTIPLYOPERANDSCANNING,50000,0.014035045,3562510.800,0
opencl-kernel,NVIDIA A100-SXM4-40GB,GPU,w32-opt,p2048,2048,MULTIPLYOPERANDSCANNING,50000,0.000769359,64989161.269,0
opencl-e2e,NVIDIA A100-SXM4-40GB,GPU,w32-opt,p2048,2048,MULTIPLYOPERANDSCANNING,50000,0.005331041,9379030.712,0
opencl-kernel,NVIDIA A100-SXM4-40GB,GPU,w32-o64,p2048,2048,MULTIPLYOPERANDSCANNING,50000,0.000757939,65968353.626,0
opencl-e2e,NVIDIA A100-SXM4-40GB,GPU,w32-o64,p2048,2048,MULTIPLYOPERANDSCANNING,50000,0.007398341,6758272.024,0
opencl-kernel,NVIDIA A100-SXM4-40GB,GPU,w32-il,p2048,2048,MULTIPLYOPERANDSCANNING,50000,0.000549142,91051089.399,0
opencl-e2e,NVIDIA A100-SXM4-40GB,GPU,w32-il,p2048,2048,MULTIPLYOPERANDSCANNING,50000,0.005678236,8805551.554,0
opencl-kernel,NVIDIA A100-SXM4-40GB,GPU,w32-il64,p2048,2048,MULTIPLYOPERANDSCANNING,50000,0.000546373,91512581.233,0
opencl-e2e,NVIDIA A100-SXM4-40GB,GPU,w32-il64,p2048,2048,MULTIPLYOPERANDSCANNING,50000,0.007180806,6963006.869,0
library,AMD EPYC 7532 32-Core Processor,host-cpu,gmp-1t,p2048,2048,MULTIPLYPRODUCTSCANNING,6250,0.005387100,1160178.962,0
library,NVIDIA A100-SXM4-40GB,gpu,cgbn,p2048,2048,MULTIPLYPRODUCTSCANNING,50000,0.000113664,439893018.018,0
opencl-kernel,NVIDIA A100-SXM4-40GB,GPU,w8,p2048,2048,MULTIPLYPRODUCTSCANNING,50000,0.047016330,1063460.290,0
opencl-e2e,NVIDIA A100-SXM4-40GB,GPU,w8,p2048,2048,MULTIPLYPRODUCTSCANNING,50000,0.051658081,967902.778,0
opencl-kernel,NVIDIA A100-SXM4-40GB,GPU,w16,p2048,2048,MULTIPLYPRODUCTSCANNING,50000,0.012026089,4157627.553,0
opencl-e2e,NVIDIA A100-SXM4-40GB,GPU,w16,p2048,2048,MULTIPLYPRODUCTSCANNING,50000,0.017191846,2908355.521,0
opencl-kernel,NVIDIA A100-SXM4-40GB,GPU,w32,p2048,2048,MULTIPLYPRODUCTSCANNING,50000,0.003037986,16458272.677,0
opencl-e2e,NVIDIA A100-SXM4-40GB,GPU,w32,p2048,2048,MULTIPLYPRODUCTSCANNING,50000,0.007573119,6602299.616,0
opencl-kernel,NVIDIA A100-SXM4-40GB,GPU,w32-opt,p2048,2048,MULTIPLYPRODUCTSCANNING,50000,0.003923683,12743129.475,0
opencl-e2e,NVIDIA A100-SXM4-40GB,GPU,w32-opt,p2048,2048,MULTIPLYPRODUCTSCANNING,50000,0.008507035,5877488.312,0
opencl-kernel,NVIDIA A100-SXM4-40GB,GPU,w32-o64,p2048,2048,MULTIPLYPRODUCTSCANNING,50000,0.003921273,12750960.696,0
opencl-e2e,NVIDIA A100-SXM4-40GB,GPU,w32-o64,p2048,2048,MULTIPLYPRODUCTSCANNING,50000,0.010372027,4820658.571,0
opencl-kernel,NVIDIA A100-SXM4-40GB,GPU,w32-il,p2048,2048,MULTIPLYPRODUCTSCANNING,50000,0.001743144,28683805.327,0
opencl-e2e,NVIDIA A100-SXM4-40GB,GPU,w32-il,p2048,2048,MULTIPLYPRODUCTSCANNING,50000,0.007067035,7075102.973,0
opencl-kernel,NVIDIA A100-SXM4-40GB,GPU,w32-il64,p2048,2048,MULTIPLYPRODUCTSCANNING,50000,0.001604776,31156989.302,0
opencl-e2e,NVIDIA A100-SXM4-40GB,GPU,w32-il64,p2048,2048,MULTIPLYPRODUCTSCANNING,50000,0.008522166,5867052.769,0
library,AMD EPYC 7532 32-Core Processor,host-cpu,gmp-1t,p2048,2048,MONTGOMERYMULTIPLICATION,6250,0.035107152,178026.403,0
library,NVIDIA A100-SXM4-40GB,gpu,cgbn,p2048,2048,MONTGOMERYMULTIPLICATION,50000,0.000208896,239353553.922,0
opencl-kernel,NVIDIA A100-SXM4-40GB,GPU,w8,p2048,2048,MONTGOMERYMULTIPLICATION,50000,0.068760716,727159.387,0
opencl-e2e,NVIDIA A100-SXM4-40GB,GPU,w8,p2048,2048,MONTGOMERYMULTIPLICATION,50000,0.072503680,689620.169,0
opencl-kernel,NVIDIA A100-SXM4-40GB,GPU,w16,p2048,2048,MONTGOMERYMULTIPLICATION,50000,0.001890133,26453169.563,0
opencl-e2e,NVIDIA A100-SXM4-40GB,GPU,w16,p2048,2048,MONTGOMERYMULTIPLICATION,50000,0.006031294,8290095.116,0
opencl-kernel,NVIDIA A100-SXM4-40GB,GPU,w32,p2048,2048,MONTGOMERYMULTIPLICATION,50000,0.000432974,115480323.724,0
opencl-e2e,NVIDIA A100-SXM4-40GB,GPU,w32,p2048,2048,MONTGOMERYMULTIPLICATION,50000,0.004641332,10772770.163,0
opencl-kernel,NVIDIA A100-SXM4-40GB,GPU,w32-opt,p2048,2048,MONTGOMERYMULTIPLICATION,50000,0.000676360,73925130.674,0
opencl-e2e,NVIDIA A100-SXM4-40GB,GPU,w32-opt,p2048,2048,MONTGOMERYMULTIPLICATION,50000,0.004372436,11435272.923,0
opencl-kernel,NVIDIA A100-SXM4-40GB,GPU,w32-o64,p2048,2048,MONTGOMERYMULTIPLICATION,50000,0.000525992,95058498.405,0
opencl-e2e,NVIDIA A100-SXM4-40GB,GPU,w32-o64,p2048,2048,MONTGOMERYMULTIPLICATION,50000,0.005686466,8792807.163,0
opencl-kernel,NVIDIA A100-SXM4-40GB,GPU,w32-il,p2048,2048,MONTGOMERYMULTIPLICATION,50000,0.000572941,87269051.131,0
opencl-e2e,NVIDIA A100-SXM4-40GB,GPU,w32-il,p2048,2048,MONTGOMERYMULTIPLICATION,50000,0.004618091,10826984.469,0
opencl-kernel,NVIDIA A100-SXM4-40GB,GPU,w32-il64,p2048,2048,MONTGOMERYMULTIPLICATION,50000,0.000476083,105023648.131,0
opencl-e2e,NVIDIA A100-SXM4-40GB,GPU,w32-il64,p2048,2048,MONTGOMERYMULTIPLICATION,50000,0.005902163,8471470.898,0
library,AMD EPYC 7532 32-Core Processor,host-cpu,gmp-1t,p2048,2048,COMPARE,6250,0.000062179,100516541.849,0
library,NVIDIA A100-SXM4-40GB,gpu,cgbn,p2048,2048,COMPARE,50000,0.000043008,1162574404.762,0
opencl-kernel,NVIDIA A100-SXM4-40GB,GPU,w8,p2048,2048,COMPARE,50000,0.000384055,130189659.922,0
opencl-e2e,NVIDIA A100-SXM4-40GB,GPU,w8,p2048,2048,COMPARE,50000,0.003930171,12722092.688,0
opencl-kernel,NVIDIA A100-SXM4-40GB,GPU,w16,p2048,2048,COMPARE,50000,0.000245917,203320531.033,0
opencl-e2e,NVIDIA A100-SXM4-40GB,GPU,w16,p2048,2048,COMPARE,50000,0.004377838,11421162.099,0
opencl-kernel,NVIDIA A100-SXM4-40GB,GPU,w32-opt,p2048,2048,COMPARE,50000,0.000132328,377849268.753,0
opencl-e2e,NVIDIA A100-SXM4-40GB,GPU,w32-opt,p2048,2048,COMPARE,50000,0.004225048,11834184.417,0
opencl-kernel,NVIDIA A100-SXM4-40GB,GPU,w32-o64,p2048,2048,COMPARE,50000,0.000137108,364676254.683,0
opencl-e2e,NVIDIA A100-SXM4-40GB,GPU,w32-o64,p2048,2048,COMPARE,50000,0.005355921,9335463.189,0
opencl-kernel,NVIDIA A100-SXM4-40GB,GPU,w32-il,p2048,2048,COMPARE,50000,0.000035759,1398246984.061,0
opencl-e2e,NVIDIA A100-SXM4-40GB,GPU,w32-il,p2048,2048,COMPARE,50000,0.004107039,12174221.022,0
opencl-kernel,NVIDIA A100-SXM4-40GB,GPU,w32-il64,p2048,2048,COMPARE,50000,0.000034629,1443880621.260,0
opencl-e2e,NVIDIA A100-SXM4-40GB,GPU,w32-il64,p2048,2048,COMPARE,50000,0.005617158,8901298.451,0
library,AMD EPYC 7532 32-Core Processor,host-cpu,gmp-1t,p2048,2048,REDUCE,781,0.000042879,18214034.546,0
library,NVIDIA A100-SXM4-40GB,gpu,cgbn,p2048,2048,REDUCE,50000,0.000049152,1017252604.167,0
opencl-kernel,NVIDIA A100-SXM4-40GB,GPU,w8,p2048,2048,REDUCE,50000,0.354894312,140887.014,0
opencl-e2e,NVIDIA A100-SXM4-40GB,GPU,w8,p2048,2048,REDUCE,50000,0.358742165,139375.866,0
opencl-kernel,NVIDIA A100-SXM4-40GB,GPU,w16,p2048,2048,REDUCE,50000,0.009596984,5209970.185,0
opencl-e2e,NVIDIA A100-SXM4-40GB,GPU,w16,p2048,2048,REDUCE,50000,0.013855613,3608645.746,0
opencl-kernel,NVIDIA A100-SXM4-40GB,GPU,w32-opt,p2048,2048,REDUCE,50000,0.001917502,26075593.302,0
opencl-e2e,NVIDIA A100-SXM4-40GB,GPU,w32-opt,p2048,2048,REDUCE,50000,0.006027481,8295339.865,0
opencl-kernel,NVIDIA A100-SXM4-40GB,GPU,w32-o64,p2048,2048,REDUCE,50000,0.002026150,24677343.693,0
opencl-e2e,NVIDIA A100-SXM4-40GB,GPU,w32-o64,p2048,2048,REDUCE,50000,0.007277892,6870121.211,0
opencl-kernel,NVIDIA A100-SXM4-40GB,GPU,w32-il,p2048,2048,REDUCE,50000,0.001590197,31442636.452,0
opencl-e2e,NVIDIA A100-SXM4-40GB,GPU,w32-il,p2048,2048,REDUCE,50000,0.005255572,9513713.089,0
opencl-kernel,NVIDIA A100-SXM4-40GB,GPU,w32-il64,p2048,2048,REDUCE,50000,0.001917542,26075048.726,0
opencl-e2e,NVIDIA A100-SXM4-40GB,GPU,w32-il64,p2048,2048,REDUCE,50000,0.006971629,7171925.088,0
library,AMD EPYC 7532 32-Core Processor,host-cpu,gmp-1t,p2048,2048,MODMUL,390,0.000925566,421363.761,0
library,NVIDIA A100-SXM4-40GB,gpu,cgbn,p2048,2048,MODMUL,50000,0.001048576,47683715.820,0
opencl-kernel,NVIDIA A100-SXM4-40GB,GPU,w8,p2048,2048,MODMUL,50000,0.552690513,90466.543,0
opencl-e2e,NVIDIA A100-SXM4-40GB,GPU,w8,p2048,2048,MODMUL,50000,0.554997438,90090.506,0
opencl-kernel,NVIDIA A100-SXM4-40GB,GPU,w16,p2048,2048,MODMUL,50000,0.020348310,2457206.519,0
opencl-e2e,NVIDIA A100-SXM4-40GB,GPU,w16,p2048,2048,MODMUL,50000,0.024619749,2030889.932,0
opencl-kernel,NVIDIA A100-SXM4-40GB,GPU,w32-opt,p2048,2048,MODMUL,50000,0.010315738,4846962.889,0
opencl-e2e,NVIDIA A100-SXM4-40GB,GPU,w32-opt,p2048,2048,MODMUL,50000,0.014631016,3417397.629,0
opencl-kernel,NVIDIA A100-SXM4-40GB,GPU,w32-o64,p2048,2048,MODMUL,50000,0.007641517,6543203.320,0
opencl-e2e,NVIDIA A100-SXM4-40GB,GPU,w32-o64,p2048,2048,MODMUL,50000,0.011767986,4248815.305,0
opencl-kernel,NVIDIA A100-SXM4-40GB,GPU,w32-il,p2048,2048,MODMUL,50000,0.009360041,5341856.941,0
opencl-e2e,NVIDIA A100-SXM4-40GB,GPU,w32-il,p2048,2048,MODMUL,50000,0.013123816,3809867.396,0
opencl-kernel,NVIDIA A100-SXM4-40GB,GPU,w32-il64,p2048,2048,MODMUL,50000,0.007669569,6519271.167,0
opencl-e2e,NVIDIA A100-SXM4-40GB,GPU,w32-il64,p2048,2048,MODMUL,50000,0.012931121,3866640.782,0
library,AMD EPYC 7532 32-Core Processor,host-cpu,gmp-1t,p2048,2048,MODEXP,97,0.341614634,283.946,0
library,NVIDIA A100-SXM4-40GB,gpu,cgbn,p2048,2048,MODEXP,50000,1.078816772,46347.073,0
opencl-kernel,NVIDIA A100-SXM4-40GB,GPU,w8,p2048,2048,MODEXP,50000,57.369559735,871.542,0
opencl-e2e,NVIDIA A100-SXM4-40GB,GPU,w8,p2048,2048,MODEXP,50000,57.380571011,871.375,0
opencl-kernel,NVIDIA A100-SXM4-40GB,GPU,w16,p2048,2048,MODEXP,50000,7.640384655,6544.173,0
opencl-e2e,NVIDIA A100-SXM4-40GB,GPU,w16,p2048,2048,MODEXP,50000,7.648386335,6537.327,0
opencl-kernel,NVIDIA A100-SXM4-40GB,GPU,w32-opt,p2048,2048,MODEXP,50000,1.809708254,27628.763,0
opencl-e2e,NVIDIA A100-SXM4-40GB,GPU,w32-opt,p2048,2048,MODEXP,50000,1.916543508,26088.633,0
opencl-kernel,NVIDIA A100-SXM4-40GB,GPU,w32-o64,p2048,2048,MODEXP,50000,2.242781403,22293.746,0
opencl-e2e,NVIDIA A100-SXM4-40GB,GPU,w32-o64,p2048,2048,MODEXP,50000,2.248492301,22237.123,0
opencl-kernel,NVIDIA A100-SXM4-40GB,GPU,w32-il,p2048,2048,MODEXP,50000,1.572670872,31793.048,0
opencl-e2e,NVIDIA A100-SXM4-40GB,GPU,w32-il,p2048,2048,MODEXP,50000,1.576615076,31713.511,0
opencl-kernel,NVIDIA A100-SXM4-40GB,GPU,w32-il64,p2048,2048,MODEXP,50000,2.206071228,22664.726,0
opencl-e2e,NVIDIA A100-SXM4-40GB,GPU,w32-il64,p2048,2048,MODEXP,50000,2.203835516,22687.719,0
library,AMD EPYC 7532 32-Core Processor,host-cpu,gmp-1t,p2048,2048,EXPONENTIATION,97,0.040766668,2379.395,0
opencl-kernel,NVIDIA A100-SXM4-40GB,GPU,w8,p2048,2048,EXPONENTIATION,50000,19.449075830,2570.816,0
opencl-e2e,NVIDIA A100-SXM4-40GB,GPU,w8,p2048,2048,EXPONENTIATION,50000,19.453724421,2570.202,0
opencl-kernel,NVIDIA A100-SXM4-40GB,GPU,w16,p2048,2048,EXPONENTIATION,50000,4.279596885,11683.343,0
opencl-e2e,NVIDIA A100-SXM4-40GB,GPU,w16,p2048,2048,EXPONENTIATION,50000,4.278319772,11686.831,0
opencl-kernel,NVIDIA A100-SXM4-40GB,GPU,w32-opt,p2048,2048,EXPONENTIATION,50000,1.276311816,39175.380,0
opencl-e2e,NVIDIA A100-SXM4-40GB,GPU,w32-opt,p2048,2048,EXPONENTIATION,50000,1.282367009,38990.398,0
opencl-kernel,NVIDIA A100-SXM4-40GB,GPU,w32-o64,p2048,2048,EXPONENTIATION,50000,1.161505458,43047.581,0
opencl-e2e,NVIDIA A100-SXM4-40GB,GPU,w32-o64,p2048,2048,EXPONENTIATION,50000,1.166492576,42863.539,0
opencl-kernel,NVIDIA A100-SXM4-40GB,GPU,w32-il,p2048,2048,EXPONENTIATION,50000,1.238576303,40368.930,0
opencl-e2e,NVIDIA A100-SXM4-40GB,GPU,w32-il,p2048,2048,EXPONENTIATION,50000,1.243184456,40219.293,0
opencl-kernel,NVIDIA A100-SXM4-40GB,GPU,w32-il64,p2048,2048,EXPONENTIATION,50000,1.156261839,43242.800,0
opencl-e2e,NVIDIA A100-SXM4-40GB,GPU,w32-il64,p2048,2048,EXPONENTIATION,50000,1.160681463,43078.141,0
library,AMD EPYC 7532 32-Core Processor,host-cpu,gmp-1t,p2048,2048,DIVIDE,781,0.000076069,10266990.267,0
library,NVIDIA A100-SXM4-40GB,gpu,cgbn,p2048,2048,DIVIDE,50000,0.000076800,651041666.667,0
opencl-kernel,NVIDIA A100-SXM4-40GB,GPU,w8,p2048,2048,DIVIDE,50000,1.148441415,43537.267,0
opencl-e2e,NVIDIA A100-SXM4-40GB,GPU,w8,p2048,2048,DIVIDE,50000,1.152903026,43368.782,0
opencl-kernel,NVIDIA A100-SXM4-40GB,GPU,w16,p2048,2048,DIVIDE,50000,0.214525791,233072.209,0
opencl-e2e,NVIDIA A100-SXM4-40GB,GPU,w16,p2048,2048,DIVIDE,50000,0.219166424,228137.135,0
opencl-kernel,NVIDIA A100-SXM4-40GB,GPU,w32-opt,p2048,2048,DIVIDE,50000,0.020790303,2404967.340,0
opencl-e2e,NVIDIA A100-SXM4-40GB,GPU,w32-opt,p2048,2048,DIVIDE,50000,0.027385046,1825814.001,0
opencl-kernel,NVIDIA A100-SXM4-40GB,GPU,w32-o64,p2048,2048,DIVIDE,50000,0.019280205,2593333.419,0
opencl-e2e,NVIDIA A100-SXM4-40GB,GPU,w32-o64,p2048,2048,DIVIDE,50000,0.026516626,1885609.420,0
opencl-kernel,NVIDIA A100-SXM4-40GB,GPU,w32-il,p2048,2048,DIVIDE,50000,0.020869946,2395789.661,0
opencl-e2e,NVIDIA A100-SXM4-40GB,GPU,w32-il,p2048,2048,DIVIDE,50000,0.027363542,1827248.826,0
opencl-kernel,NVIDIA A100-SXM4-40GB,GPU,w32-il64,p2048,2048,DIVIDE,50000,0.019626631,2547558.986,0
opencl-e2e,NVIDIA A100-SXM4-40GB,GPU,w32-il64,p2048,2048,DIVIDE,50000,0.025296198,1976581.640,0
library,AMD EPYC 7532 32-Core Processor,host-cpu,gmp-1t,p2048,2048,ISQRT,195,0.000144858,1346146.687,0
opencl-kernel,NVIDIA A100-SXM4-40GB,GPU,w8,p2048,2048,ISQRT,50000,14.761405093,3387.211,0
opencl-e2e,NVIDIA A100-SXM4-40GB,GPU,w8,p2048,2048,ISQRT,50000,14.772018182,3384.778,0
opencl-kernel,NVIDIA A100-SXM4-40GB,GPU,w16,p2048,2048,ISQRT,50000,5.087027499,9828.923,0
opencl-e2e,NVIDIA A100-SXM4-40GB,GPU,w16,p2048,2048,ISQRT,50000,5.069623789,9862.665,0
opencl-kernel,NVIDIA A100-SXM4-40GB,GPU,w32-opt,p2048,2048,ISQRT,50000,0.211038996,236923.038,0
opencl-e2e,NVIDIA A100-SXM4-40GB,GPU,w32-opt,p2048,2048,ISQRT,50000,0.217292493,230104.590,0
opencl-kernel,NVIDIA A100-SXM4-40GB,GPU,w32-o64,p2048,2048,ISQRT,50000,0.071187334,702372.137,0
opencl-e2e,NVIDIA A100-SXM4-40GB,GPU,w32-o64,p2048,2048,ISQRT,50000,0.076897059,650219.929,0
opencl-kernel,NVIDIA A100-SXM4-40GB,GPU,w32-il,p2048,2048,ISQRT,50000,0.211384083,236536.258,0
opencl-e2e,NVIDIA A100-SXM4-40GB,GPU,w32-il,p2048,2048,ISQRT,50000,0.216915363,230504.651,0
opencl-kernel,NVIDIA A100-SXM4-40GB,GPU,w32-il64,p2048,2048,ISQRT,50000,0.071364751,700625.999,0
opencl-e2e,NVIDIA A100-SXM4-40GB,GPU,w32-il64,p2048,2048,ISQRT,50000,0.076078552,657215.450,0
library,AMD EPYC 7532 32-Core Processor,host-cpu,gmp-1t,p2048,2048,MODMUL_R2,6250,0.015078367,414501.127,0
library,NVIDIA A100-SXM4-40GB,gpu,cgbn,p2048,2048,MODMUL_R2,50000,0.000318464,157003617.363,0
opencl-kernel,NVIDIA A100-SXM4-40GB,GPU,w8,p2048,2048,MODMUL_R2,50000,0.031992228,1562879.596,0
opencl-e2e,NVIDIA A100-SXM4-40GB,GPU,w8,p2048,2048,MODMUL_R2,50000,0.035720976,1399737.787,0
opencl-kernel,NVIDIA A100-SXM4-40GB,GPU,w16,p2048,2048,MODMUL_R2,50000,0.002189538,22835867.909,0
opencl-e2e,NVIDIA A100-SXM4-40GB,GPU,w16,p2048,2048,MODMUL_R2,50000,0.006289917,7949230.435,0
opencl-kernel,NVIDIA A100-SXM4-40GB,GPU,w32-opt,p2048,2048,MODMUL_R2,50000,0.000941366,53114306.519,0
opencl-e2e,NVIDIA A100-SXM4-40GB,GPU,w32-opt,p2048,2048,MODMUL_R2,50000,0.005961782,8386753.741,0
opencl-kernel,NVIDIA A100-SXM4-40GB,GPU,w32-o64,p2048,2048,MODMUL_R2,50000,0.000704429,70979462.833,0
opencl-e2e,NVIDIA A100-SXM4-40GB,GPU,w32-o64,p2048,2048,MODMUL_R2,50000,0.005960591,8388429.746,0
opencl-kernel,NVIDIA A100-SXM4-40GB,GPU,w32-il,p2048,2048,MODMUL_R2,50000,0.000840378,59497036.291,0
opencl-e2e,NVIDIA A100-SXM4-40GB,GPU,w32-il,p2048,2048,MODMUL_R2,50000,0.006396097,7817267.721,0
opencl-kernel,NVIDIA A100-SXM4-40GB,GPU,w32-il64,p2048,2048,MODMUL_R2,50000,0.000670150,74610170.547,0
opencl-e2e,NVIDIA A100-SXM4-40GB,GPU,w32-il64,p2048,2048,MODMUL_R2,50000,0.004988696,10022659.307,0
