kind,device,device_type,kernel,modulus,bits,operation,items,seconds,ops_per_sec,mismatches
library,Intel(R) Core(TM) i7-7700 CPU @ 3.60GHz,host-cpu,gmp-1t,secp256k1,256,ADD,200000,0.004366861,45799488.297,0
opencl-kernel,NVIDIA GeForce RTX 3060,GPU,w8,secp256k1,256,ADD,200000,0.000347108,576189546.474,0
opencl-e2e,NVIDIA GeForce RTX 3060,GPU,w8,secp256k1,256,ADD,200000,0.002409690,82998227.936,0
opencl-kernel,NVIDIA GeForce RTX 3060,GPU,w16,secp256k1,256,ADD,200000,0.000160237,1248151039.341,0
opencl-e2e,NVIDIA GeForce RTX 3060,GPU,w16,secp256k1,256,ADD,200000,0.002459190,81327592.565,0
opencl-kernel,NVIDIA GeForce RTX 3060,GPU,w32,secp256k1,256,ADD,200000,0.000093831,2131492128.307,0
opencl-e2e,NVIDIA GeForce RTX 3060,GPU,w32,secp256k1,256,ADD,200000,0.002255584,88668830.385,0
opencl-kernel,NVIDIA GeForce RTX 3060,GPU,w32-opt,secp256k1,256,ADD,200000,0.000091960,2174858317.789,0
opencl-e2e,NVIDIA GeForce RTX 3060,GPU,w32-opt,secp256k1,256,ADD,200000,0.002252545,88788460.265,0
opencl-kernel,NVIDIA GeForce RTX 3060,GPU,w32-o64,secp256k1,256,ADD,200000,0.000090805,2202521917.568,0
opencl-e2e,NVIDIA GeForce RTX 3060,GPU,w32-o64,secp256k1,256,ADD,200000,0.002344084,85321175.506,0
opencl-kernel,NVIDIA GeForce RTX 3060,GPU,w32-il,secp256k1,256,ADD,200000,0.000067497,2963093711.398,0
opencl-e2e,NVIDIA GeForce RTX 3060,GPU,w32-il,secp256k1,256,ADD,200000,0.002255231,88682710.431,0
opencl-kernel,NVIDIA GeForce RTX 3060,GPU,w32-il64,secp256k1,256,ADD,200000,0.000066810,2993563994.713,0
opencl-e2e,NVIDIA GeForce RTX 3060,GPU,w32-il64,secp256k1,256,ADD,200000,0.002332720,85736823.198,0
library,Intel(R) Core(TM) i7-7700 CPU @ 3.60GHz,host-cpu,gmp-1t,secp256k1,256,SUBTRACT,200000,0.003168166,63128004.630,0
opencl-kernel,NVIDIA GeForce RTX 3060,GPU,w8,secp256k1,256,SUBTRACT,200000,0.000347310,575854459.353,0
opencl-e2e,NVIDIA GeForce RTX 3060,GPU,w8,secp256k1,256,SUBTRACT,200000,0.002361027,84708899.983,0
opencl-kernel,NVIDIA GeForce RTX 3060,GPU,w16,secp256k1,256,SUBTRACT,200000,0.000160092,1249281489.260,0
opencl-e2e,NVIDIA GeForce RTX 3060,GPU,w16,secp256k1,256,SUBTRACT,200000,0.002444023,81832289.324,0
opencl-kernel,NVIDIA GeForce RTX 3060,GPU,w32,secp256k1,256,SUBTRACT,200000,0.000093612,2136478115.110,0
opencl-e2e,NVIDIA GeForce RTX 3060,GPU,w32,secp256k1,256,SUBTRACT,200000,0.002273603,87966105.162,0
opencl-kernel,NVIDIA GeForce RTX 3060,GPU,w32-opt,secp256k1,256,SUBTRACT,200000,0.000090090,2220002814.954,0
opencl-e2e,NVIDIA GeForce RTX 3060,GPU,w32-opt,secp256k1,256,SUBTRACT,200000,0.002203359,90770501.782,0
opencl-kernel,NVIDIA GeForce RTX 3060,GPU,w32-o64,secp256k1,256,SUBTRACT,200000,0.000091120,2194907365.261,0
opencl-e2e,NVIDIA GeForce RTX 3060,GPU,w32-o64,secp256k1,256,SUBTRACT,200000,0.002386834,83793007.571,0
opencl-kernel,NVIDIA GeForce RTX 3060,GPU,w32-il,secp256k1,256,SUBTRACT,200000,0.000067626,2957441979.814,0
opencl-e2e,NVIDIA GeForce RTX 3060,GPU,w32-il,secp256k1,256,SUBTRACT,200000,0.002242194,89198346.775,0
opencl-kernel,NVIDIA GeForce RTX 3060,GPU,w32-il64,secp256k1,256,SUBTRACT,200000,0.000066821,2993071141.557,0
opencl-e2e,NVIDIA GeForce RTX 3060,GPU,w32-il64,secp256k1,256,SUBTRACT,200000,0.002271236,88057780.819,0
library,Intel(R) Core(TM) i7-7700 CPU @ 3.60GHz,host-cpu,gmp-1t,secp256k1,256,ADDMOD,200000,0.011438684,17484528.882,0
opencl-kernel,NVIDIA GeForce RTX 3060,GPU,w8,secp256k1,256,ADDMOD,200000,0.000542325,368782538.980,0
opencl-e2e,NVIDIA GeForce RTX 3060,GPU,w8,secp256k1,256,ADDMOD,200000,0.002579973,77520192.219,0
opencl-kernel,NVIDIA GeForce RTX 3060,GPU,w16,secp256k1,256,ADDMOD,200000,0.000247366,808518460.245,0
opencl-e2e,NVIDIA GeForce RTX 3060,GPU,w16,secp256k1,256,ADDMOD,200000,0.002478187,80704160.834,0
opencl-kernel,NVIDIA GeForce RTX 3060,GPU,w32,secp256k1,256,ADDMOD,200000,0.000117400,1703577210.564,0
opencl-e2e,NVIDIA GeForce RTX 3060,GPU,w32,secp256k1,256,ADDMOD,200000,0.002260358,88481560.822,0
opencl-kernel,NVIDIA GeForce RTX 3060,GPU,w32-opt,secp256k1,256,ADDMOD,200000,0.000070803,2824737387.690,0
opencl-e2e,NVIDIA GeForce RTX 3060,GPU,w32-opt,secp256k1,256,ADDMOD,200000,0.002250167,88882291.163,0
opencl-kernel,NVIDIA GeForce RTX 3060,GPU,w32-o64,secp256k1,256,ADDMOD,200000,0.000070554,2834706975.033,0
opencl-e2e,NVIDIA GeForce RTX 3060,GPU,w32-o64,secp256k1,256,ADDMOD,200000,0.002318076,86278449.111,0
opencl-kernel,NVIDIA GeForce RTX 3060,GPU,w32-il,secp256k1,256,ADDMOD,200000,0.000064839,3084562023.689,0
opencl-e2e,NVIDIA GeForce RTX 3060,GPU,w32-il,secp256k1,256,ADDMOD,200000,0.002201528,90845994.345,0
opencl-kernel,NVIDIA GeForce RTX 3060,GPU,w32-il64,secp256k1,256,ADDMOD,200000,0.000064487,3101400909.486,0
opencl-e2e,NVIDIA GeForce RTX 3060,GPU,w32-il64,secp256k1,256,ADDMOD,200000,0.002277766,87805331.869,0
library,Intel(R) Core(TM) i7-7700 CPU @ 3.60GHz,host-cpu,gmp-1t,secp256k1,256,SUBTRACTMOD,200000,0.008157344,24517784.187,0
opencl-kernel,NVIDIA GeForce RTX 3060,GPU,w8,secp256k1,256,SUBTRACTMOD,200000,0.000542450,368697577.351,0
opencl-e2e,NVIDIA GeForce RTX 3060,GPU,w8,secp256k1,256,SUBTRACTMOD,200000,0.002594872,77075091.873,0
opencl-kernel,NVIDIA GeForce RTX 3060,GPU,w16,secp256k1,256,SUBTRACTMOD,200000,0.000248553,804657361.547,0
opencl-e2e,NVIDIA GeForce RTX 3060,GPU,w16,secp256k1,256,SUBTRACTMOD,200000,0.002298041,87030648.618,0
opencl-kernel,NVIDIA GeForce RTX 3060,GPU,w32,secp256k1,256,SUBTRACTMOD,200000,0.000117746,1698572237.723,0
opencl-e2e,NVIDIA GeForce RTX 3060,GPU,w32,secp256k1,256,SUBTRACTMOD,200000,0.002312732,86477811.132,0
opencl-kernel,NVIDIA GeForce RTX 3060,GPU,w32-opt,secp256k1,256,SUBTRACTMOD,200000,0.000070082,2853798867.774,0
opencl-e2e,NVIDIA GeForce RTX 3060,GPU,w32-opt,secp256k1,256,SUBTRACTMOD,200000,0.002221887,90013578.552,0
opencl-kernel,NVIDIA GeForce RTX 3060,GPU,w32-o64,secp256k1,256,SUBTRACTMOD,200000,0.000070089,2853514464.339,0
opencl-e2e,NVIDIA GeForce RTX 3060,GPU,w32-o64,secp256k1,256,SUBTRACTMOD,200000,0.002255218,88683223.149,0
opencl-kernel,NVIDIA GeForce RTX 3060,GPU,w32-il,secp256k1,256,SUBTRACTMOD,200000,0.000064974,3078156600.887,0
opencl-e2e,NVIDIA GeForce RTX 3060,GPU,w32-il,secp256k1,256,SUBTRACTMOD,200000,0.002208726,90549936.319,0
opencl-kernel,NVIDIA GeForce RTX 3060,GPU,w32-il64,secp256k1,256,SUBTRACTMOD,200000,0.000064421,3104578689.200,0
opencl-e2e,NVIDIA GeForce RTX 3060,GPU,w32-il64,secp256k1,256,SUBTRACTMOD,200000,0.002130825,93860358.620,0
library,Intel(R) Core(TM) i7-7700 CPU @ 3.60GHz,host-cpu,gmp-1t,secp256k1,256,MULTIPLYOPERANDSCANNING,200000,0.004702380,42531653.791,0
opencl-kernel,NVIDIA GeForce RTX 3060,GPU,w8,secp256k1,256,MULTIPLYOPERANDSCANNING,200000,0.014064780,14219916.729,0
opencl-e2e,NVIDIA GeForce RTX 3060,GPU,w8,secp256k1,256,MULTIPLYOPERANDSCANNING,200000,0.016756898,11935383.249,0
opencl-kernel,NVIDIA GeForce RTX 3060,GPU,w16,secp256k1,256,MULTIPLYOPERANDSCANNING,200000,0.003699218,54065480.291,0
opencl-e2e,NVIDIA GeForce RTX 3060,GPU,w16,secp256k1,256,MULTIPLYOPERANDSCANNING,200000,0.006445546,31029178.937,0
opencl-kernel,NVIDIA GeForce RTX 3060,GPU,w32,secp256k1,256,MULTIPLYOPERANDSCANNING,200000,0.001026622,194813666.725,0
opencl-e2e,NVIDIA GeForce RTX 3060,GPU,w32,secp256k1,256,MULTIPLYOPERANDSCANNING,200000,0.003893701,51365012.225,0
opencl-kernel,NVIDIA GeForce RTX 3060,GPU,w32-opt,secp256k1,256,MULTIPLYOPERANDSCANNING,200000,0.000181924,1099360004.044,0
opencl-e2e,NVIDIA GeForce RTX 3060,GPU,w32-opt,secp256k1,256,MULTIPLYOPERANDSCANNING,200000,0.003031405,65976008.260,0
opencl-kernel,NVIDIA GeForce RTX 3060,GPU,w32-o64,secp256k1,256,MULTIPLYOPERANDSCANNING,200000,0.000185576,1077725704.424,0
opencl-e2e,NVIDIA GeForce RTX 3060,GPU,w32-o64,secp256k1,256,MULTIPLYOPERANDSCANNING,200000,0.003009357,66459379.331,0
opencl-kernel,NVIDIA GeForce RTX 3060,GPU,w32-il,secp256k1,256,MULTIPLYOPERANDSCANNING,200000,0.000085254,2345931891.535,0
opencl-e2e,NVIDIA GeForce RTX 3060,GPU,w32-il,secp256k1,256,MULTIPLYOPERANDSCANNING,200000,0.002859669,69938163.218,0
opencl-kernel,NVIDIA GeForce RTX 3060,GPU,w32-il64,secp256k1,256,MULTIPLYOPERANDSCANNING,200000,0.000085208,2347197916.744,0
opencl-e2e,NVIDIA GeForce RTX 3060,GPU,w32-il64,secp256k1,256,MULTIPLYOPERANDSCANNING,200000,0.002772566,72135343.495,0
library,Intel(R) Core(TM) i7-7700 CPU @ 3.60GHz,host-cpu,gmp-1t,secp256k1,256,MULTIPLYPRODUCTSCANNING,200000,0.004670507,42821903.640,0
opencl-kernel,NVIDIA GeForce RTX 3060,GPU,w8,secp256k1,256,MULTIPLYPRODUCTSCANNING,200000,0.002264008,88338911.080,0
opencl-e2e,NVIDIA GeForce RTX 3060,GPU,w8,secp256k1,256,MULTIPLYPRODUCTSCANNING,200000,0.004957909,40339586.731,0
opencl-kernel,NVIDIA GeForce RTX 3060,GPU,w16,secp256k1,256,MULTIPLYPRODUCTSCANNING,200000,0.000715378,279572488.165,0
opencl-e2e,NVIDIA GeForce RTX 3060,GPU,w16,secp256k1,256,MULTIPLYPRODUCTSCANNING,200000,0.003454562,57894459.800,0
opencl-kernel,NVIDIA GeForce RTX 3060,GPU,w32,secp256k1,256,MULTIPLYPRODUCTSCANNING,200000,0.000424279,471387912.787,0
opencl-e2e,NVIDIA GeForce RTX 3060,GPU,w32,secp256k1,256,MULTIPLYPRODUCTSCANNING,200000,0.003237449,61777035.287,0
opencl-kernel,NVIDIA GeForce RTX 3060,GPU,w32-opt,secp256k1,256,MULTIPLYPRODUCTSCANNING,200000,0.000237105,843508126.143,0
opencl-e2e,NVIDIA GeForce RTX 3060,GPU,w32-opt,secp256k1,256,MULTIPLYPRODUCTSCANNING,200000,0.002988245,66928915.415,0
opencl-kernel,NVIDIA GeForce RTX 3060,GPU,w32-o64,secp256k1,256,MULTIPLYPRODUCTSCANNING,200000,0.000204938,975904916.371,0
opencl-e2e,NVIDIA GeForce RTX 3060,GPU,w32-o64,secp256k1,256,MULTIPLYPRODUCTSCANNING,200000,0.002965001,67453601.969,0
opencl-kernel,NVIDIA GeForce RTX 3060,GPU,w32-il,secp256k1,256,MULTIPLYPRODUCTSCANNING,200000,0.000139276,1435997863.874,0
opencl-e2e,NVIDIA GeForce RTX 3060,GPU,w32-il,secp256k1,256,MULTIPLYPRODUCTSCANNING,200000,0.002925696,68359803.000,0
opencl-kernel,NVIDIA GeForce RTX 3060,GPU,w32-il64,secp256k1,256,MULTIPLYPRODUCTSCANNING,200000,0.000130854,1528421397.707,0
opencl-e2e,NVIDIA GeForce RTX 3060,GPU,w32-il64,secp256k1,256,MULTIPLYPRODUCTSCANNING,200000,0.002806165,71271647.435,0
library,Intel(R) Core(TM) i7-7700 CPU @ 3.60GHz,host-cpu,gmp-1t,secp256k1,256,MONTGOMERYMULTIPLICATION,200000,0.029909195,6686906.813,0
opencl-kernel,NVIDIA GeForce RTX 3060,GPU,w8,secp256k1,256,MONTGOMERYMULTIPLICATION,200000,0.001021243,195839777.265,0
opencl-e2e,NVIDIA GeForce RTX 3060,GPU,w8,secp256k1,256,MONTGOMERYMULTIPLICATION,200000,0.003044759,65686644.234,0
opencl-kernel,NVIDIA GeForce RTX 3060,GPU,w16,secp256k1,256,MONTGOMERYMULTIPLICATION,200000,0.000217865,917999727.697,0
opencl-e2e,NVIDIA GeForce RTX 3060,GPU,w16,secp256k1,256,MONTGOMERYMULTIPLICATION,200000,0.002234981,89486219.832,0
opencl-kernel,NVIDIA GeForce RTX 3060,GPU,w32,secp256k1,256,MONTGOMERYMULTIPLICATION,200000,0.000069832,2864015601.169,0
opencl-e2e,NVIDIA GeForce RTX 3060,GPU,w32,secp256k1,256,MONTGOMERYMULTIPLICATION,200000,0.002181748,91669615.941,0
opencl-kernel,NVIDIA GeForce RTX 3060,GPU,w32-opt,secp256k1,256,MONTGOMERYMULTIPLICATION,200000,0.000106481,1878269003.843,0
opencl-e2e,NVIDIA GeForce RTX 3060,GPU,w32-opt,secp256k1,256,MONTGOMERYMULTIPLICATION,200000,0.002257802,88581726.838,0
opencl-kernel,NVIDIA GeForce RTX 3060,GPU,w32-o64,secp256k1,256,MONTGOMERYMULTIPLICATION,200000,0.000105811,1890161752.429,0
opencl-e2e,NVIDIA GeForce RTX 3060,GPU,w32-o64,secp256k1,256,MONTGOMERYMULTIPLICATION,200000,0.002280146,87713681.493,0
opencl-kernel,NVIDIA GeForce RTX 3060,GPU,w32-il,secp256k1,256,MONTGOMERYMULTIPLICATION,200000,0.000106926,1870453167.437,0
opencl-e2e,NVIDIA GeForce RTX 3060,GPU,w32-il,secp256k1,256,MONTGOMERYMULTIPLICATION,200000,0.002280329,87706642.144,0
opencl-kernel,NVIDIA GeForce RTX 3060,GPU,w32-il64,secp256k1,256,MONTGOMERYMULTIPLICATION,200000,0.000104527,1913381430.035,0
opencl-e2e,NVIDIA GeForce RTX 3060,GPU,w32-il64,secp256k1,256,MONTGOMERYMULTIPLICATION,200000,0.002116481,94496479.726,0
library,Intel(R) Core(TM) i7-7700 CPU @ 3.60GHz,host-cpu,gmp-1t,secp256k1,256,COMPARE,200000,0.002083362,95998678.047,0
opencl-kernel,NVIDIA GeForce RTX 3060,GPU,w8,secp256k1,256,COMPARE,200000,0.000298092,670933879.666,0
opencl-e2e,NVIDIA GeForce RTX 3060,GPU,w8,secp256k1,256,COMPARE,200000,0.002383493,83910462.381,0
opencl-kernel,NVIDIA GeForce RTX 3060,GPU,w16,secp256k1,256,COMPARE,200000,0.000173668,1151622837.565,0
opencl-e2e,NVIDIA GeForce RTX 3060,GPU,w16,secp256k1,256,COMPARE,200000,0.002426730,82415431.356,0
opencl-kernel,NVIDIA GeForce RTX 3060,GPU,w32-opt,secp256k1,256,COMPARE,200000,0.000086743,2305662159.407,0
opencl-e2e,NVIDIA GeForce RTX 3060,GPU,w32-opt,secp256k1,256,COMPARE,200000,0.002277928,87799087.705,0
opencl-kernel,NVIDIA GeForce RTX 3060,GPU,w32-o64,secp256k1,256,COMPARE,200000,0.000087077,2296818478.968,0
opencl-e2e,NVIDIA GeForce RTX 3060,GPU,w32-o64,secp256k1,256,COMPARE,200000,0.002425455,82458756.372,0
opencl-kernel,NVIDIA GeForce RTX 3060,GPU,w32-il,secp256k1,256,COMPARE,200000,0.000031886,6272348765.692,0
opencl-e2e,NVIDIA GeForce RTX 3060,GPU,w32-il,secp256k1,256,COMPARE,200000,0.002223512,89947794.981,0
opencl-kernel,NVIDIA GeForce RTX 3060,GPU,w32-il64,secp256k1,256,COMPARE,200000,0.000031560,6337131774.613,0
opencl-e2e,NVIDIA GeForce RTX 3060,GPU,w32-il64,secp256k1,256,COMPARE,200000,0.002058033,97180170.773,0
library,Intel(R) Core(TM) i7-7700 CPU @ 3.60GHz,host-cpu,gmp-1t,secp256k1,256,REDUCE,25000,0.000475638,52560985.232,0
opencl-kernel,NVIDIA GeForce RTX 3060,GPU,w8,secp256k1,256,REDUCE,25000,0.000281202,88904054.014,0
opencl-e2e,NVIDIA GeForce RTX 3060,GPU,w8,secp256k1,256,REDUCE,25000,0.000677511,36899771.005,0
opencl-kernel,NVIDIA GeForce RTX 3060,GPU,w16,secp256k1,256,REDUCE,25000,0.000191059,130849617.944,0
opencl-e2e,NVIDIA GeForce RTX 3060,GPU,w16,secp256k1,256,REDUCE,25000,0.000618439,40424355.394,0
opencl-kernel,NVIDIA GeForce RTX 3060,GPU,w32-opt,secp256k1,256,REDUCE,25000,0.000067064,372778483.357,0
opencl-e2e,NVIDIA GeForce RTX 3060,GPU,w32-opt,secp256k1,256,REDUCE,25000,0.000473524,52795636.871,0
opencl-kernel,NVIDIA GeForce RTX 3060,GPU,w32-o64,secp256k1,256,REDUCE,25000,0.000064654,386673769.634,0
opencl-e2e,NVIDIA GeForce RTX 3060,GPU,w32-o64,secp256k1,256,REDUCE,25000,0.000497749,50226116.259,0
opencl-kernel,NVIDIA GeForce RTX 3060,GPU,w32-il,secp256k1,256,REDUCE,25000,0.000067227,371874416.837,0
opencl-e2e,NVIDIA GeForce RTX 3060,GPU,w32-il,secp256k1,256,REDUCE,25000,0.000470674,53115324.648,0
opencl-kernel,NVIDIA GeForce RTX 3060,GPU,w32-il64,secp256k1,256,REDUCE,25000,0.000063555,393359932.666,0
opencl-e2e,NVIDIA GeForce RTX 3060,GPU,w32-il64,secp256k1,256,REDUCE,25000,0.000497000,50301810.774,0
library,Intel(R) Core(TM) i7-7700 CPU @ 3.60GHz,host-cpu,gmp-1t,secp256k1,256,MODMUL,12500,0.001069981,11682450.188,0
opencl-kernel,NVIDIA GeForce RTX 3060,GPU,w8,secp256k1,256,MODMUL,20000,0.000561899,35593586.484,0
opencl-e2e,NVIDIA GeForce RTX 3060,GPU,w8,secp256k1,256,MODMUL,20000,0.000895281,22339354.126,0
opencl-kernel,NVIDIA GeForce RTX 3060,GPU,w16,secp256k1,256,MODMUL,20000,0.000355536,56253093.646,0
opencl-e2e,NVIDIA GeForce RTX 3060,GPU,w16,secp256k1,256,MODMUL,20000,0.000721138,27733943.868,0
opencl-kernel,NVIDIA GeForce RTX 3060,GPU,w32-opt,secp256k1,256,MODMUL,20000,0.000157353,127102754.141,0
opencl-e2e,NVIDIA GeForce RTX 3060,GPU,w32-opt,secp256k1,256,MODMUL,20000,0.000503378,39731574.363,0
opencl-kernel,NVIDIA GeForce RTX 3060,GPU,w32-o64,secp256k1,256,MODMUL,20000,0.000129239,154752056.439,0
opencl-e2e,NVIDIA GeForce RTX 3060,GPU,w32-o64,secp256k1,256,MODMUL,20000,0.000496013,40321525.977,0
opencl-kernel,NVIDIA GeForce RTX 3060,GPU,w32-il,secp256k1,256,MODMUL,20000,0.000156309,127951693.652,0
opencl-e2e,NVIDIA GeForce RTX 3060,GPU,w32-il,secp256k1,256,MODMUL,20000,0.000466003,42918176.383,0
opencl-kernel,NVIDIA GeForce RTX 3060,GPU,w32-il64,secp256k1,256,MODMUL,20000,0.000128229,155970918.955,0
opencl-e2e,NVIDIA GeForce RTX 3060,GPU,w32-il64,secp256k1,256,MODMUL,20000,0.000493715,40509201.198,0
library,Intel(R) Core(TM) i7-7700 CPU @ 3.60GHz,host-cpu,gmp-1t,secp256k1,256,MODEXP,3125,0.028935284,107999.631,0
opencl-kernel,NVIDIA GeForce RTX 3060,GPU,w8,secp256k1,256,MODEXP,20000,0.025487894,784686.251,0
opencl-e2e,NVIDIA GeForce RTX 3060,GPU,w8,secp256k1,256,MODEXP,20000,0.025856310,773505.576,0
opencl-kernel,NVIDIA GeForce RTX 3060,GPU,w16,secp256k1,256,MODEXP,20000,0.005250946,3808837.509,0
opencl-e2e,NVIDIA GeForce RTX 3060,GPU,w16,secp256k1,256,MODEXP,20000,0.005632261,3550971.810,0
opencl-kernel,NVIDIA GeForce RTX 3060,GPU,w32-opt,secp256k1,256,MODEXP,20000,0.003384430,5909414.550,0
opencl-e2e,NVIDIA GeForce RTX 3060,GPU,w32-opt,secp256k1,256,MODEXP,20000,0.003758437,5321360.980,0
opencl-kernel,NVIDIA GeForce RTX 3060,GPU,w32-o64,secp256k1,256,MODEXP,20000,0.001955291,10228656.683,0
opencl-e2e,NVIDIA GeForce RTX 3060,GPU,w32-o64,secp256k1,256,MODEXP,20000,0.002332162,8575733.606,0
opencl-kernel,NVIDIA GeForce RTX 3060,GPU,w32-il,secp256k1,256,MODEXP,20000,0.003386745,5905375.226,0
opencl-e2e,NVIDIA GeForce RTX 3060,GPU,w32-il,secp256k1,256,MODEXP,20000,0.003731695,5359494.809,0
opencl-kernel,NVIDIA GeForce RTX 3060,GPU,w32-il64,secp256k1,256,MODEXP,20000,0.001900006,10526282.719,0
opencl-e2e,NVIDIA GeForce RTX 3060,GPU,w32-il64,secp256k1,256,MODEXP,20000,0.002286761,8745995.067,0
library,Intel(R) Core(TM) i7-7700 CPU @ 3.60GHz,host-cpu,gmp-1t,secp256k1,256,EXPONENTIATION,3125,0.010128817,308525.665,0
opencl-kernel,NVIDIA GeForce RTX 3060,GPU,w8,secp256k1,256,EXPONENTIATION,20000,0.038829325,515074.625,0
opencl-e2e,NVIDIA GeForce RTX 3060,GPU,w8,secp256k1,256,EXPONENTIATION,20000,0.039345256,508320.495,0
opencl-kernel,NVIDIA GeForce RTX 3060,GPU,w16,secp256k1,256,EXPONENTIATION,20000,0.012526571,1596606.127,0
opencl-e2e,NVIDIA GeForce RTX 3060,GPU,w16,secp256k1,256,EXPONENTIATION,20000,0.014187550,1409686.662,0
opencl-kernel,NVIDIA GeForce RTX 3060,GPU,w32-opt,secp256k1,256,EXPONENTIATION,20000,0.000679266,29443546.470,0
opencl-e2e,NVIDIA GeForce RTX 3060,GPU,w32-opt,secp256k1,256,EXPONENTIATION,20000,0.001004146,19917422.276,0
opencl-kernel,NVIDIA GeForce RTX 3060,GPU,w32-o64,secp256k1,256,EXPONENTIATION,20000,0.000562283,35569278.808,0
opencl-e2e,NVIDIA GeForce RTX 3060,GPU,w32-o64,secp256k1,256,EXPONENTIATION,20000,0.000935925,21369233.734,0
opencl-kernel,NVIDIA GeForce RTX 3060,GPU,w32-il,secp256k1,256,EXPONENTIATION,20000,0.000677385,29525306.085,0
opencl-e2e,NVIDIA GeForce RTX 3060,GPU,w32-il,secp256k1,256,EXPONENTIATION,20000,0.001024351,19524557.698,0
opencl-kernel,NVIDIA GeForce RTX 3060,GPU,w32-il64,secp256k1,256,EXPONENTIATION,20000,0.000537127,37235144.184,0
opencl-e2e,NVIDIA GeForce RTX 3060,GPU,w32-il64,secp256k1,256,EXPONENTIATION,20000,0.000905107,22096834.757,0
library,Intel(R) Core(TM) i7-7700 CPU @ 3.60GHz,host-cpu,gmp-1t,secp256k1,256,DIVIDE,25000,0.001102810,22669363.449,0
opencl-kernel,NVIDIA GeForce RTX 3060,GPU,w8,secp256k1,256,DIVIDE,25000,0.000533043,46900531.525,0
opencl-e2e,NVIDIA GeForce RTX 3060,GPU,w8,secp256k1,256,DIVIDE,25000,0.001022504,24449782.048,0
opencl-kernel,NVIDIA GeForce RTX 3060,GPU,w16,secp256k1,256,DIVIDE,25000,0.000339381,73663525.026,0
opencl-e2e,NVIDIA GeForce RTX 3060,GPU,w16,secp256k1,256,DIVIDE,25000,0.000872069,28667455.096,0
opencl-kernel,NVIDIA GeForce RTX 3060,GPU,w32-opt,secp256k1,256,DIVIDE,25000,0.000127705,195763691.416,0
opencl-e2e,NVIDIA GeForce RTX 3060,GPU,w32-opt,secp256k1,256,DIVIDE,25000,0.000636246,39292978.049,0
opencl-kernel,NVIDIA GeForce RTX 3060,GPU,w32-o64,secp256k1,256,DIVIDE,25000,0.000130012,192289955.583,0
opencl-e2e,NVIDIA GeForce RTX 3060,GPU,w32-o64,secp256k1,256,DIVIDE,25000,0.000649559,38487653.085,0
opencl-kernel,NVIDIA GeForce RTX 3060,GPU,w32-il,secp256k1,256,DIVIDE,25000,0.000115369,216695919.375,0
opencl-e2e,NVIDIA GeForce RTX 3060,GPU,w32-il,secp256k1,256,DIVIDE,25000,0.000615687,40605048.149,0
opencl-kernel,NVIDIA GeForce RTX 3060,GPU,w32-il64,secp256k1,256,DIVIDE,25000,0.000112188,222840251.430,0
opencl-e2e,NVIDIA GeForce RTX 3060,GPU,w32-il64,secp256k1,256,DIVIDE,25000,0.000627514,39839746.493,0
library,Intel(R) Core(TM) i7-7700 CPU @ 3.60GHz,host-cpu,gmp-1t,secp256k1,256,ISQRT,6250,0.000585835,10668532.592,0
opencl-kernel,NVIDIA GeForce RTX 3060,GPU,w8,secp256k1,256,ISQRT,20000,0.005201506,3845040.291,0
opencl-e2e,NVIDIA GeForce RTX 3060,GPU,w8,secp256k1,256,ISQRT,20000,0.005557511,3598733.317,0
opencl-kernel,NVIDIA GeForce RTX 3060,GPU,w16,secp256k1,256,ISQRT,20000,0.003990594,5011785.205,0
opencl-e2e,NVIDIA GeForce RTX 3060,GPU,w16,secp256k1,256,ISQRT,20000,0.004365573,4581300.098,0
opencl-kernel,NVIDIA GeForce RTX 3060,GPU,w32-opt,secp256k1,256,ISQRT,20000,0.000988967,20223121.330,0
opencl-e2e,NVIDIA GeForce RTX 3060,GPU,w32-opt,secp256k1,256,ISQRT,20000,0.001337328,14955194.301,0
opencl-kernel,NVIDIA GeForce RTX 3060,GPU,w32-o64,secp256k1,256,ISQRT,20000,0.000856697,23345477.491,0
opencl-e2e,NVIDIA GeForce RTX 3060,GPU,w32-o64,secp256k1,256,ISQRT,20000,0.001236195,16178677.606,0
opencl-kernel,NVIDIA GeForce RTX 3060,GPU,w32-il,secp256k1,256,ISQRT,20000,0.000870436,22976991.783,0
opencl-e2e,NVIDIA GeForce RTX 3060,GPU,w32-il,secp256k1,256,ISQRT,20000,0.001227856,16288554.590,0
opencl-kernel,NVIDIA GeForce RTX 3060,GPU,w32-il64,secp256k1,256,ISQRT,20000,0.000795196,25151030.576,0
opencl-e2e,NVIDIA GeForce RTX 3060,GPU,w32-il64,secp256k1,256,ISQRT,20000,0.001171486,17072333.119,0
library,Intel(R) Core(TM) i7-7700 CPU @ 3.60GHz,host-cpu,gmp-1t,secp256k1,256,MODMUL_R2,200000,0.017983020,11121602.494,0
opencl-kernel,NVIDIA GeForce RTX 3060,GPU,w8,secp256k1,256,MODMUL_R2,200000,0.001159490,172489624.906,0
opencl-e2e,NVIDIA GeForce RTX 3060,GPU,w8,secp256k1,256,MODMUL_R2,200000,0.003275058,61067620.798,0
opencl-kernel,NVIDIA GeForce RTX 3060,GPU,w16,secp256k1,256,MODMUL_R2,200000,0.000230609,867268939.420,0
opencl-e2e,NVIDIA GeForce RTX 3060,GPU,w16,secp256k1,256,MODMUL_R2,200000,0.002488379,80373608.119,0
opencl-kernel,NVIDIA GeForce RTX 3060,GPU,w32-opt,secp256k1,256,MODMUL_R2,200000,0.000158480,1261989204.254,0
opencl-e2e,NVIDIA GeForce RTX 3060,GPU,w32-opt,secp256k1,256,MODMUL_R2,200000,0.002322002,86132569.231,0
opencl-kernel,NVIDIA GeForce RTX 3060,GPU,w32-o64,secp256k1,256,MODMUL_R2,200000,0.000162925,1227558774.575,0
opencl-e2e,NVIDIA GeForce RTX 3060,GPU,w32-o64,secp256k1,256,MODMUL_R2,200000,0.002484826,80488532.494,0
opencl-kernel,NVIDIA GeForce RTX 3060,GPU,w32-il,secp256k1,256,MODMUL_R2,200000,0.000154730,1292574238.679,0
opencl-e2e,NVIDIA GeForce RTX 3060,GPU,w32-il,secp256k1,256,MODMUL_R2,200000,0.002369417,84408947.682,0
opencl-kernel,NVIDIA GeForce RTX 3060,GPU,w32-il64,secp256k1,256,MODMUL_R2,200000,0.000152569,1310882020.025,0
opencl-e2e,NVIDIA GeForce RTX 3060,GPU,w32-il64,secp256k1,256,MODMUL_R2,200000,0.002192421,91223355.311,0
library,Intel(R) Core(TM) i7-7700 CPU @ 3.60GHz,host-cpu,gmp-1t,rsa256(composite),256,ADD,200000,0.004092756,48866826.924,0
opencl-kernel,NVIDIA GeForce RTX 3060,GPU,w8,rsa256(composite),256,ADD,200000,0.000315812,633288140.889,0
opencl-e2e,NVIDIA GeForce RTX 3060,GPU,w8,rsa256(composite),256,ADD,200000,0.002394305,83531548.127,0
opencl-kernel,NVIDIA GeForce RTX 3060,GPU,w16,rsa256(composite),256,ADD,200000,0.000162691,1229324344.743,0
opencl-e2e,NVIDIA GeForce RTX 3060,GPU,w16,rsa256(composite),256,ADD,200000,0.002508109,79741350.064,0
opencl-kernel,NVIDIA GeForce RTX 3060,GPU,w32,rsa256(composite),256,ADD,200000,0.000101439,1971629117.902,0
opencl-e2e,NVIDIA GeForce RTX 3060,GPU,w32,rsa256(composite),256,ADD,200000,0.002358133,84812859.268,0
opencl-kernel,NVIDIA GeForce RTX 3060,GPU,w32-opt,rsa256(composite),256,ADD,200000,0.000098661,2027143538.785,0
opencl-e2e,NVIDIA GeForce RTX 3060,GPU,w32-opt,rsa256(composite),256,ADD,200000,0.002293544,87201293.939,0
opencl-kernel,NVIDIA GeForce RTX 3060,GPU,w32-o64,rsa256(composite),256,ADD,200000,0.000098291,2034773716.635,0
opencl-e2e,NVIDIA GeForce RTX 3060,GPU,w32-o64,rsa256(composite),256,ADD,200000,0.002166264,92324850.868,0
opencl-kernel,NVIDIA GeForce RTX 3060,GPU,w32-il,rsa256(composite),256,ADD,200000,0.000068470,2920988890.466,0
opencl-e2e,NVIDIA GeForce RTX 3060,GPU,w32-il,rsa256(composite),256,ADD,200000,0.002206483,90641986.168,0
opencl-kernel,NVIDIA GeForce RTX 3060,GPU,w32-il64,rsa256(composite),256,ADD,200000,0.000067531,2961602170.709,0
opencl-e2e,NVIDIA GeForce RTX 3060,GPU,w32-il64,rsa256(composite),256,ADD,200000,0.002073516,96454526.294,0
library,Intel(R) Core(TM) i7-7700 CPU @ 3.60GHz,host-cpu,gmp-1t,rsa256(composite),256,SUBTRACT,200000,0.003279189,60990690.130,0
opencl-kernel,NVIDIA GeForce RTX 3060,GPU,w8,rsa256(composite),256,SUBTRACT,200000,0.000314997,634926711.566,0
opencl-e2e,NVIDIA GeForce RTX 3060,GPU,w8,rsa256(composite),256,SUBTRACT,200000,0.002394990,83507655.355,0
opencl-kernel,NVIDIA GeForce RTX 3060,GPU,w16,rsa256(composite),256,SUBTRACT,200000,0.000161808,1236032950.386,0
opencl-e2e,NVIDIA GeForce RTX 3060,GPU,w16,rsa256(composite),256,SUBTRACT,200000,0.002334835,85659157.642,0
opencl-kernel,NVIDIA GeForce RTX 3060,GPU,w32,rsa256(composite),256,SUBTRACT,200000,0.000101338,1973593982.675,0
opencl-e2e,NVIDIA GeForce RTX 3060,GPU,w32,rsa256(composite),256,SUBTRACT,200000,0.002372065,84314720.311,0
opencl-kernel,NVIDIA GeForce RTX 3060,GPU,w32-opt,rsa256(composite),256,SUBTRACT,200000,0.000098299,2034608646.797,0
opencl-e2e,NVIDIA GeForce RTX 3060,GPU,w32-opt,rsa256(composite),256,SUBTRACT,200000,0.002300316,86944576.226,0
opencl-kernel,NVIDIA GeForce RTX 3060,GPU,w32-o64,rsa256(composite),256,SUBTRACT,200000,0.000097980,2041232398.573,0
opencl-e2e,NVIDIA GeForce RTX 3060,GPU,w32-o64,rsa256(composite),256,SUBTRACT,200000,0.002104873,95017608.584,0
opencl-kernel,NVIDIA GeForce RTX 3060,GPU,w32-il,rsa256(composite),256,SUBTRACT,200000,0.000068196,2932721722.023,0
opencl-e2e,NVIDIA GeForce RTX 3060,GPU,w32-il,rsa256(composite),256,SUBTRACT,200000,0.002225391,89871847.858,0
opencl-kernel,NVIDIA GeForce RTX 3060,GPU,w32-il64,rsa256(composite),256,SUBTRACT,200000,0.000067250,2973978216.742,0
opencl-e2e,NVIDIA GeForce RTX 3060,GPU,w32-il64,rsa256(composite),256,SUBTRACT,200000,0.002124578,94136341.716,0
library,Intel(R) Core(TM) i7-7700 CPU @ 3.60GHz,host-cpu,gmp-1t,rsa256(composite),256,ADDMOD,200000,0.008675139,23054385.668,0
opencl-kernel,NVIDIA GeForce RTX 3060,GPU,w8,rsa256(composite),256,ADDMOD,200000,0.000446853,447574486.914,0
opencl-e2e,NVIDIA GeForce RTX 3060,GPU,w8,rsa256(composite),256,ADDMOD,200000,0.002525824,79182080.599,0
opencl-kernel,NVIDIA GeForce RTX 3060,GPU,w16,rsa256(composite),256,ADDMOD,200000,0.000225550,886721232.129,0
opencl-e2e,NVIDIA GeForce RTX 3060,GPU,w16,rsa256(composite),256,ADDMOD,200000,0.002441765,81907964.659,0
opencl-kernel,NVIDIA GeForce RTX 3060,GPU,w32,rsa256(composite),256,ADDMOD,200000,0.000118187,1692233660.439,0
opencl-e2e,NVIDIA GeForce RTX 3060,GPU,w32,rsa256(composite),256,ADDMOD,200000,0.002383575,83907575.171,0
opencl-kernel,NVIDIA GeForce RTX 3060,GPU,w32-opt,rsa256(composite),256,ADDMOD,200000,0.000072600,2754819838.382,0
opencl-e2e,NVIDIA GeForce RTX 3060,GPU,w32-opt,rsa256(composite),256,ADDMOD,200000,0.002247542,88986102.518,0
opencl-kernel,NVIDIA GeForce RTX 3060,GPU,w32-o64,rsa256(composite),256,ADDMOD,200000,0.000070355,2842727812.365,0
opencl-e2e,NVIDIA GeForce RTX 3060,GPU,w32-o64,rsa256(composite),256,ADDMOD,200000,0.002113325,94637597.264,0
opencl-kernel,NVIDIA GeForce RTX 3060,GPU,w32-il,rsa256(composite),256,ADDMOD,200000,0.000065191,3067907741.347,0
opencl-e2e,NVIDIA GeForce RTX 3060,GPU,w32-il,rsa256(composite),256,ADDMOD,200000,0.002208873,90543908.907,0
opencl-kernel,NVIDIA GeForce RTX 3060,GPU,w32-il64,rsa256(composite),256,ADDMOD,200000,0.000064358,3107616827.566,0
opencl-e2e,NVIDIA GeForce RTX 3060,GPU,w32-il64,rsa256(composite),256,ADDMOD,200000,0.002090066,95690759.333,0
library,Intel(R) Core(TM) i7-7700 CPU @ 3.60GHz,host-cpu,gmp-1t,rsa256(composite),256,SUBTRACTMOD,200000,0.008376205,23877161.581,0
opencl-kernel,NVIDIA GeForce RTX 3060,GPU,w8,rsa256(composite),256,SUBTRACTMOD,200000,0.000491333,407055890.976,0
opencl-e2e,NVIDIA GeForce RTX 3060,GPU,w8,rsa256(composite),256,SUBTRACTMOD,200000,0.002592817,77136180.244,0
opencl-kernel,NVIDIA GeForce RTX 3060,GPU,w16,rsa256(composite),256,SUBTRACTMOD,200000,0.000249377,801998624.921,0
opencl-e2e,NVIDIA GeForce RTX 3060,GPU,w16,rsa256(composite),256,SUBTRACTMOD,200000,0.002341724,85407161.530,0
opencl-kernel,NVIDIA GeForce RTX 3060,GPU,w32,rsa256(composite),256,SUBTRACTMOD,200000,0.000128421,1557377673.670,0
opencl-e2e,NVIDIA GeForce RTX 3060,GPU,w32,rsa256(composite),256,SUBTRACTMOD,200000,0.002248305,88955901.842,0
opencl-kernel,NVIDIA GeForce RTX 3060,GPU,w32-opt,rsa256(composite),256,SUBTRACTMOD,200000,0.000072555,2756530433.018,0
opencl-e2e,NVIDIA GeForce RTX 3060,GPU,w32-opt,rsa256(composite),256,SUBTRACTMOD,200000,0.002255221,88683104.124,0
opencl-kernel,NVIDIA GeForce RTX 3060,GPU,w32-o64,rsa256(composite),256,SUBTRACTMOD,200000,0.000072659,2752584241.896,0
opencl-e2e,NVIDIA GeForce RTX 3060,GPU,w32-o64,rsa256(composite),256,SUBTRACTMOD,200000,0.002141921,93374124.317,0
opencl-kernel,NVIDIA GeForce RTX 3060,GPU,w32-il,rsa256(composite),256,SUBTRACTMOD,200000,0.000064826,3085182424.742,0
opencl-e2e,NVIDIA GeForce RTX 3060,GPU,w32-il,rsa256(composite),256,SUBTRACTMOD,200000,0.002211211,90448174.560,0
opencl-kernel,NVIDIA GeForce RTX 3060,GPU,w32-il64,rsa256(composite),256,SUBTRACTMOD,200000,0.000064711,3090663298.454,0
opencl-e2e,NVIDIA GeForce RTX 3060,GPU,w32-il64,rsa256(composite),256,SUBTRACTMOD,200000,0.002142390,93353684.287,0
library,Intel(R) Core(TM) i7-7700 CPU @ 3.60GHz,host-cpu,gmp-1t,rsa256(composite),256,MULTIPLYOPERANDSCANNING,200000,0.004658045,42936467.849,0
opencl-kernel,NVIDIA GeForce RTX 3060,GPU,w8,rsa256(composite),256,MULTIPLYOPERANDSCANNING,200000,0.014076040,14208541.597,0
opencl-e2e,NVIDIA GeForce RTX 3060,GPU,w8,rsa256(composite),256,MULTIPLYOPERANDSCANNING,200000,0.016790050,11911816.845,0
opencl-kernel,NVIDIA GeForce RTX 3060,GPU,w16,rsa256(composite),256,MULTIPLYOPERANDSCANNING,200000,0.003695105,54125660.432,0
opencl-e2e,NVIDIA GeForce RTX 3060,GPU,w16,rsa256(composite),256,MULTIPLYOPERANDSCANNING,200000,0.006472638,30899302.604,0
opencl-kernel,NVIDIA GeForce RTX 3060,GPU,w32,rsa256(composite),256,MULTIPLYOPERANDSCANNING,200000,0.001124517,177854136.074,0
opencl-e2e,NVIDIA GeForce RTX 3060,GPU,w32,rsa256(composite),256,MULTIPLYOPERANDSCANNING,200000,0.003929705,50894405.433,0
opencl-kernel,NVIDIA GeForce RTX 3060,GPU,w32-opt,rsa256(composite),256,MULTIPLYOPERANDSCANNING,200000,0.000197473,1012796479.356,0
opencl-e2e,NVIDIA GeForce RTX 3060,GPU,w32-opt,rsa256(composite),256,MULTIPLYOPERANDSCANNING,200000,0.003021261,66197525.766,0
opencl-kernel,NVIDIA GeForce RTX 3060,GPU,w32-o64,rsa256(composite),256,MULTIPLYOPERANDSCANNING,200000,0.000202819,986100876.018,0
opencl-e2e,NVIDIA GeForce RTX 3060,GPU,w32-o64,rsa256(composite),256,MULTIPLYOPERANDSCANNING,200000,0.002906642,68807923.817,0
opencl-kernel,NVIDIA GeForce RTX 3060,GPU,w32-il,rsa256(composite),256,MULTIPLYOPERANDSCANNING,200000,0.000085770,2331818253.064,0
opencl-e2e,NVIDIA GeForce RTX 3060,GPU,w32-il,rsa256(composite),256,MULTIPLYOPERANDSCANNING,200000,0.002886619,69285208.477,0
opencl-kernel,NVIDIA GeForce RTX 3060,GPU,w32-il64,rsa256(composite),256,MULTIPLYOPERANDSCANNING,200000,0.000084924,2355047205.348,0
opencl-e2e,NVIDIA GeForce RTX 3060,GPU,w32-il64,rsa256(composite),256,MULTIPLYOPERANDSCANNING,200000,0.002682399,74560123.102,0
library,Intel(R) Core(TM) i7-7700 CPU @ 3.60GHz,host-cpu,gmp-1t,rsa256(composite),256,MULTIPLYPRODUCTSCANNING,200000,0.004721635,42358208.353,0
opencl-kernel,NVIDIA GeForce RTX 3060,GPU,w8,rsa256(composite),256,MULTIPLYPRODUCTSCANNING,200000,0.002263635,88353467.289,0
opencl-e2e,NVIDIA GeForce RTX 3060,GPU,w8,rsa256(composite),256,MULTIPLYPRODUCTSCANNING,200000,0.004959711,40324930.303,0
opencl-kernel,NVIDIA GeForce RTX 3060,GPU,w16,rsa256(composite),256,MULTIPLYPRODUCTSCANNING,200000,0.000781464,255929901.249,0
opencl-e2e,NVIDIA GeForce RTX 3060,GPU,w16,rsa256(composite),256,MULTIPLYPRODUCTSCANNING,200000,0.003436020,58206879.001,0
opencl-kernel,NVIDIA GeForce RTX 3060,GPU,w32,rsa256(composite),256,MULTIPLYPRODUCTSCANNING,200000,0.000428340,466918813.370,0
opencl-e2e,NVIDIA GeForce RTX 3060,GPU,w32,rsa256(composite),256,MULTIPLYPRODUCTSCANNING,200000,0.003198426,62530757.629,0
opencl-kernel,NVIDIA GeForce RTX 3060,GPU,w32-opt,rsa256(composite),256,MULTIPLYPRODUCTSCANNING,200000,0.000235833,848057754.456,0
opencl-e2e,NVIDIA GeForce RTX 3060,GPU,w32-opt,rsa256(composite),256,MULTIPLYPRODUCTSCANNING,200000,0.003062678,65302327.405,0
opencl-kernel,NVIDIA GeForce RTX 3060,GPU,w32-o64,rsa256(composite),256,MULTIPLYPRODUCTSCANNING,200000,0.000225914,885292625.915,0
opencl-e2e,NVIDIA GeForce RTX 3060,GPU,w32-o64,rsa256(composite),256,MULTIPLYPRODUCTSCANNING,200000,0.002870333,69678325.751,0
opencl-kernel,NVIDIA GeForce RTX 3060,GPU,w32-il,rsa256(composite),256,MULTIPLYPRODUCTSCANNING,200000,0.000148972,1342534415.132,0
opencl-e2e,NVIDIA GeForce RTX 3060,GPU,w32-il,rsa256(composite),256,MULTIPLYPRODUCTSCANNING,200000,0.002947342,67857751.154,0
opencl-kernel,NVIDIA GeForce RTX 3060,GPU,w32-il64,rsa256(composite),256,MULTIPLYPRODUCTSCANNING,200000,0.000139049,1438341656.801,0
opencl-e2e,NVIDIA GeForce RTX 3060,GPU,w32-il64,rsa256(composite),256,MULTIPLYPRODUCTSCANNING,200000,0.002826112,70768602.862,0
library,Intel(R) Core(TM) i7-7700 CPU @ 3.60GHz,host-cpu,gmp-1t,rsa256(composite),256,MONTGOMERYMULTIPLICATION,200000,0.029975037,6672218.626,0
opencl-kernel,NVIDIA GeForce RTX 3060,GPU,w8,rsa256(composite),256,MONTGOMERYMULTIPLICATION,200000,0.001017337,196591696.352,0
opencl-e2e,NVIDIA GeForce RTX 3060,GPU,w8,rsa256(composite),256,MONTGOMERYMULTIPLICATION,200000,0.003078748,64961471.217,0
opencl-kernel,NVIDIA GeForce RTX 3060,GPU,w16,rsa256(composite),256,MONTGOMERYMULTIPLICATION,200000,0.000236801,844591069.979,0
opencl-e2e,NVIDIA GeForce RTX 3060,GPU,w16,rsa256(composite),256,MONTGOMERYMULTIPLICATION,200000,0.002316865,86323544.132,0
opencl-kernel,NVIDIA GeForce RTX 3060,GPU,w32,rsa256(composite),256,MONTGOMERYMULTIPLICATION,200000,0.000071612,2792827545.487,0
opencl-e2e,NVIDIA GeForce RTX 3060,GPU,w32,rsa256(composite),256,MONTGOMERYMULTIPLICATION,200000,0.002207292,90608763.590,0
opencl-kernel,NVIDIA GeForce RTX 3060,GPU,w32-opt,rsa256(composite),256,MONTGOMERYMULTIPLICATION,200000,0.000108300,1846721902.203,0
opencl-e2e,NVIDIA GeForce RTX 3060,GPU,w32-opt,rsa256(composite),256,MONTGOMERYMULTIPLICATION,200000,0.002251812,88817362.655,0
opencl-kernel,NVIDIA GeForce RTX 3060,GPU,w32-o64,rsa256(composite),256,MONTGOMERYMULTIPLICATION,200000,0.000107106,1867309090.810,0
opencl-e2e,NVIDIA GeForce RTX 3060,GPU,w32-o64,rsa256(composite),256,MONTGOMERYMULTIPLICATION,200000,0.002105996,94966941.435,0
opencl-kernel,NVIDIA GeForce RTX 3060,GPU,w32-il,rsa256(composite),256,MONTGOMERYMULTIPLICATION,200000,0.000106919,1870575362.440,0
opencl-e2e,NVIDIA GeForce RTX 3060,GPU,w32-il,rsa256(composite),256,MONTGOMERYMULTIPLICATION,200000,0.002226064,89844677.264,0
opencl-kernel,NVIDIA GeForce RTX 3060,GPU,w32-il64,rsa256(composite),256,MONTGOMERYMULTIPLICATION,200000,0.000104326,1917067688.069,0
opencl-e2e,NVIDIA GeForce RTX 3060,GPU,w32-il64,rsa256(composite),256,MONTGOMERYMULTIPLICATION,200000,0.002124063,94159164.367,0
library,Intel(R) Core(TM) i7-7700 CPU @ 3.60GHz,host-cpu,gmp-1t,rsa256(composite),256,COMPARE,200000,0.002075850,96346073.604,0
opencl-kernel,NVIDIA GeForce RTX 3060,GPU,w8,rsa256(composite),256,COMPARE,200000,0.000298398,670245727.453,0
opencl-e2e,NVIDIA GeForce RTX 3060,GPU,w8,rsa256(composite),256,COMPARE,200000,0.002334222,85681652.404,0
opencl-kernel,NVIDIA GeForce RTX 3060,GPU,w16,rsa256(composite),256,COMPARE,200000,0.000173171,1154927837.233,0
opencl-e2e,NVIDIA GeForce RTX 3060,GPU,w16,rsa256(composite),256,COMPARE,200000,0.002236809,89413088.042,0
opencl-kernel,NVIDIA GeForce RTX 3060,GPU,w32-opt,rsa256(composite),256,COMPARE,200000,0.000087433,2287465073.152,0
opencl-e2e,NVIDIA GeForce RTX 3060,GPU,w32-opt,rsa256(composite),256,COMPARE,200000,0.002259101,88530793.164,0
opencl-kernel,NVIDIA GeForce RTX 3060,GPU,w32-o64,rsa256(composite),256,COMPARE,200000,0.000087843,2276789647.022,0
opencl-e2e,NVIDIA GeForce RTX 3060,GPU,w32-o64,rsa256(composite),256,COMPARE,200000,0.002099787,95247756.014,0
opencl-kernel,NVIDIA GeForce RTX 3060,GPU,w32-il,rsa256(composite),256,COMPARE,200000,0.000031764,6296428887.561,0
opencl-e2e,NVIDIA GeForce RTX 3060,GPU,w32-il,rsa256(composite),256,COMPARE,200000,0.002168652,92223186.664,0
opencl-kernel,NVIDIA GeForce RTX 3060,GPU,w32-il64,rsa256(composite),256,COMPARE,200000,0.000031648,6319520472.018,0
opencl-e2e,NVIDIA GeForce RTX 3060,GPU,w32-il64,rsa256(composite),256,COMPARE,200000,0.002064042,96897254.563,0
library,Intel(R) Core(TM) i7-7700 CPU @ 3.60GHz,host-cpu,gmp-1t,rsa256(composite),256,REDUCE,25000,0.000769849,32473901.000,0
opencl-kernel,NVIDIA GeForce RTX 3060,GPU,w8,rsa256(composite),256,REDUCE,25000,0.000281670,88756359.891,0
opencl-e2e,NVIDIA GeForce RTX 3060,GPU,w8,rsa256(composite),256,REDUCE,25000,0.000669373,37348382.855,0
opencl-kernel,NVIDIA GeForce RTX 3060,GPU,w16,rsa256(composite),256,REDUCE,25000,0.000193684,129076218.840,0
opencl-e2e,NVIDIA GeForce RTX 3060,GPU,w16,rsa256(composite),256,REDUCE,25000,0.000626332,39914932.648,0
opencl-kernel,NVIDIA GeForce RTX 3060,GPU,w32-opt,rsa256(composite),256,REDUCE,25000,0.000067444,370677926.846,0
opencl-e2e,NVIDIA GeForce RTX 3060,GPU,w32-opt,rsa256(composite),256,REDUCE,25000,0.000476092,52510861.040,0
opencl-kernel,NVIDIA GeForce RTX 3060,GPU,w32-o64,rsa256(composite),256,REDUCE,25000,0.000065149,383735503.354,0
opencl-e2e,NVIDIA GeForce RTX 3060,GPU,w32-o64,rsa256(composite),256,REDUCE,25000,0.000494055,50601655.270,0
opencl-kernel,NVIDIA GeForce RTX 3060,GPU,w32-il,rsa256(composite),256,REDUCE,25000,0.000067498,370381284.004,0
opencl-e2e,NVIDIA GeForce RTX 3060,GPU,w32-il,rsa256(composite),256,REDUCE,25000,0.000474963,52635680.327,0
opencl-kernel,NVIDIA GeForce RTX 3060,GPU,w32-il64,rsa256(composite),256,REDUCE,25000,0.000063759,392101607.218,0
opencl-e2e,NVIDIA GeForce RTX 3060,GPU,w32-il64,rsa256(composite),256,REDUCE,25000,0.000491398,50875260.091,0
library,Intel(R) Core(TM) i7-7700 CPU @ 3.60GHz,host-cpu,gmp-1t,rsa256(composite),256,MODMUL,12500,0.001044354,11969121.649,0
opencl-kernel,NVIDIA GeForce RTX 3060,GPU,w8,rsa256(composite),256,MODMUL,20000,0.000562962,35526374.779,0
opencl-e2e,NVIDIA GeForce RTX 3060,GPU,w8,rsa256(composite),256,MODMUL,20000,0.000896252,22315152.603,0
opencl-kernel,NVIDIA GeForce RTX 3060,GPU,w16,rsa256(composite),256,MODMUL,20000,0.000356641,56078808.574,0
opencl-e2e,NVIDIA GeForce RTX 3060,GPU,w16,rsa256(composite),256,MODMUL,20000,0.000721476,27720950.500,0
opencl-kernel,NVIDIA GeForce RTX 3060,GPU,w32-opt,rsa256(composite),256,MODMUL,20000,0.000157345,127109195.873,0
opencl-e2e,NVIDIA GeForce RTX 3060,GPU,w32-opt,rsa256(composite),256,MODMUL,20000,0.000434827,45995303.742,0
opencl-kernel,NVIDIA GeForce RTX 3060,GPU,w32-o64,rsa256(composite),256,MODMUL,20000,0.000129222,154772411.058,0
opencl-e2e,NVIDIA GeForce RTX 3060,GPU,w32-o64,rsa256(composite),256,MODMUL,20000,0.000493586,40519787.413,0
opencl-kernel,NVIDIA GeForce RTX 3060,GPU,w32-il,rsa256(composite),256,MODMUL,20000,0.000156731,127607177.728,0
opencl-e2e,NVIDIA GeForce RTX 3060,GPU,w32-il,rsa256(composite),256,MODMUL,20000,0.000502972,39763641.044,0
opencl-kernel,NVIDIA GeForce RTX 3060,GPU,w32-il64,rsa256(composite),256,MODMUL,20000,0.000128416,155743838.272,0
opencl-e2e,NVIDIA GeForce RTX 3060,GPU,w32-il64,rsa256(composite),256,MODMUL,20000,0.000494022,40484028.620,0
library,Intel(R) Core(TM) i7-7700 CPU @ 3.60GHz,host-cpu,gmp-1t,rsa256(composite),256,MODEXP,3125,0.027502944,113624.200,0
opencl-kernel,NVIDIA GeForce RTX 3060,GPU,w8,rsa256(composite),256,MODEXP,20000,0.025289075,790855.340,0
opencl-e2e,NVIDIA GeForce RTX 3060,GPU,w8,rsa256(composite),256,MODEXP,20000,0.025650606,779708.674,0
opencl-kernel,NVIDIA GeForce RTX 3060,GPU,w16,rsa256(composite),256,MODEXP,20000,0.005246038,3812400.883,0
opencl-e2e,NVIDIA GeForce RTX 3060,GPU,w16,rsa256(composite),256,MODEXP,20000,0.005627467,3553996.848,0
opencl-kernel,NVIDIA GeForce RTX 3060,GPU,w32-opt,rsa256(composite),256,MODEXP,20000,0.003379910,5917317.290,0
opencl-e2e,NVIDIA GeForce RTX 3060,GPU,w32-opt,rsa256(composite),256,MODEXP,20000,0.003710195,5390552.227,0
opencl-kernel,NVIDIA GeForce RTX 3060,GPU,w32-o64,rsa256(composite),256,MODEXP,20000,0.001952976,10240781.310,0
opencl-e2e,NVIDIA GeForce RTX 3060,GPU,w32-o64,rsa256(composite),256,MODEXP,20000,0.002329108,8586978.310,0
opencl-kernel,NVIDIA GeForce RTX 3060,GPU,w32-il,rsa256(composite),256,MODEXP,20000,0.003381296,5914891.800,0
opencl-e2e,NVIDIA GeForce RTX 3060,GPU,w32-il,rsa256(composite),256,MODEXP,20000,0.003748016,5336156.481,0
opencl-kernel,NVIDIA GeForce RTX 3060,GPU,w32-il64,rsa256(composite),256,MODEXP,20000,0.001894200,10558547.212,0
opencl-e2e,NVIDIA GeForce RTX 3060,GPU,w32-il64,rsa256(composite),256,MODEXP,20000,0.002267429,8820562.759,0
library,Intel(R) Core(TM) i7-7700 CPU @ 3.60GHz,host-cpu,gmp-1t,rsa256(composite),256,EXPONENTIATION,3125,0.009963038,313659.349,0
opencl-kernel,NVIDIA GeForce RTX 3060,GPU,w8,rsa256(composite),256,EXPONENTIATION,20000,0.038924184,513819.378,0
opencl-e2e,NVIDIA GeForce RTX 3060,GPU,w8,rsa256(composite),256,EXPONENTIATION,20000,0.039352408,508228.111,0
opencl-kernel,NVIDIA GeForce RTX 3060,GPU,w16,rsa256(composite),256,EXPONENTIATION,20000,0.013818404,1447345.150,0
opencl-e2e,NVIDIA GeForce RTX 3060,GPU,w16,rsa256(composite),256,EXPONENTIATION,20000,0.014151520,1413275.749,0
opencl-kernel,NVIDIA GeForce RTX 3060,GPU,w32-opt,rsa256(composite),256,EXPONENTIATION,20000,0.000679204,29446233.791,0
opencl-e2e,NVIDIA GeForce RTX 3060,GPU,w32-opt,rsa256(composite),256,EXPONENTIATION,20000,0.001037829,19270996.849,0
opencl-kernel,NVIDIA GeForce RTX 3060,GPU,w32-o64,rsa256(composite),256,EXPONENTIATION,20000,0.000562628,35547464.470,0
opencl-e2e,NVIDIA GeForce RTX 3060,GPU,w32-o64,rsa256(composite),256,EXPONENTIATION,20000,0.000928173,21547706.784,0
opencl-kernel,NVIDIA GeForce RTX 3060,GPU,w32-il,rsa256(composite),256,EXPONENTIATION,20000,0.000677177,29534376.495,0
opencl-e2e,NVIDIA GeForce RTX 3060,GPU,w32-il,rsa256(composite),256,EXPONENTIATION,20000,0.001021059,19587506.751,0
opencl-kernel,NVIDIA GeForce RTX 3060,GPU,w32-il64,rsa256(composite),256,EXPONENTIATION,20000,0.000537123,37235418.574,0
opencl-e2e,NVIDIA GeForce RTX 3060,GPU,w32-il64,rsa256(composite),256,EXPONENTIATION,20000,0.000902732,22154969.107,0
library,Intel(R) Core(TM) i7-7700 CPU @ 3.60GHz,host-cpu,gmp-1t,rsa256(composite),256,DIVIDE,25000,0.001106465,22594478.762,0
opencl-kernel,NVIDIA GeForce RTX 3060,GPU,w8,rsa256(composite),256,DIVIDE,25000,0.000534554,46767958.772,0
opencl-e2e,NVIDIA GeForce RTX 3060,GPU,w8,rsa256(composite),256,DIVIDE,25000,0.001031407,24238734.538,0
opencl-kernel,NVIDIA GeForce RTX 3060,GPU,w16,rsa256(composite),256,DIVIDE,25000,0.000339535,73630110.299,0
opencl-e2e,NVIDIA GeForce RTX 3060,GPU,w16,rsa256(composite),256,DIVIDE,25000,0.000830839,30090064.178,0
opencl-kernel,NVIDIA GeForce RTX 3060,GPU,w32-opt,rsa256(composite),256,DIVIDE,25000,0.000130271,191907616.266,0
opencl-e2e,NVIDIA GeForce RTX 3060,GPU,w32-opt,rsa256(composite),256,DIVIDE,25000,0.000631318,39599696.993,0
opencl-kernel,NVIDIA GeForce RTX 3060,GPU,w32-o64,rsa256(composite),256,DIVIDE,25000,0.000133129,187787768.736,0
opencl-e2e,NVIDIA GeForce RTX 3060,GPU,w32-o64,rsa256(composite),256,DIVIDE,25000,0.000655210,38155706.103,0
opencl-kernel,NVIDIA GeForce RTX 3060,GPU,w32-il,rsa256(composite),256,DIVIDE,25000,0.000120286,207837960.453,0
opencl-e2e,NVIDIA GeForce RTX 3060,GPU,w32-il,rsa256(composite),256,DIVIDE,25000,0.000621387,40232577.882,0
opencl-kernel,NVIDIA GeForce RTX 3060,GPU,w32-il64,rsa256(composite),256,DIVIDE,25000,0.000117398,212950741.119,0
opencl-e2e,NVIDIA GeForce RTX 3060,GPU,w32-il64,rsa256(composite),256,DIVIDE,25000,0.000639380,39100377.633,0
library,Intel(R) Core(TM) i7-7700 CPU @ 3.60GHz,host-cpu,gmp-1t,rsa256(composite),256,ISQRT,6250,0.000515783,12117499.665,0
opencl-kernel,NVIDIA GeForce RTX 3060,GPU,w8,rsa256(composite),256,ISQRT,20000,0.005217592,3833185.884,0
opencl-e2e,NVIDIA GeForce RTX 3060,GPU,w8,rsa256(composite),256,ISQRT,20000,0.005568183,3591835.955,0
opencl-kernel,NVIDIA GeForce RTX 3060,GPU,w16,rsa256(composite),256,ISQRT,20000,0.003991695,5010402.843,0
opencl-e2e,NVIDIA GeForce RTX 3060,GPU,w16,rsa256(composite),256,ISQRT,20000,0.004369098,4577603.895,0
opencl-kernel,NVIDIA GeForce RTX 3060,GPU,w32-opt,rsa256(composite),256,ISQRT,20000,0.001001362,19972797.243,0
opencl-e2e,NVIDIA GeForce RTX 3060,GPU,w32-opt,rsa256(composite),256,ISQRT,20000,0.001361443,14690295.292,0
opencl-kernel,NVIDIA GeForce RTX 3060,GPU,w32-o64,rsa256(composite),256,ISQRT,20000,0.000863751,23154821.532,0
opencl-e2e,NVIDIA GeForce RTX 3060,GPU,w32-o64,rsa256(composite),256,ISQRT,20000,0.001208258,16552756.420,0
opencl-kernel,NVIDIA GeForce RTX 3060,GPU,w32-il,rsa256(composite),256,ISQRT,20000,0.000874912,22859442.940,0
opencl-e2e,NVIDIA GeForce RTX 3060,GPU,w32-il,rsa256(composite),256,ISQRT,20000,0.001238284,16151383.790,0
opencl-kernel,NVIDIA GeForce RTX 3060,GPU,w32-il64,rsa256(composite),256,ISQRT,20000,0.000793965,25190026.967,0
opencl-e2e,NVIDIA GeForce RTX 3060,GPU,w32-il64,rsa256(composite),256,ISQRT,20000,0.001172690,17054805.443,0
library,Intel(R) Core(TM) i7-7700 CPU @ 3.60GHz,host-cpu,gmp-1t,rsa256(composite),256,MODMUL_R2,200000,0.017479251,11442137.904,0
opencl-kernel,NVIDIA GeForce RTX 3060,GPU,w8,rsa256(composite),256,MODMUL_R2,200000,0.001172819,170529297.330,0
opencl-e2e,NVIDIA GeForce RTX 3060,GPU,w8,rsa256(composite),256,MODMUL_R2,200000,0.003233313,61856058.394,0
opencl-kernel,NVIDIA GeForce RTX 3060,GPU,w16,rsa256(composite),256,MODMUL_R2,200000,0.000233902,855059118.431,0
opencl-e2e,NVIDIA GeForce RTX 3060,GPU,w16,rsa256(composite),256,MODMUL_R2,200000,0.002243236,89156914.453,0
opencl-kernel,NVIDIA GeForce RTX 3060,GPU,w32-opt,rsa256(composite),256,MODMUL_R2,200000,0.000157416,1270519014.963,0
opencl-e2e,NVIDIA GeForce RTX 3060,GPU,w32-opt,rsa256(composite),256,MODMUL_R2,200000,0.002350054,85104425.902,0
opencl-kernel,NVIDIA GeForce RTX 3060,GPU,w32-o64,rsa256(composite),256,MODMUL_R2,200000,0.000162866,1228003202.554,0
opencl-e2e,NVIDIA GeForce RTX 3060,GPU,w32-o64,rsa256(composite),256,MODMUL_R2,200000,0.002198158,90985270.119,0
opencl-kernel,NVIDIA GeForce RTX 3060,GPU,w32-il,rsa256(composite),256,MODMUL_R2,200000,0.000155072,1289723325.515,0
opencl-e2e,NVIDIA GeForce RTX 3060,GPU,w32-il,rsa256(composite),256,MODMUL_R2,200000,0.002298782,87002595.381,0
opencl-kernel,NVIDIA GeForce RTX 3060,GPU,w32-il64,rsa256(composite),256,MODMUL_R2,200000,0.000153192,1305551461.689,0
opencl-e2e,NVIDIA GeForce RTX 3060,GPU,w32-il64,rsa256(composite),256,MODMUL_R2,200000,0.002224058,89925713.540,0
library,Intel(R) Core(TM) i7-7700 CPU @ 3.60GHz,host-cpu,gmp-1t,brainpoolP512r1,512,ADD,100000,0.002335167,42823489.267,0
opencl-kernel,NVIDIA GeForce RTX 3060,GPU,w8,brainpoolP512r1,512,ADD,100000,0.000384010,260409868.002,0
opencl-e2e,NVIDIA GeForce RTX 3060,GPU,w8,brainpoolP512r1,512,ADD,100000,0.002451652,40788823.834,0
opencl-kernel,NVIDIA GeForce RTX 3060,GPU,w16,brainpoolP512r1,512,ADD,100000,0.000201577,496088413.677,0
opencl-e2e,NVIDIA GeForce RTX 3060,GPU,w16,brainpoolP512r1,512,ADD,100000,0.002289907,43669896.545,0
opencl-kernel,NVIDIA GeForce RTX 3060,GPU,w32,brainpoolP512r1,512,ADD,100000,0.000388306,257528867.047,0
opencl-e2e,NVIDIA GeForce RTX 3060,GPU,w32,brainpoolP512r1,512,ADD,100000,0.002588461,38632994.983,0
opencl-kernel,NVIDIA GeForce RTX 3060,GPU,w32-opt,brainpoolP512r1,512,ADD,100000,0.000120883,827246230.608,0
opencl-e2e,NVIDIA GeForce RTX 3060,GPU,w32-opt,brainpoolP512r1,512,ADD,100000,0.002288528,43696209.592,0
opencl-kernel,NVIDIA GeForce RTX 3060,GPU,w32-o64,brainpoolP512r1,512,ADD,100000,0.000122923,813517428.205,0
opencl-e2e,NVIDIA GeForce RTX 3060,GPU,w32-o64,brainpoolP512r1,512,ADD,100000,0.002173365,46011598.771,0
opencl-kernel,NVIDIA GeForce RTX 3060,GPU,w32-il,brainpoolP512r1,512,ADD,100000,0.000075952,1316621451.897,0
opencl-e2e,NVIDIA GeForce RTX 3060,GPU,w32-il,brainpoolP512r1,512,ADD,100000,0.002232199,44798873.000,0
opencl-kernel,NVIDIA GeForce RTX 3060,GPU,w32-il64,brainpoolP512r1,512,ADD,100000,0.000104659,955483962.652,0
opencl-e2e,NVIDIA GeForce RTX 3060,GPU,w32-il64,brainpoolP512r1,512,ADD,100000,0.002131701,46910894.573,0
library,Intel(R) Core(TM) i7-7700 CPU @ 3.60GHz,host-cpu,gmp-1t,brainpoolP512r1,512,SUBTRACT,100000,0.001930134,51809873.758,0
opencl-kernel,NVIDIA GeForce RTX 3060,GPU,w8,brainpoolP512r1,512,SUBTRACT,100000,0.000384070,260369217.638,0
opencl-e2e,NVIDIA GeForce RTX 3060,GPU,w8,brainpoolP512r1,512,SUBTRACT,100000,0.002479691,40327605.332,0
opencl-kernel,NVIDIA GeForce RTX 3060,GPU,w16,brainpoolP512r1,512,SUBTRACT,100000,0.000202626,493520105.898,0
opencl-e2e,NVIDIA GeForce RTX 3060,GPU,w16,brainpoolP512r1,512,SUBTRACT,100000,0.002291120,43646775.249,0
opencl-kernel,NVIDIA GeForce RTX 3060,GPU,w32,brainpoolP512r1,512,SUBTRACT,100000,0.000386082,259012344.098,0
opencl-e2e,NVIDIA GeForce RTX 3060,GPU,w32,brainpoolP512r1,512,SUBTRACT,100000,0.002578031,38789293.360,0
opencl-kernel,NVIDIA GeForce RTX 3060,GPU,w32-opt,brainpoolP512r1,512,SUBTRACT,100000,0.000120150,832293081.015,0
opencl-e2e,NVIDIA GeForce RTX 3060,GPU,w32-opt,brainpoolP512r1,512,SUBTRACT,100000,0.002328401,42947929.274,0
opencl-kernel,NVIDIA GeForce RTX 3060,GPU,w32-o64,brainpoolP512r1,512,SUBTRACT,100000,0.000121355,824028686.010,0
opencl-e2e,NVIDIA GeForce RTX 3060,GPU,w32-o64,brainpoolP512r1,512,SUBTRACT,100000,0.002190030,45661474.847,0
opencl-kernel,NVIDIA GeForce RTX 3060,GPU,w32-il,brainpoolP512r1,512,SUBTRACT,100000,0.000076249,1311492454.968,0
opencl-e2e,NVIDIA GeForce RTX 3060,GPU,w32-il,brainpoolP512r1,512,SUBTRACT,100000,0.002257097,44304697.806,0
opencl-kernel,NVIDIA GeForce RTX 3060,GPU,w32-il64,brainpoolP512r1,512,SUBTRACT,100000,0.000105128,951221519.696,0
opencl-e2e,NVIDIA GeForce RTX 3060,GPU,w32-il64,brainpoolP512r1,512,SUBTRACT,100000,0.002159675,46303264.445,0
library,Intel(R) Core(TM) i7-7700 CPU @ 3.60GHz,host-cpu,gmp-1t,brainpoolP512r1,512,ADDMOD,100000,0.005041256,19836326.412,0
opencl-kernel,NVIDIA GeForce RTX 3060,GPU,w8,brainpoolP512r1,512,ADDMOD,100000,0.000528169,189333324.340,0
opencl-e2e,NVIDIA GeForce RTX 3060,GPU,w8,brainpoolP512r1,512,ADDMOD,100000,0.002577313,38800099.336,0
opencl-kernel,NVIDIA GeForce RTX 3060,GPU,w16,brainpoolP512r1,512,ADDMOD,100000,0.000275773,362617084.925,0
opencl-e2e,NVIDIA GeForce RTX 3060,GPU,w16,brainpoolP512r1,512,ADDMOD,100000,0.002328290,42949976.831,0
opencl-kernel,NVIDIA GeForce RTX 3060,GPU,w32,brainpoolP512r1,512,ADDMOD,100000,0.000288929,346105820.223,0
opencl-e2e,NVIDIA GeForce RTX 3060,GPU,w32,brainpoolP512r1,512,ADDMOD,100000,0.002510499,39832717.967,0
opencl-kernel,NVIDIA GeForce RTX 3060,GPU,w32-opt,brainpoolP512r1,512,ADDMOD,100000,0.000129546,771926689.950,0
opencl-e2e,NVIDIA GeForce RTX 3060,GPU,w32-opt,brainpoolP512r1,512,ADDMOD,100000,0.002309792,43293940.967,0
opencl-kernel,NVIDIA GeForce RTX 3060,GPU,w32-o64,brainpoolP512r1,512,ADDMOD,100000,0.000130230,767872007.723,0
opencl-e2e,NVIDIA GeForce RTX 3060,GPU,w32-o64,brainpoolP512r1,512,ADDMOD,100000,0.002227036,44902731.876,0
opencl-kernel,NVIDIA GeForce RTX 3060,GPU,w32-il,brainpoolP512r1,512,ADDMOD,100000,0.000086712,1153242777.175,0
opencl-e2e,NVIDIA GeForce RTX 3060,GPU,w32-il,brainpoolP512r1,512,ADDMOD,100000,0.002223904,44965969.516,0
opencl-kernel,NVIDIA GeForce RTX 3060,GPU,w32-il64,brainpoolP512r1,512,ADDMOD,100000,0.000073331,1363679739.518,0
opencl-e2e,NVIDIA GeForce RTX 3060,GPU,w32-il64,brainpoolP512r1,512,ADDMOD,100000,0.002074202,48211312.138,0
library,Intel(R) Core(TM) i7-7700 CPU @ 3.60GHz,host-cpu,gmp-1t,brainpoolP512r1,512,SUBTRACTMOD,100000,0.004522715,22110612.779,0
opencl-kernel,NVIDIA GeForce RTX 3060,GPU,w8,brainpoolP512r1,512,SUBTRACTMOD,100000,0.000602412,165999338.935,0
opencl-e2e,NVIDIA GeForce RTX 3060,GPU,w8,brainpoolP512r1,512,SUBTRACTMOD,100000,0.002651577,37713406.015,0
opencl-kernel,NVIDIA GeForce RTX 3060,GPU,w16,brainpoolP512r1,512,SUBTRACTMOD,100000,0.000309360,323248015.980,0
opencl-e2e,NVIDIA GeForce RTX 3060,GPU,w16,brainpoolP512r1,512,SUBTRACTMOD,100000,0.002395836,41739083.031,0
opencl-kernel,NVIDIA GeForce RTX 3060,GPU,w32,brainpoolP512r1,512,SUBTRACTMOD,100000,0.000311285,321248990.882,0
opencl-e2e,NVIDIA GeForce RTX 3060,GPU,w32,brainpoolP512r1,512,SUBTRACTMOD,100000,0.002492681,40117447.370,0
opencl-kernel,NVIDIA GeForce RTX 3060,GPU,w32-opt,brainpoolP512r1,512,SUBTRACTMOD,100000,0.000134550,743218262.716,0
opencl-e2e,NVIDIA GeForce RTX 3060,GPU,w32-opt,brainpoolP512r1,512,SUBTRACTMOD,100000,0.002326844,42976667.679,0
opencl-kernel,NVIDIA GeForce RTX 3060,GPU,w32-o64,brainpoolP512r1,512,SUBTRACTMOD,100000,0.000133493,749103039.690,0
opencl-e2e,NVIDIA GeForce RTX 3060,GPU,w32-o64,brainpoolP512r1,512,SUBTRACTMOD,100000,0.002184637,45774194.828,0
opencl-kernel,NVIDIA GeForce RTX 3060,GPU,w32-il,brainpoolP512r1,512,SUBTRACTMOD,100000,0.000085950,1163466940.086,0
opencl-e2e,NVIDIA GeForce RTX 3060,GPU,w32-il,brainpoolP512r1,512,SUBTRACTMOD,100000,0.002256372,44318932.986,0
opencl-kernel,NVIDIA GeForce RTX 3060,GPU,w32-il64,brainpoolP512r1,512,SUBTRACTMOD,100000,0.000073208,1365970783.587,0
opencl-e2e,NVIDIA GeForce RTX 3060,GPU,w32-il64,brainpoolP512r1,512,SUBTRACTMOD,100000,0.002109760,47398756.008,0
library,Intel(R) Core(TM) i7-7700 CPU @ 3.60GHz,host-cpu,gmp-1t,brainpoolP512r1,512,MULTIPLYOPERANDSCANNING,100000,0.004887303,20461182.589,0
opencl-kernel,NVIDIA GeForce RTX 3060,GPU,w8,brainpoolP512r1,512,MULTIPLYOPERANDSCANNING,100000,0.037312097,2680095.950,0
opencl-e2e,NVIDIA GeForce RTX 3060,GPU,w8,brainpoolP512r1,512,MULTIPLYOPERANDSCANNING,100000,0.040147491,2490815.679,0
opencl-kernel,NVIDIA GeForce RTX 3060,GPU,w16,brainpoolP512r1,512,MULTIPLYOPERANDSCANNING,100000,0.009771414,10233933.406,0
opencl-e2e,NVIDIA GeForce RTX 3060,GPU,w16,brainpoolP512r1,512,MULTIPLYOPERANDSCANNING,100000,0.012543657,7972156.740,0
opencl-kernel,NVIDIA GeForce RTX 3060,GPU,w32,brainpoolP512r1,512,MULTIPLYOPERANDSCANNING,100000,0.009861952,10139980.417,0
opencl-e2e,NVIDIA GeForce RTX 3060,GPU,w32,brainpoolP512r1,512,MULTIPLYOPERANDSCANNING,100000,0.012877755,7765328.672,0
opencl-kernel,NVIDIA GeForce RTX 3060,GPU,w32-opt,brainpoolP512r1,512,MULTIPLYOPERANDSCANNING,100000,0.000454983,219788415.374,0
opencl-e2e,NVIDIA GeForce RTX 3060,GPU,w32-opt,brainpoolP512r1,512,MULTIPLYOPERANDSCANNING,100000,0.003232353,30937214.919,0
opencl-kernel,NVIDIA GeForce RTX 3060,GPU,w32-o64,brainpoolP512r1,512,MULTIPLYOPERANDSCANNING,100000,0.000455830,219380025.590,0
opencl-e2e,NVIDIA GeForce RTX 3060,GPU,w32-o64,brainpoolP512r1,512,MULTIPLYOPERANDSCANNING,100000,0.003172563,31520256.834,0
opencl-kernel,NVIDIA GeForce RTX 3060,GPU,w32-il,brainpoolP512r1,512,MULTIPLYOPERANDSCANNING,100000,0.000253778,394045265.182,0
opencl-e2e,NVIDIA GeForce RTX 3060,GPU,w32-il,brainpoolP512r1,512,MULTIPLYOPERANDSCANNING,100000,0.003054704,32736396.136,0
opencl-kernel,NVIDIA GeForce RTX 3060,GPU,w32-il64,brainpoolP512r1,512,MULTIPLYOPERANDSCANNING,100000,0.000234110,427149649.066,0
opencl-e2e,NVIDIA GeForce RTX 3060,GPU,w32-il64,brainpoolP512r1,512,MULTIPLYOPERANDSCANNING,100000,0.002937085,34047363.343,0
library,Intel(R) Core(TM) i7-7700 CPU @ 3.60GHz,host-cpu,gmp-1t,brainpoolP512r1,512,MULTIPLYPRODUCTSCANNING,100000,0.004891634,20443066.482,0
opencl-kernel,NVIDIA GeForce RTX 3060,GPU,w8,brainpoolP512r1,512,MULTIPLYPRODUCTSCANNING,100000,0.008311707,12031222.945,0
opencl-e2e,NVIDIA GeForce RTX 3060,GPU,w8,brainpoolP512r1,512,MULTIPLYPRODUCTSCANNING,100000,0.011098910,9009893.759,0
opencl-kernel,NVIDIA GeForce RTX 3060,GPU,w16,brainpoolP512r1,512,MULTIPLYPRODUCTSCANNING,100000,0.002266748,44116064.199,0
opencl-e2e,NVIDIA GeForce RTX 3060,GPU,w16,brainpoolP512r1,512,MULTIPLYPRODUCTSCANNING,100000,0.004982139,20071699.958,0
opencl-kernel,NVIDIA GeForce RTX 3060,GPU,w32,brainpoolP512r1,512,MULTIPLYPRODUCTSCANNING,100000,0.001302335,76785158.737,0
opencl-e2e,NVIDIA GeForce RTX 3060,GPU,w32,brainpoolP512r1,512,MULTIPLYPRODUCTSCANNING,100000,0.004104510,24363444.413,0
opencl-kernel,NVIDIA GeForce RTX 3060,GPU,w32-opt,brainpoolP512r1,512,MULTIPLYPRODUCTSCANNING,100000,0.000679777,147107065.166,0
opencl-e2e,NVIDIA GeForce RTX 3060,GPU,w32-opt,brainpoolP512r1,512,MULTIPLYPRODUCTSCANNING,100000,0.003453654,28954840.258,0
opencl-kernel,NVIDIA GeForce RTX 3060,GPU,w32-o64,brainpoolP512r1,512,MULTIPLYPRODUCTSCANNING,100000,0.000679511,147164653.351,0
opencl-e2e,NVIDIA GeForce RTX 3060,GPU,w32-o64,brainpoolP512r1,512,MULTIPLYPRODUCTSCANNING,100000,0.003338528,29953320.905,0
opencl-kernel,NVIDIA GeForce RTX 3060,GPU,w32-il,brainpoolP512r1,512,MULTIPLYPRODUCTSCANNING,100000,0.000315390,317067753.982,0
opencl-e2e,NVIDIA GeForce RTX 3060,GPU,w32-il,brainpoolP512r1,512,MULTIPLYPRODUCTSCANNING,100000,0.003103685,32219764.140,0
opencl-kernel,NVIDIA GeForce RTX 3060,GPU,w32-il64,brainpoolP512r1,512,MULTIPLYPRODUCTSCANNING,100000,0.000452506,220991541.594,0
opencl-e2e,NVIDIA GeForce RTX 3060,GPU,w32-il64,brainpoolP512r1,512,MULTIPLYPRODUCTSCANNING,100000,0.003145086,31795632.964,0
library,Intel(R) Core(TM) i7-7700 CPU @ 3.60GHz,host-cpu,gmp-1t,brainpoolP512r1,512,MONTGOMERYMULTIPLICATION,100000,0.033158376,3015829.243,0
opencl-kernel,NVIDIA GeForce RTX 3060,GPU,w8,brainpoolP512r1,512,MONTGOMERYMULTIPLICATION,100000,0.002006382,49840957.928,0
opencl-e2e,NVIDIA GeForce RTX 3060,GPU,w8,brainpoolP512r1,512,MONTGOMERYMULTIPLICATION,100000,0.004099673,24392189.272,0
opencl-kernel,NVIDIA GeForce RTX 3060,GPU,w16,brainpoolP512r1,512,MONTGOMERYMULTIPLICATION,100000,0.000578788,172774835.103,0
opencl-e2e,NVIDIA GeForce RTX 3060,GPU,w16,brainpoolP512r1,512,MONTGOMERYMULTIPLICATION,100000,0.002625173,38092728.216,0
opencl-kernel,NVIDIA GeForce RTX 3060,GPU,w32,brainpoolP512r1,512,MONTGOMERYMULTIPLICATION,100000,0.000102886,971949547.853,0
opencl-e2e,NVIDIA GeForce RTX 3060,GPU,w32,brainpoolP512r1,512,MONTGOMERYMULTIPLICATION,100000,0.002228840,44866388.637,0
opencl-kernel,NVIDIA GeForce RTX 3060,GPU,w32-opt,brainpoolP512r1,512,MONTGOMERYMULTIPLICATION,100000,0.000177278,564085758.237,0
opencl-e2e,NVIDIA GeForce RTX 3060,GPU,w32-opt,brainpoolP512r1,512,MONTGOMERYMULTIPLICATION,100000,0.002310501,43280656.370,0
opencl-kernel,NVIDIA GeForce RTX 3060,GPU,w32-o64,brainpoolP512r1,512,MONTGOMERYMULTIPLICATION,100000,0.000137579,726855184.383,0
opencl-e2e,NVIDIA GeForce RTX 3060,GPU,w32-o64,brainpoolP512r1,512,MONTGOMERYMULTIPLICATION,100000,0.002145256,46614483.871,0
opencl-kernel,NVIDIA GeForce RTX 3060,GPU,w32-il,brainpoolP512r1,512,MONTGOMERYMULTIPLICATION,100000,0.000162894,613896287.329,0
opencl-e2e,NVIDIA GeForce RTX 3060,GPU,w32-il,brainpoolP512r1,512,MONTGOMERYMULTIPLICATION,100000,0.002401877,41634104.980,0
opencl-kernel,NVIDIA GeForce RTX 3060,GPU,w32-il64,brainpoolP512r1,512,MONTGOMERYMULTIPLICATION,100000,0.000149155,670443599.927,0
opencl-e2e,NVIDIA GeForce RTX 3060,GPU,w32-il64,brainpoolP512r1,512,MONTGOMERYMULTIPLICATION,100000,0.002219491,45055375.350,0
library,Intel(R) Core(TM) i7-7700 CPU @ 3.60GHz,host-cpu,gmp-1t,brainpoolP512r1,512,COMPARE,100000,0.001276740,78324483.317,0
opencl-kernel,NVIDIA GeForce RTX 3060,GPU,w8,brainpoolP512r1,512,COMPARE,100000,0.000379143,263752732.295,0
opencl-e2e,NVIDIA GeForce RTX 3060,GPU,w8,brainpoolP512r1,512,COMPARE,100000,0.002458511,40675026.823,0
opencl-kernel,NVIDIA GeForce RTX 3060,GPU,w16,brainpoolP512r1,512,COMPARE,100000,0.000199071,502333299.922,0
opencl-e2e,NVIDIA GeForce RTX 3060,GPU,w16,brainpoolP512r1,512,COMPARE,100000,0.002283633,43789873.645,0
opencl-kernel,NVIDIA GeForce RTX 3060,GPU,w32-opt,brainpoolP512r1,512,COMPARE,100000,0.000107877,926981528.970,0
opencl-e2e,NVIDIA GeForce RTX 3060,GPU,w32-opt,brainpoolP512r1,512,COMPARE,100000,0.002286450,43735922.384,0
opencl-kernel,NVIDIA GeForce RTX 3060,GPU,w32-o64,brainpoolP512r1,512,COMPARE,100000,0.000107901,926775502.515,0
opencl-e2e,NVIDIA GeForce RTX 3060,GPU,w32-o64,brainpoolP512r1,512,COMPARE,100000,0.002160082,46294537.804,0
opencl-kernel,NVIDIA GeForce RTX 3060,GPU,w32-il,brainpoolP512r1,512,COMPARE,100000,0.000029075,3439378821.834,0
opencl-e2e,NVIDIA GeForce RTX 3060,GPU,w32-il,brainpoolP512r1,512,COMPARE,100000,0.002123973,47081578.154,0
opencl-kernel,NVIDIA GeForce RTX 3060,GPU,w32-il64,brainpoolP512r1,512,COMPARE,100000,0.000030272,3303382663.454,0
opencl-e2e,NVIDIA GeForce RTX 3060,GPU,w32-il64,brainpoolP512r1,512,COMPARE,100000,0.002051916,48734937.716,0
library,Intel(R) Core(TM) i7-7700 CPU @ 3.60GHz,host-cpu,gmp-1t,brainpoolP512r1,512,REDUCE,12500,0.000403158,31005212.496,0
opencl-kernel,NVIDIA GeForce RTX 3060,GPU,w8,brainpoolP512r1,512,REDUCE,20000,0.000614839,32528839.619,0
opencl-e2e,NVIDIA GeForce RTX 3060,GPU,w8,brainpoolP512r1,512,REDUCE,20000,0.001156994,17286174.838,0
opencl-kernel,NVIDIA GeForce RTX 3060,GPU,w16,brainpoolP512r1,512,REDUCE,20000,0.000492521,40607407.254,0
opencl-e2e,NVIDIA GeForce RTX 3060,GPU,w16,brainpoolP512r1,512,REDUCE,20000,0.001067964,18727222.824,0
opencl-kernel,NVIDIA GeForce RTX 3060,GPU,w32-opt,brainpoolP512r1,512,REDUCE,20000,0.000142585,140267246.116,0
opencl-e2e,NVIDIA GeForce RTX 3060,GPU,w32-opt,brainpoolP512r1,512,REDUCE,20000,0.000706046,28326766.053,0
opencl-kernel,NVIDIA GeForce RTX 3060,GPU,w32-o64,brainpoolP512r1,512,REDUCE,20000,0.000136204,146838622.305,0
opencl-e2e,NVIDIA GeForce RTX 3060,GPU,w32-o64,brainpoolP512r1,512,REDUCE,20000,0.000695632,28750833.197,0
opencl-kernel,NVIDIA GeForce RTX 3060,GPU,w32-il,brainpoolP512r1,512,REDUCE,20000,0.000132539,150899025.859,0
opencl-e2e,NVIDIA GeForce RTX 3060,GPU,w32-il,brainpoolP512r1,512,REDUCE,20000,0.000711110,28125043.428,0
opencl-kernel,NVIDIA GeForce RTX 3060,GPU,w32-il64,brainpoolP512r1,512,REDUCE,20000,0.000156781,127566481.422,0
opencl-e2e,NVIDIA GeForce RTX 3060,GPU,w32-il64,brainpoolP512r1,512,REDUCE,20000,0.000728958,27436423.126,0
library,Intel(R) Core(TM) i7-7700 CPU @ 3.60GHz,host-cpu,gmp-1t,brainpoolP512r1,512,MODMUL,6250,0.001020818,6122541.187,0
opencl-kernel,NVIDIA GeForce RTX 3060,GPU,w8,brainpoolP512r1,512,MODMUL,20000,0.001761260,11355506.628,0
opencl-e2e,NVIDIA GeForce RTX 3060,GPU,w8,brainpoolP512r1,512,MODMUL,20000,0.002339405,8549182.350,0
opencl-kernel,NVIDIA GeForce RTX 3060,GPU,w16,brainpoolP512r1,512,MODMUL,20000,0.001256691,15914811.187,0
opencl-e2e,NVIDIA GeForce RTX 3060,GPU,w16,brainpoolP512r1,512,MODMUL,20000,0.001867737,10708145.850,0
opencl-kernel,NVIDIA GeForce RTX 3060,GPU,w32-opt,brainpoolP512r1,512,MODMUL,20000,0.000529524,37769766.641,0
opencl-e2e,NVIDIA GeForce RTX 3060,GPU,w32-opt,brainpoolP512r1,512,MODMUL,20000,0.001089765,18352580.741,0
opencl-kernel,NVIDIA GeForce RTX 3060,GPU,w32-o64,brainpoolP512r1,512,MODMUL,20000,0.000427371,46797746.347,0
opencl-e2e,NVIDIA GeForce RTX 3060,GPU,w32-o64,brainpoolP512r1,512,MODMUL,20000,0.001025693,19499012.511,0
opencl-kernel,NVIDIA GeForce RTX 3060,GPU,w32-il,brainpoolP512r1,512,MODMUL,20000,0.000532563,37554245.168,0
opencl-e2e,NVIDIA GeForce RTX 3060,GPU,w32-il,brainpoolP512r1,512,MODMUL,20000,0.001108793,18037632.567,0
opencl-kernel,NVIDIA GeForce RTX 3060,GPU,w32-il64,brainpoolP512r1,512,MODMUL,20000,0.000513361,38958938.449,0
opencl-e2e,NVIDIA GeForce RTX 3060,GPU,w32-il64,brainpoolP512r1,512,MODMUL,20000,0.001094433,18274302.544,0
library,Intel(R) Core(TM) i7-7700 CPU @ 3.60GHz,host-cpu,gmp-1t,brainpoolP512r1,512,MODEXP,1562,0.076734161,20355.992,0
opencl-kernel,NVIDIA GeForce RTX 3060,GPU,w8,brainpoolP512r1,512,MODEXP,20000,0.368964043,54205.824,0
opencl-e2e,NVIDIA GeForce RTX 3060,GPU,w8,brainpoolP512r1,512,MODEXP,20000,0.369620588,54109.540,0
opencl-kernel,NVIDIA GeForce RTX 3060,GPU,w16,brainpoolP512r1,512,MODEXP,20000,0.033974047,588684.651,0
opencl-e2e,NVIDIA GeForce RTX 3060,GPU,w16,brainpoolP512r1,512,MODEXP,20000,0.034591365,578178.977,0
opencl-kernel,NVIDIA GeForce RTX 3060,GPU,w32-opt,brainpoolP512r1,512,MODEXP,20000,0.025817723,774661.654,0
opencl-e2e,NVIDIA GeForce RTX 3060,GPU,w32-opt,brainpoolP512r1,512,MODEXP,20000,0.026427074,756799.635,0
opencl-kernel,NVIDIA GeForce RTX 3060,GPU,w32-o64,brainpoolP512r1,512,MODEXP,20000,0.013211329,1513852.240,0
opencl-e2e,NVIDIA GeForce RTX 3060,GPU,w32-o64,brainpoolP512r1,512,MODEXP,20000,0.013817884,1447399.619,0
opencl-kernel,NVIDIA GeForce RTX 3060,GPU,w32-il,brainpoolP512r1,512,MODEXP,20000,0.025222615,792939.194,0
opencl-e2e,NVIDIA GeForce RTX 3060,GPU,w32-il,brainpoolP512r1,512,MODEXP,20000,0.025939530,771023.993,0
opencl-kernel,NVIDIA GeForce RTX 3060,GPU,w32-il64,brainpoolP512r1,512,MODEXP,20000,0.014081500,1420303.240,0
opencl-e2e,NVIDIA GeForce RTX 3060,GPU,w32-il64,brainpoolP512r1,512,MODEXP,20000,0.014715318,1359127.952,0
library,Intel(R) Core(TM) i7-7700 CPU @ 3.60GHz,host-cpu,gmp-1t,brainpoolP512r1,512,EXPONENTIATION,1562,0.016803770,92955.331,0
opencl-kernel,NVIDIA GeForce RTX 3060,GPU,w8,brainpoolP512r1,512,EXPONENTIATION,20000,0.311475591,64210.489,0
opencl-e2e,NVIDIA GeForce RTX 3060,GPU,w8,brainpoolP512r1,512,EXPONENTIATION,20000,0.312455144,64009.188,0
opencl-kernel,NVIDIA GeForce RTX 3060,GPU,w16,brainpoolP512r1,512,EXPONENTIATION,20000,0.082425036,242644.723,0
opencl-e2e,NVIDIA GeForce RTX 3060,GPU,w16,brainpoolP512r1,512,EXPONENTIATION,20000,0.083061201,240786.309,0
opencl-kernel,NVIDIA GeForce RTX 3060,GPU,w32-opt,brainpoolP512r1,512,EXPONENTIATION,20000,0.021981676,909848.731,0
opencl-e2e,NVIDIA GeForce RTX 3060,GPU,w32-opt,brainpoolP512r1,512,EXPONENTIATION,20000,0.022505609,888667.353,0
opencl-kernel,NVIDIA GeForce RTX 3060,GPU,w32-o64,brainpoolP512r1,512,EXPONENTIATION,20000,0.021620171,925062.065,0
opencl-e2e,NVIDIA GeForce RTX 3060,GPU,w32-o64,brainpoolP512r1,512,EXPONENTIATION,20000,0.022291349,897209.049,0
opencl-kernel,NVIDIA GeForce RTX 3060,GPU,w32-il,brainpoolP512r1,512,EXPONENTIATION,20000,0.022542369,887218.199,0
opencl-e2e,NVIDIA GeForce RTX 3060,GPU,w32-il,brainpoolP512r1,512,EXPONENTIATION,20000,0.023160702,863531.683,0
opencl-kernel,NVIDIA GeForce RTX 3060,GPU,w32-il64,brainpoolP512r1,512,EXPONENTIATION,20000,0.022153008,902811.935,0
opencl-e2e,NVIDIA GeForce RTX 3060,GPU,w32-il64,brainpoolP512r1,512,EXPONENTIATION,20000,0.022996371,869702.442,0
library,Intel(R) Core(TM) i7-7700 CPU @ 3.60GHz,host-cpu,gmp-1t,brainpoolP512r1,512,DIVIDE,12500,0.000588230,21250192.198,0
opencl-kernel,NVIDIA GeForce RTX 3060,GPU,w8,brainpoolP512r1,512,DIVIDE,20000,0.001207552,16562434.064,0
opencl-e2e,NVIDIA GeForce RTX 3060,GPU,w8,brainpoolP512r1,512,DIVIDE,20000,0.001922871,10401113.826,0
opencl-kernel,NVIDIA GeForce RTX 3060,GPU,w16,brainpoolP512r1,512,DIVIDE,20000,0.001091256,18327505.506,0
opencl-e2e,NVIDIA GeForce RTX 3060,GPU,w16,brainpoolP512r1,512,DIVIDE,20000,0.001825572,10955470.446,0
opencl-kernel,NVIDIA GeForce RTX 3060,GPU,w32-opt,brainpoolP512r1,512,DIVIDE,20000,0.000367148,54473941.754,0
opencl-e2e,NVIDIA GeForce RTX 3060,GPU,w32-opt,brainpoolP512r1,512,DIVIDE,20000,0.001076691,18575432.111,0
opencl-kernel,NVIDIA GeForce RTX 3060,GPU,w32-o64,brainpoolP512r1,512,DIVIDE,20000,0.000355457,56265593.914,0
opencl-e2e,NVIDIA GeForce RTX 3060,GPU,w32-o64,brainpoolP512r1,512,DIVIDE,20000,0.001066900,18745899.777,0
opencl-kernel,NVIDIA GeForce RTX 3060,GPU,w32-il,brainpoolP512r1,512,DIVIDE,20000,0.000352044,56811088.577,0
opencl-e2e,NVIDIA GeForce RTX 3060,GPU,w32-il,brainpoolP512r1,512,DIVIDE,20000,0.001086280,18411458.599,0
opencl-kernel,NVIDIA GeForce RTX 3060,GPU,w32-il64,brainpoolP512r1,512,DIVIDE,20000,0.000349094,57291152.265,0
opencl-e2e,NVIDIA GeForce RTX 3060,GPU,w32-il64,brainpoolP512r1,512,DIVIDE,20000,0.001037849,19270626.131,0
library,Intel(R) Core(TM) i7-7700 CPU @ 3.60GHz,host-cpu,gmp-1t,brainpoolP512r1,512,ISQRT,3125,0.000528230,5915983.763,0
opencl-kernel,NVIDIA GeForce RTX 3060,GPU,w8,brainpoolP512r1,512,ISQRT,20000,0.025532333,783320.507,0
opencl-e2e,NVIDIA GeForce RTX 3060,GPU,w8,brainpoolP512r1,512,ISQRT,20000,0.026104398,766154.423,0
opencl-kernel,NVIDIA GeForce RTX 3060,GPU,w16,brainpoolP512r1,512,ISQRT,20000,0.025361038,788611.253,0
opencl-e2e,NVIDIA GeForce RTX 3060,GPU,w16,brainpoolP512r1,512,ISQRT,20000,0.025941867,770954.534,0
opencl-kernel,NVIDIA GeForce RTX 3060,GPU,w32-opt,brainpoolP512r1,512,ISQRT,20000,0.005195779,3849278.447,0
opencl-e2e,NVIDIA GeForce RTX 3060,GPU,w32-opt,brainpoolP512r1,512,ISQRT,20000,0.005783269,3458251.721,0
opencl-kernel,NVIDIA GeForce RTX 3060,GPU,w32-o64,brainpoolP512r1,512,ISQRT,20000,0.004897434,4083771.238,0
opencl-e2e,NVIDIA GeForce RTX 3060,GPU,w32-o64,brainpoolP512r1,512,ISQRT,20000,0.005522713,3621408.570,0
opencl-kernel,NVIDIA GeForce RTX 3060,GPU,w32-il,brainpoolP512r1,512,ISQRT,20000,0.004937711,4050459.821,0
opencl-e2e,NVIDIA GeForce RTX 3060,GPU,w32-il,brainpoolP512r1,512,ISQRT,20000,0.005552814,3601777.372,0
opencl-kernel,NVIDIA GeForce RTX 3060,GPU,w32-il64,brainpoolP512r1,512,ISQRT,20000,0.005977315,3345983.934,0
opencl-e2e,NVIDIA GeForce RTX 3060,GPU,w32-il64,brainpoolP512r1,512,ISQRT,20000,0.006611423,3025067.379,0
library,Intel(R) Core(TM) i7-7700 CPU @ 3.60GHz,host-cpu,gmp-1t,brainpoolP512r1,512,MODMUL_R2,100000,0.016813146,5947726.853,0
opencl-kernel,NVIDIA GeForce RTX 3060,GPU,w8,brainpoolP512r1,512,MODMUL_R2,100000,0.002980632,33549931.591,0
opencl-e2e,NVIDIA GeForce RTX 3060,GPU,w8,brainpoolP512r1,512,MODMUL_R2,100000,0.005081581,19678914.850,0
opencl-kernel,NVIDIA GeForce RTX 3060,GPU,w16,brainpoolP512r1,512,MODMUL_R2,100000,0.000518974,192687889.609,0
opencl-e2e,NVIDIA GeForce RTX 3060,GPU,w16,brainpoolP512r1,512,MODMUL_R2,100000,0.002603898,38403962.067,0
opencl-kernel,NVIDIA GeForce RTX 3060,GPU,w32-opt,brainpoolP512r1,512,MODMUL_R2,100000,0.000299616,333760526.436,0
opencl-e2e,NVIDIA GeForce RTX 3060,GPU,w32-opt,brainpoolP512r1,512,MODMUL_R2,100000,0.002499589,40006577.113,0
opencl-kernel,NVIDIA GeForce RTX 3060,GPU,w32-o64,brainpoolP512r1,512,MODMUL_R2,100000,0.000190960,523670009.300,0
opencl-e2e,NVIDIA GeForce RTX 3060,GPU,w32-o64,brainpoolP512r1,512,MODMUL_R2,100000,0.002244291,44557501.437,0
opencl-kernel,NVIDIA GeForce RTX 3060,GPU,w32-il,brainpoolP512r1,512,MODMUL_R2,100000,0.000283907,352228027.026,0
opencl-e2e,NVIDIA GeForce RTX 3060,GPU,w32-il,brainpoolP512r1,512,MODMUL_R2,100000,0.002362817,42322363.482,0
opencl-kernel,NVIDIA GeForce RTX 3060,GPU,w32-il64,brainpoolP512r1,512,MODMUL_R2,100000,0.000193030,518054211.680,0
opencl-e2e,NVIDIA GeForce RTX 3060,GPU,w32-il64,brainpoolP512r1,512,MODMUL_R2,100000,0.002243342,44576349.773,0
library,Intel(R) Core(TM) i7-7700 CPU @ 3.60GHz,host-cpu,gmp-1t,p1024,1024,ADD,50000,0.001614828,30963049.706,0
opencl-kernel,NVIDIA GeForce RTX 3060,GPU,w8,p1024,1024,ADD,50000,0.000614748,81334141.871,0
opencl-e2e,NVIDIA GeForce RTX 3060,GPU,w8,p1024,1024,ADD,50000,0.002813388,17772166.440,0
opencl-kernel,NVIDIA GeForce RTX 3060,GPU,w16,p1024,1024,ADD,50000,0.000317843,157310374.854,0
opencl-e2e,NVIDIA GeForce RTX 3060,GPU,w16,p1024,1024,ADD,50000,0.002408488,20759912.328,0
opencl-kernel,NVIDIA GeForce RTX 3060,GPU,w32,p1024,1024,ADD,50000,0.000577725,86546366.556,0
opencl-e2e,NVIDIA GeForce RTX 3060,GPU,w32,p1024,1024,ADD,50000,0.002788965,17927797.535,0
opencl-kernel,NVIDIA GeForce RTX 3060,GPU,w32-opt,p1024,1024,ADD,50000,0.000158175,316105556.950,0
opencl-e2e,NVIDIA GeForce RTX 3060,GPU,w32-opt,p1024,1024,ADD,50000,0.002333597,21426150.374,0
opencl-kernel,NVIDIA GeForce RTX 3060,GPU,w32-o64,p1024,1024,ADD,50000,0.000157103,318262539.769,0
opencl-e2e,NVIDIA GeForce RTX 3060,GPU,w32-o64,p1024,1024,ADD,50000,0.002207083,22654335.595,0
opencl-kernel,NVIDIA GeForce RTX 3060,GPU,w32-il,p1024,1024,ADD,50000,0.000105000,476190545.966,0
opencl-e2e,NVIDIA GeForce RTX 3060,GPU,w32-il,p1024,1024,ADD,50000,0.002149995,23255867.940,0
opencl-kernel,NVIDIA GeForce RTX 3060,GPU,w32-il64,p1024,1024,ADD,50000,0.000105849,472371012.146,0
opencl-e2e,NVIDIA GeForce RTX 3060,GPU,w32-il64,p1024,1024,ADD,50000,0.002166699,23076578.940,0
library,Intel(R) Core(TM) i7-7700 CPU @ 3.60GHz,host-cpu,gmp-1t,p1024,1024,SUBTRACT,50000,0.001451028,34458329.161,0
opencl-kernel,NVIDIA GeForce RTX 3060,GPU,w8,p1024,1024,SUBTRACT,50000,0.000612824,81589495.068,0
opencl-e2e,NVIDIA GeForce RTX 3060,GPU,w8,p1024,1024,SUBTRACT,50000,0.002700608,18514349.424,0
opencl-kernel,NVIDIA GeForce RTX 3060,GPU,w16,p1024,1024,SUBTRACT,50000,0.000319375,156555765.023,0
opencl-e2e,NVIDIA GeForce RTX 3060,GPU,w16,p1024,1024,SUBTRACT,50000,0.002396698,20862036.075,0
opencl-kernel,NVIDIA GeForce RTX 3060,GPU,w32,p1024,1024,SUBTRACT,50000,0.000580625,86114105.889,0
opencl-e2e,NVIDIA GeForce RTX 3060,GPU,w32,p1024,1024,SUBTRACT,50000,0.002729203,18320366.600,0
opencl-kernel,NVIDIA GeForce RTX 3060,GPU,w32-opt,p1024,1024,SUBTRACT,50000,0.000156626,319231823.233,0
opencl-e2e,NVIDIA GeForce RTX 3060,GPU,w32-opt,p1024,1024,SUBTRACT,50000,0.002360571,21181315.866,0
opencl-kernel,NVIDIA GeForce RTX 3060,GPU,w32-o64,p1024,1024,SUBTRACT,50000,0.000158711,315038050.285,0
opencl-e2e,NVIDIA GeForce RTX 3060,GPU,w32-o64,p1024,1024,SUBTRACT,50000,0.002205348,22672158.857,0
opencl-kernel,NVIDIA GeForce RTX 3060,GPU,w32-il,p1024,1024,SUBTRACT,50000,0.000105038,476018229.143,0
opencl-e2e,NVIDIA GeForce RTX 3060,GPU,w32-il,p1024,1024,SUBTRACT,50000,0.002173415,23005270.127,0
opencl-kernel,NVIDIA GeForce RTX 3060,GPU,w32-il64,p1024,1024,SUBTRACT,50000,0.000106150,471031588.529,0
opencl-e2e,NVIDIA GeForce RTX 3060,GPU,w32-il64,p1024,1024,SUBTRACT,50000,0.002181154,22923644.633,0
library,Intel(R) Core(TM) i7-7700 CPU @ 3.60GHz,host-cpu,gmp-1t,p1024,1024,ADDMOD,50000,0.003762366,13289509.990,0
opencl-kernel,NVIDIA GeForce RTX 3060,GPU,w8,p1024,1024,ADDMOD,50000,0.000899794,55568275.280,0
opencl-e2e,NVIDIA GeForce RTX 3060,GPU,w8,p1024,1024,ADDMOD,50000,0.002929578,17067304.508,0
opencl-kernel,NVIDIA GeForce RTX 3060,GPU,w16,p1024,1024,ADDMOD,50000,0.000464914,107546781.541,0
opencl-e2e,NVIDIA GeForce RTX 3060,GPU,w16,p1024,1024,ADDMOD,50000,0.002554072,19576581.954,0
opencl-kernel,NVIDIA GeForce RTX 3060,GPU,w32,p1024,1024,ADDMOD,50000,0.000512529,97555457.315,0
opencl-e2e,NVIDIA GeForce RTX 3060,GPU,w32,p1024,1024,ADDMOD,50000,0.002703607,18493811.990,0
opencl-kernel,NVIDIA GeForce RTX 3060,GPU,w32-opt,p1024,1024,ADDMOD,50000,0.000220481,226776954.640,0
opencl-e2e,NVIDIA GeForce RTX 3060,GPU,w32-opt,p1024,1024,ADDMOD,50000,0.002400443,20829488.417,0
opencl-kernel,NVIDIA GeForce RTX 3060,GPU,w32-o64,p1024,1024,ADDMOD,50000,0.000223962,223252150.852,0
opencl-e2e,NVIDIA GeForce RTX 3060,GPU,w32-o64,p1024,1024,ADDMOD,50000,0.002263008,22094486.859,0
opencl-kernel,NVIDIA GeForce RTX 3060,GPU,w32-il,p1024,1024,ADDMOD,50000,0.000087975,568343276.130,0
opencl-e2e,NVIDIA GeForce RTX 3060,GPU,w32-il,p1024,1024,ADDMOD,50000,0.002310908,21636516.976,0
opencl-kernel,NVIDIA GeForce RTX 3060,GPU,w32-il64,p1024,1024,ADDMOD,50000,0.000088298,566264274.847,0
opencl-e2e,NVIDIA GeForce RTX 3060,GPU,w32-il64,p1024,1024,ADDMOD,50000,0.002135698,23411549.286,0
library,Intel(R) Core(TM) i7-7700 CPU @ 3.60GHz,host-cpu,gmp-1t,p1024,1024,SUBTRACTMOD,50000,0.002800305,17855197.758,0
opencl-kernel,NVIDIA GeForce RTX 3060,GPU,w8,p1024,1024,SUBTRACTMOD,50000,0.000983870,50819721.799,0
opencl-e2e,NVIDIA GeForce RTX 3060,GPU,w8,p1024,1024,SUBTRACTMOD,50000,0.003087820,16192653.919,0
opencl-kernel,NVIDIA GeForce RTX 3060,GPU,w16,p1024,1024,SUBTRACTMOD,50000,0.000461588,108321713.045,0
opencl-e2e,NVIDIA GeForce RTX 3060,GPU,w16,p1024,1024,SUBTRACTMOD,50000,0.002645901,18897154.527,0
opencl-kernel,NVIDIA GeForce RTX 3060,GPU,w32,p1024,1024,SUBTRACTMOD,50000,0.000512571,97547469.777,0
opencl-e2e,NVIDIA GeForce RTX 3060,GPU,w32,p1024,1024,SUBTRACTMOD,50000,0.002677734,18672504.369,0
opencl-kernel,NVIDIA GeForce RTX 3060,GPU,w32-opt,p1024,1024,SUBTRACTMOD,50000,0.000223967,223247160.971,0
opencl-e2e,NVIDIA GeForce RTX 3060,GPU,w32-opt,p1024,1024,SUBTRACTMOD,50000,0.002414610,20707277.745,0
opencl-kernel,NVIDIA GeForce RTX 3060,GPU,w32-o64,p1024,1024,SUBTRACTMOD,50000,0.000222007,225218136.622,0
opencl-e2e,NVIDIA GeForce RTX 3060,GPU,w32-o64,p1024,1024,SUBTRACTMOD,50000,0.002304688,21694910.739,0
opencl-kernel,NVIDIA GeForce RTX 3060,GPU,w32-il,p1024,1024,SUBTRACTMOD,50000,0.000087418,571964509.432,0
opencl-e2e,NVIDIA GeForce RTX 3060,GPU,w32-il,p1024,1024,SUBTRACTMOD,50000,0.002139343,23371661.223,0
opencl-kernel,NVIDIA GeForce RTX 3060,GPU,w32-il64,p1024,1024,SUBTRACTMOD,50000,0.000087679,570261883.777,0
opencl-e2e,NVIDIA GeForce RTX 3060,GPU,w32-il64,p1024,1024,SUBTRACTMOD,50000,0.002098534,23826157.131,0
library,Intel(R) Core(TM) i7-7700 CPU @ 3.60GHz,host-cpu,gmp-1t,p1024,1024,MULTIPLYOPERANDSCANNING,50000,0.007691661,6500546.540,0
opencl-kernel,NVIDIA GeForce RTX 3060,GPU,w8,p1024,1024,MULTIPLYOPERANDSCANNING,50000,0.091517685,546342.491,0
opencl-e2e,NVIDIA GeForce RTX 3060,GPU,w8,p1024,1024,MULTIPLYOPERANDSCANNING,50000,0.094288249,530288.775,0
opencl-kernel,NVIDIA GeForce RTX 3060,GPU,w16,p1024,1024,MULTIPLYOPERANDSCANNING,50000,0.024419400,2047552.354,0
opencl-e2e,NVIDIA GeForce RTX 3060,GPU,w16,p1024,1024,MULTIPLYOPERANDSCANNING,50000,0.027426083,1823082.061,0
opencl-kernel,NVIDIA GeForce RTX 3060,GPU,w32,p1024,1024,MULTIPLYOPERANDSCANNING,50000,0.024970916,2002329.431,0
opencl-e2e,NVIDIA GeForce RTX 3060,GPU,w32,p1024,1024,MULTIPLYOPERANDSCANNING,50000,0.028081427,1780536.297,0
opencl-kernel,NVIDIA GeForce RTX 3060,GPU,w32-opt,p1024,1024,MULTIPLYOPERANDSCANNING,50000,0.000567684,88077177.440,0
opencl-e2e,NVIDIA GeForce RTX 3060,GPU,w32-opt,p1024,1024,MULTIPLYOPERANDSCANNING,50000,0.003423489,14604983.439,0
opencl-kernel,NVIDIA GeForce RTX 3060,GPU,w32-o64,p1024,1024,MULTIPLYOPERANDSCANNING,50000,0.000588976,84893099.522,0
opencl-e2e,NVIDIA GeForce RTX 3060,GPU,w32-o64,p1024,1024,MULTIPLYOPERANDSCANNING,50000,0.003249691,15386078.044,0
opencl-kernel,NVIDIA GeForce RTX 3060,GPU,w32-il,p1024,1024,MULTIPLYOPERANDSCANNING,50000,0.000385218,129796631.638,0
opencl-e2e,NVIDIA GeForce RTX 3060,GPU,w32-il,p1024,1024,MULTIPLYOPERANDSCANNING,50000,0.003127580,15986801.375,0
opencl-kernel,NVIDIA GeForce RTX 3060,GPU,w32-il64,p1024,1024,MULTIPLYOPERANDSCANNING,50000,0.000368556,135664590.862,0
opencl-e2e,NVIDIA GeForce RTX 3060,GPU,w32-il64,p1024,1024,MULTIPLYOPERANDSCANNING,50000,0.003073982,16265547.619,0
library,Intel(R) Core(TM) i7-7700 CPU @ 3.60GHz,host-cpu,gmp-1t,p1024,1024,MULTIPLYPRODUCTSCANNING,50000,0.007710783,6484425.783,0
opencl-kernel,NVIDIA GeForce RTX 3060,GPU,w8,p1024,1024,MULTIPLYPRODUCTSCANNING,50000,0.033522652,1491528.773,0
opencl-e2e,NVIDIA GeForce RTX 3060,GPU,w8,p1024,1024,MULTIPLYPRODUCTSCANNING,50000,0.036258675,1378980.341,0
opencl-kernel,NVIDIA GeForce RTX 3060,GPU,w16,p1024,1024,MULTIPLYPRODUCTSCANNING,50000,0.008645620,5783275.255,0
opencl-e2e,NVIDIA GeForce RTX 3060,GPU,w16,p1024,1024,MULTIPLYPRODUCTSCANNING,50000,0.011593512,4312756.987,0
opencl-kernel,NVIDIA GeForce RTX 3060,GPU,w32,p1024,1024,MULTIPLYPRODUCTSCANNING,50000,0.002260092,22122993.168,0
opencl-e2e,NVIDIA GeForce RTX 3060,GPU,w32,p1024,1024,MULTIPLYPRODUCTSCANNING,50000,0.005066547,9868654.098,0
opencl-kernel,NVIDIA GeForce RTX 3060,GPU,w32-opt,p1024,1024,MULTIPLYPRODUCTSCANNING,50000,0.002190690,22823859.527,0
opencl-e2e,NVIDIA GeForce RTX 3060,GPU,w32-opt,p1024,1024,MULTIPLYPRODUCTSCANNING,50000,0.005018257,9963618.818,0
opencl-kernel,NVIDIA GeForce RTX 3060,GPU,w32-o64,p1024,1024,MULTIPLYPRODUCTSCANNING,50000,0.002196716,22761248.772,0
opencl-e2e,NVIDIA GeForce RTX 3060,GPU,w32-o64,p1024,1024,MULTIPLYPRODUCTSCANNING,50000,0.004928963,10144121.659,0
opencl-kernel,NVIDIA GeForce RTX 3060,GPU,w32-il,p1024,1024,MULTIPLYPRODUCTSCANNING,50000,0.000881577,56716541.456,0
opencl-e2e,NVIDIA GeForce RTX 3060,GPU,w32-il,p1024,1024,MULTIPLYPRODUCTSCANNING,50000,0.003601350,13883682.707,0
opencl-kernel,NVIDIA GeForce RTX 3060,GPU,w32-il64,p1024,1024,MULTIPLYPRODUCTSCANNING,50000,0.000822932,60758362.027,0
opencl-e2e,NVIDIA GeForce RTX 3060,GPU,w32-il64,p1024,1024,MULTIPLYPRODUCTSCANNING,50000,0.003507556,14254939.963,0
library,Intel(R) Core(TM) i7-7700 CPU @ 3.60GHz,host-cpu,gmp-1t,p1024,1024,MONTGOMERYMULTIPLICATION,50000,0.050572994,988669.961,0
opencl-kernel,NVIDIA GeForce RTX 3060,GPU,w8,p1024,1024,MONTGOMERYMULTIPLICATION,50000,0.005774641,8658546.909,0
opencl-e2e,NVIDIA GeForce RTX 3060,GPU,w8,p1024,1024,MONTGOMERYMULTIPLICATION,50000,0.007856210,6364391.994,0
opencl-kernel,NVIDIA GeForce RTX 3060,GPU,w16,p1024,1024,MONTGOMERYMULTIPLICATION,50000,0.001131042,44207024.627,0
opencl-e2e,NVIDIA GeForce RTX 3060,GPU,w16,p1024,1024,MONTGOMERYMULTIPLICATION,50000,0.003202882,15610940.332,0
opencl-kernel,NVIDIA GeForce RTX 3060,GPU,w32,p1024,1024,MONTGOMERYMULTIPLICATION,50000,0.000258409,193491704.729,0
opencl-e2e,NVIDIA GeForce RTX 3060,GPU,w32,p1024,1024,MONTGOMERYMULTIPLICATION,50000,0.002380237,21006311.704,0
opencl-kernel,NVIDIA GeForce RTX 3060,GPU,w32-opt,p1024,1024,MONTGOMERYMULTIPLICATION,50000,0.000423138,118164767.400,0
opencl-e2e,NVIDIA GeForce RTX 3060,GPU,w32-opt,p1024,1024,MONTGOMERYMULTIPLICATION,50000,0.002559431,19535592.431,0
opencl-kernel,NVIDIA GeForce RTX 3060,GPU,w32-o64,p1024,1024,MONTGOMERYMULTIPLICATION,50000,0.000338204,147839752.054,0
opencl-e2e,NVIDIA GeForce RTX 3060,GPU,w32-o64,p1024,1024,MONTGOMERYMULTIPLICATION,50000,0.002419128,20668604.843,0
opencl-kernel,NVIDIA GeForce RTX 3060,GPU,w32-il,p1024,1024,MONTGOMERYMULTIPLICATION,50000,0.000311702,160409639.516,0
opencl-e2e,NVIDIA GeForce RTX 3060,GPU,w32-il,p1024,1024,MONTGOMERYMULTIPLICATION,50000,0.002413421,20717479.495,0
opencl-kernel,NVIDIA GeForce RTX 3060,GPU,w32-il64,p1024,1024,MONTGOMERYMULTIPLICATION,50000,0.000212272,235546793.331,0
opencl-e2e,NVIDIA GeForce RTX 3060,GPU,w32-il64,p1024,1024,MONTGOMERYMULTIPLICATION,50000,0.002188181,22850029.518,0
library,Intel(R) Core(TM) i7-7700 CPU @ 3.60GHz,host-cpu,gmp-1t,p1024,1024,COMPARE,50000,0.001055319,47379037.291,0
opencl-kernel,NVIDIA GeForce RTX 3060,GPU,w8,p1024,1024,COMPARE,50000,0.000529759,94382543.294,0
opencl-e2e,NVIDIA GeForce RTX 3060,GPU,w8,p1024,1024,COMPARE,50000,0.002638273,18951791.575,0
opencl-kernel,NVIDIA GeForce RTX 3060,GPU,w16,p1024,1024,COMPARE,50000,0.000274910,181877699.168,0
opencl-e2e,NVIDIA GeForce RTX 3060,GPU,w16,p1024,1024,COMPARE,50000,0.002348301,21291989.392,0
opencl-kernel,NVIDIA GeForce RTX 3060,GPU,w32-opt,p1024,1024,COMPARE,50000,0.000156063,320383425.869,0
opencl-e2e,NVIDIA GeForce RTX 3060,GPU,w32-opt,p1024,1024,COMPARE,50000,0.002364326,21147675.594,0
opencl-kernel,NVIDIA GeForce RTX 3060,GPU,w32-o64,p1024,1024,COMPARE,50000,0.000157719,317019484.557,0
opencl-e2e,NVIDIA GeForce RTX 3060,GPU,w32-o64,p1024,1024,COMPARE,50000,0.002466993,20267588.932,0
opencl-kernel,NVIDIA GeForce RTX 3060,GPU,w32-il,p1024,1024,COMPARE,50000,0.000032748,1526809050.012,0
opencl-e2e,NVIDIA GeForce RTX 3060,GPU,w32-il,p1024,1024,COMPARE,50000,0.002064741,24216112.526,0
opencl-kernel,NVIDIA GeForce RTX 3060,GPU,w32-il64,p1024,1024,COMPARE,50000,0.000031822,1571242313.750,0
opencl-e2e,NVIDIA GeForce RTX 3060,GPU,w32-il64,p1024,1024,COMPARE,50000,0.002056983,24307444.346,0
library,Intel(R) Core(TM) i7-7700 CPU @ 3.60GHz,host-cpu,gmp-1t,p1024,1024,REDUCE,6250,0.000143278,43621496.350,0
opencl-kernel,NVIDIA GeForce RTX 3060,GPU,w8,p1024,1024,REDUCE,20000,0.003315048,6033095.144,0
opencl-e2e,NVIDIA GeForce RTX 3060,GPU,w8,p1024,1024,REDUCE,20000,0.004351384,4596238.799,0
opencl-kernel,NVIDIA GeForce RTX 3060,GPU,w16,p1024,1024,REDUCE,20000,0.001810332,11047697.307,0
opencl-e2e,NVIDIA GeForce RTX 3060,GPU,w16,p1024,1024,REDUCE,20000,0.002834668,7055500.035,0
opencl-kernel,NVIDIA GeForce RTX 3060,GPU,w32-opt,p1024,1024,REDUCE,20000,0.000523901,38175154.149,0
opencl-e2e,NVIDIA GeForce RTX 3060,GPU,w32-opt,p1024,1024,REDUCE,20000,0.001467537,13628276.862,0
opencl-kernel,NVIDIA GeForce RTX 3060,GPU,w32-o64,p1024,1024,REDUCE,20000,0.000535945,37317261.991,0
opencl-e2e,NVIDIA GeForce RTX 3060,GPU,w32-o64,p1024,1024,REDUCE,20000,0.001614389,12388587.806,0
opencl-kernel,NVIDIA GeForce RTX 3060,GPU,w32-il,p1024,1024,REDUCE,20000,0.000447574,44685346.786,0
opencl-e2e,NVIDIA GeForce RTX 3060,GPU,w32-il,p1024,1024,REDUCE,20000,0.001461425,13685272.566,0
opencl-kernel,NVIDIA GeForce RTX 3060,GPU,w32-il64,p1024,1024,REDUCE,20000,0.000481476,41538937.935,0
opencl-e2e,NVIDIA GeForce RTX 3060,GPU,w32-il64,p1024,1024,REDUCE,20000,0.001468100,13623050.714,0
library,Intel(R) Core(TM) i7-7700 CPU @ 3.60GHz,host-cpu,gmp-1t,p1024,1024,MODMUL,3125,0.001390040,2248136.684,0
opencl-kernel,NVIDIA GeForce RTX 3060,GPU,w8,p1024,1024,MODMUL,20000,0.013434560,1488697.808,0
opencl-e2e,NVIDIA GeForce RTX 3060,GPU,w8,p1024,1024,MODMUL,20000,0.014460096,1383116.680,0
opencl-kernel,NVIDIA GeForce RTX 3060,GPU,w16,p1024,1024,MODMUL,20000,0.004812936,4155467.675,0
opencl-e2e,NVIDIA GeForce RTX 3060,GPU,w16,p1024,1024,MODMUL,20000,0.005842870,3422975.328,0
opencl-kernel,NVIDIA GeForce RTX 3060,GPU,w32-opt,p1024,1024,MODMUL,20000,0.002329530,8585422.738,0
opencl-e2e,NVIDIA GeForce RTX 3060,GPU,w32-opt,p1024,1024,MODMUL,20000,0.003339880,5988239.045,0
opencl-kernel,NVIDIA GeForce RTX 3060,GPU,w32-o64,p1024,1024,MODMUL,20000,0.001740534,11490726.190,0
opencl-e2e,NVIDIA GeForce RTX 3060,GPU,w32-o64,p1024,1024,MODMUL,20000,0.002807189,7124564.792,0
opencl-kernel,NVIDIA GeForce RTX 3060,GPU,w32-il,p1024,1024,MODMUL,20000,0.002262143,8841174.013,0
opencl-e2e,NVIDIA GeForce RTX 3060,GPU,w32-il,p1024,1024,MODMUL,20000,0.003254838,6144699.066,0
opencl-kernel,NVIDIA GeForce RTX 3060,GPU,w32-il64,p1024,1024,MODMUL,20000,0.001689713,11836329.723,0
opencl-e2e,NVIDIA GeForce RTX 3060,GPU,w32-il64,p1024,1024,MODMUL,20000,0.002696384,7417341.213,0
library,Intel(R) Core(TM) i7-7700 CPU @ 3.60GHz,host-cpu,gmp-1t,p1024,1024,MODEXP,781,0.250933913,3112.373,0
opencl-kernel,NVIDIA GeForce RTX 3060,GPU,w8,p1024,1024,MODEXP,20000,3.004660793,6656.325,0
opencl-e2e,NVIDIA GeForce RTX 3060,GPU,w8,p1024,1024,MODEXP,20000,3.003860872,6658.098,0
opencl-kernel,NVIDIA GeForce RTX 3060,GPU,w16,p1024,1024,MODEXP,20000,0.453110787,44139.316,0
opencl-e2e,NVIDIA GeForce RTX 3060,GPU,w16,p1024,1024,MODEXP,20000,0.454167591,44036.608,0
opencl-kernel,NVIDIA GeForce RTX 3060,GPU,w32-opt,p1024,1024,MODEXP,20000,0.198296667,100858.982,0
opencl-e2e,NVIDIA GeForce RTX 3060,GPU,w32-opt,p1024,1024,MODEXP,20000,0.199936594,100031.713,0
opencl-kernel,NVIDIA GeForce RTX 3060,GPU,w32-o64,p1024,1024,MODEXP,20000,0.122971631,162639.137,0
opencl-e2e,NVIDIA GeForce RTX 3060,GPU,w32-o64,p1024,1024,MODEXP,20000,0.123921753,161392.165,0
opencl-kernel,NVIDIA GeForce RTX 3060,GPU,w32-il,p1024,1024,MODEXP,20000,0.201299561,99354.414,0
opencl-e2e,NVIDIA GeForce RTX 3060,GPU,w32-il,p1024,1024,MODEXP,20000,0.202273021,98876.261,0
opencl-kernel,NVIDIA GeForce RTX 3060,GPU,w32-il64,p1024,1024,MODEXP,20000,0.126309147,158341.660,0
opencl-e2e,NVIDIA GeForce RTX 3060,GPU,w32-il64,p1024,1024,MODEXP,20000,0.127309548,157097.408,0
library,Intel(R) Core(TM) i7-7700 CPU @ 3.60GHz,host-cpu,gmp-1t,p1024,1024,EXPONENTIATION,781,0.033045597,23634.011,0
opencl-kernel,NVIDIA GeForce RTX 3060,GPU,w8,p1024,1024,EXPONENTIATION,20000,2.409761306,8299.577,0
opencl-e2e,NVIDIA GeForce RTX 3060,GPU,w8,p1024,1024,EXPONENTIATION,20000,2.415450108,8280.030,0
opencl-kernel,NVIDIA GeForce RTX 3060,GPU,w16,p1024,1024,EXPONENTIATION,20000,0.635271281,31482.613,0
opencl-e2e,NVIDIA GeForce RTX 3060,GPU,w16,p1024,1024,EXPONENTIATION,20000,0.636619298,31415.950,0
opencl-kernel,NVIDIA GeForce RTX 3060,GPU,w32-opt,p1024,1024,EXPONENTIATION,20000,0.174721370,114467.967,0
opencl-e2e,NVIDIA GeForce RTX 3060,GPU,w32-opt,p1024,1024,EXPONENTIATION,20000,0.175586133,113904.211,0
opencl-kernel,NVIDIA GeForce RTX 3060,GPU,w32-o64,p1024,1024,EXPONENTIATION,20000,0.167312639,119536.696,0
opencl-e2e,NVIDIA GeForce RTX 3060,GPU,w32-o64,p1024,1024,EXPONENTIATION,20000,0.168365722,118789.025,0
opencl-kernel,NVIDIA GeForce RTX 3060,GPU,w32-il,p1024,1024,EXPONENTIATION,20000,0.176794227,113125.866,0
opencl-e2e,NVIDIA GeForce RTX 3060,GPU,w32-il,p1024,1024,EXPONENTIATION,20000,0.177764802,112508.212,0
opencl-kernel,NVIDIA GeForce RTX 3060,GPU,w32-il64,p1024,1024,EXPONENTIATION,20000,0.169384578,118074.504,0
opencl-e2e,NVIDIA GeForce RTX 3060,GPU,w32-il64,p1024,1024,EXPONENTIATION,20000,0.170319036,117426.686,0
library,Intel(R) Core(TM) i7-7700 CPU @ 3.60GHz,host-cpu,gmp-1t,p1024,1024,DIVIDE,6250,0.000312017,20030960.760,0
opencl-kernel,NVIDIA GeForce RTX 3060,GPU,w8,p1024,1024,DIVIDE,20000,0.054339670,368055.235,0
opencl-e2e,NVIDIA GeForce RTX 3060,GPU,w8,p1024,1024,DIVIDE,20000,0.056040265,356886.249,0
opencl-kernel,NVIDIA GeForce RTX 3060,GPU,w16,p1024,1024,DIVIDE,20000,0.006906825,2895686.512,0
opencl-e2e,NVIDIA GeForce RTX 3060,GPU,w16,p1024,1024,DIVIDE,20000,0.008188486,2442453.941,0
opencl-kernel,NVIDIA GeForce RTX 3060,GPU,w32-opt,p1024,1024,DIVIDE,20000,0.001555338,12858941.453,0
opencl-e2e,NVIDIA GeForce RTX 3060,GPU,w32-opt,p1024,1024,DIVIDE,20000,0.002692482,7428090.600,0
opencl-kernel,NVIDIA GeForce RTX 3060,GPU,w32-o64,p1024,1024,DIVIDE,20000,0.001525473,13110687.428,0
opencl-e2e,NVIDIA GeForce RTX 3060,GPU,w32-o64,p1024,1024,DIVIDE,20000,0.002830494,7065904.345,0
opencl-kernel,NVIDIA GeForce RTX 3060,GPU,w32-il,p1024,1024,DIVIDE,20000,0.001541079,12977919.831,0
opencl-e2e,NVIDIA GeForce RTX 3060,GPU,w32-il,p1024,1024,DIVIDE,20000,0.002812015,7112337.571,0
opencl-kernel,NVIDIA GeForce RTX 3060,GPU,w32-il64,p1024,1024,DIVIDE,20000,0.001533629,13040963.918,0
opencl-e2e,NVIDIA GeForce RTX 3060,GPU,w32-il64,p1024,1024,DIVIDE,20000,0.002744605,7287023.066,0
library,Intel(R) Core(TM) i7-7700 CPU @ 3.60GHz,host-cpu,gmp-1t,p1024,1024,ISQRT,1562,0.000502624,3107690.683,0
opencl-kernel,NVIDIA GeForce RTX 3060,GPU,w8,p1024,1024,ISQRT,20000,0.664321015,30105.927,0
opencl-e2e,NVIDIA GeForce RTX 3060,GPU,w8,p1024,1024,ISQRT,20000,0.663178122,30157.810,0
opencl-kernel,NVIDIA GeForce RTX 3060,GPU,w16,p1024,1024,ISQRT,20000,0.179441243,111457.097,0
opencl-e2e,NVIDIA GeForce RTX 3060,GPU,w16,p1024,1024,ISQRT,20000,0.180491024,110808.834,0
opencl-kernel,NVIDIA GeForce RTX 3060,GPU,w32-opt,p1024,1024,ISQRT,20000,0.034697487,576410.620,0
opencl-e2e,NVIDIA GeForce RTX 3060,GPU,w32-opt,p1024,1024,ISQRT,20000,0.035711800,560038.979,0
opencl-kernel,NVIDIA GeForce RTX 3060,GPU,w32-o64,p1024,1024,ISQRT,20000,0.032917082,607587.270,0
opencl-e2e,NVIDIA GeForce RTX 3060,GPU,w32-o64,p1024,1024,ISQRT,20000,0.033962703,588881.279,0
opencl-kernel,NVIDIA GeForce RTX 3060,GPU,w32-il,p1024,1024,ISQRT,20000,0.035080114,570123.575,0
opencl-e2e,NVIDIA GeForce RTX 3060,GPU,w32-il,p1024,1024,ISQRT,20000,0.036081076,554307.194,0
opencl-kernel,NVIDIA GeForce RTX 3060,GPU,w32-il64,p1024,1024,ISQRT,20000,0.032511318,615170.384,0
opencl-e2e,NVIDIA GeForce RTX 3060,GPU,w32-il64,p1024,1024,ISQRT,20000,0.033481921,597337.291,0
library,Intel(R) Core(TM) i7-7700 CPU @ 3.60GHz,host-cpu,gmp-1t,p1024,1024,MODMUL_R2,50000,0.022707706,2201895.694,0
opencl-kernel,NVIDIA GeForce RTX 3060,GPU,w8,p1024,1024,MODMUL_R2,50000,0.009352564,5346127.512,0
opencl-e2e,NVIDIA GeForce RTX 3060,GPU,w8,p1024,1024,MODMUL_R2,50000,0.011444578,4368881.052,0
opencl-kernel,NVIDIA GeForce RTX 3060,GPU,w16,p1024,1024,MODMUL_R2,50000,0.001277612,39135512.240,0
opencl-e2e,NVIDIA GeForce RTX 3060,GPU,w16,p1024,1024,MODMUL_R2,50000,0.003386443,14764754.575,0
opencl-kernel,NVIDIA GeForce RTX 3060,GPU,w32-opt,p1024,1024,MODMUL_R2,50000,0.000696320,71806069.239,0
opencl-e2e,NVIDIA GeForce RTX 3060,GPU,w32-opt,p1024,1024,MODMUL_R2,50000,0.002766307,18074639.005,0
opencl-kernel,NVIDIA GeForce RTX 3060,GPU,w32-o64,p1024,1024,MODMUL_R2,50000,0.000567164,88157916.477,0
opencl-e2e,NVIDIA GeForce RTX 3060,GPU,w32-o64,p1024,1024,MODMUL_R2,50000,0.002741345,18239221.790,0
opencl-kernel,NVIDIA GeForce RTX 3060,GPU,w32-il,p1024,1024,MODMUL_R2,50000,0.000606559,82432214.025,0
opencl-e2e,NVIDIA GeForce RTX 3060,GPU,w32-il,p1024,1024,MODMUL_R2,50000,0.002689657,18589731.123,0
opencl-kernel,NVIDIA GeForce RTX 3060,GPU,w32-il64,p1024,1024,MODMUL_R2,50000,0.000477641,104681129.492,0
opencl-e2e,NVIDIA GeForce RTX 3060,GPU,w32-il64,p1024,1024,MODMUL_R2,50000,0.002534379,19728699.135,0
library,Intel(R) Core(TM) i7-7700 CPU @ 3.60GHz,host-cpu,gmp-1t,p2048,2048,ADD,25000,0.001247258,20043967.774,0
opencl-kernel,NVIDIA GeForce RTX 3060,GPU,w8,p2048,2048,ADD,25000,0.000635433,39343253.918,0
opencl-e2e,NVIDIA GeForce RTX 3060,GPU,w8,p2048,2048,ADD,25000,0.002701414,9254412.715,0
opencl-kernel,NVIDIA GeForce RTX 3060,GPU,w16,p2048,2048,ADD,25000,0.000323308,77325648.168,0
opencl-e2e,NVIDIA GeForce RTX 3060,GPU,w16,p2048,2048,ADD,25000,0.002356328,10609728.303,0
opencl-kernel,NVIDIA GeForce RTX 3060,GPU,w32,p2048,2048,ADD,25000,0.000163180,153205052.559,0
opencl-e2e,NVIDIA GeForce RTX 3060,GPU,w32,p2048,2048,ADD,25000,0.002312545,10810600.601,0
opencl-kernel,NVIDIA GeForce RTX 3060,GPU,w32-opt,p2048,2048,ADD,25000,0.000161021,155259292.077,0
opencl-e2e,NVIDIA GeForce RTX 3060,GPU,w32-opt,p2048,2048,ADD,25000,0.002211733,11303353.408,0
opencl-kernel,NVIDIA GeForce RTX 3060,GPU,w32-o64,p2048,2048,ADD,25000,0.000160094,156158255.726,0
opencl-e2e,NVIDIA GeForce RTX 3060,GPU,w32-o64,p2048,2048,ADD,25000,0.002333406,10713952.007,0
opencl-kernel,NVIDIA GeForce RTX 3060,GPU,w32-il,p2048,2048,ADD,25000,0.000107096,233435456.697,0
opencl-e2e,NVIDIA GeForce RTX 3060,GPU,w32-il,p2048,2048,ADD,25000,0.002161532,11565870.872,0
opencl-kernel,NVIDIA GeForce RTX 3060,GPU,w32-il64,p2048,2048,ADD,25000,0.000104416,239426803.742,0
opencl-e2e,NVIDIA GeForce RTX 3060,GPU,w32-il64,p2048,2048,ADD,25000,0.002163307,11556381.123,0
library,Intel(R) Core(TM) i7-7700 CPU @ 3.60GHz,host-cpu,gmp-1t,p2048,2048,SUBTRACT,25000,0.001230317,20319966.428,0
opencl-kernel,NVIDIA GeForce RTX 3060,GPU,w8,p2048,2048,SUBTRACT,25000,0.000639492,39093530.149,0
opencl-e2e,NVIDIA GeForce RTX 3060,GPU,w8,p2048,2048,SUBTRACT,25000,0.002704920,9242417.670,0
opencl-kernel,NVIDIA GeForce RTX 3060,GPU,w16,p2048,2048,SUBTRACT,25000,0.000323094,77376857.640,0
opencl-e2e,NVIDIA GeForce RTX 3060,GPU,w16,p2048,2048,SUBTRACT,25000,0.002419333,10333426.722,0
opencl-kernel,NVIDIA GeForce RTX 3060,GPU,w32,p2048,2048,SUBTRACT,25000,0.000163244,153144961.671,0
opencl-e2e,NVIDIA GeForce RTX 3060,GPU,w32,p2048,2048,SUBTRACT,25000,0.002352252,10628112.882,0
opencl-kernel,NVIDIA GeForce RTX 3060,GPU,w32-opt,p2048,2048,SUBTRACT,25000,0.000160226,156029592.300,0
opencl-e2e,NVIDIA GeForce RTX 3060,GPU,w32-opt,p2048,2048,SUBTRACT,25000,0.002244890,11136402.985,0
opencl-kernel,NVIDIA GeForce RTX 3060,GPU,w32-o64,p2048,2048,SUBTRACT,25000,0.000160233,156022847.295,0
opencl-e2e,NVIDIA GeForce RTX 3060,GPU,w32-o64,p2048,2048,SUBTRACT,25000,0.002400599,10414067.687,0
opencl-kernel,NVIDIA GeForce RTX 3060,GPU,w32-il,p2048,2048,SUBTRACT,25000,0.000107008,233627448.470,0
opencl-e2e,NVIDIA GeForce RTX 3060,GPU,w32-il,p2048,2048,SUBTRACT,25000,0.002274926,10989368.469,0
opencl-kernel,NVIDIA GeForce RTX 3060,GPU,w32-il64,p2048,2048,SUBTRACT,25000,0.000104693,238793430.490,0
opencl-e2e,NVIDIA GeForce RTX 3060,GPU,w32-il64,p2048,2048,SUBTRACT,25000,0.002163796,11553769.463,0
library,Intel(R) Core(TM) i7-7700 CPU @ 3.60GHz,host-cpu,gmp-1t,p2048,2048,ADDMOD,25000,0.002295213,10892235.022,0
opencl-kernel,NVIDIA GeForce RTX 3060,GPU,w8,p2048,2048,ADDMOD,25000,0.000862002,29002252.104,0
opencl-e2e,NVIDIA GeForce RTX 3060,GPU,w8,p2048,2048,ADDMOD,25000,0.002921273,8557912.936,0
opencl-kernel,NVIDIA GeForce RTX 3060,GPU,w16,p2048,2048,ADDMOD,25000,0.000436555,57266551.306,0
opencl-e2e,NVIDIA GeForce RTX 3060,GPU,w16,p2048,2048,ADDMOD,25000,0.002435972,10262843.816,0
opencl-kernel,NVIDIA GeForce RTX 3060,GPU,w32,p2048,2048,ADDMOD,25000,0.000204273,122385219.058,0
opencl-e2e,NVIDIA GeForce RTX 3060,GPU,w32,p2048,2048,ADDMOD,25000,0.002332588,10717709.444,0
opencl-kernel,NVIDIA GeForce RTX 3060,GPU,w32-opt,p2048,2048,ADDMOD,25000,0.000228176,109564541.940,0
opencl-e2e,NVIDIA GeForce RTX 3060,GPU,w32-opt,p2048,2048,ADDMOD,25000,0.002294307,10896536.549,0
opencl-kernel,NVIDIA GeForce RTX 3060,GPU,w32-o64,p2048,2048,ADDMOD,25000,0.000219184,114059433.942,0
opencl-e2e,NVIDIA GeForce RTX 3060,GPU,w32-o64,p2048,2048,ADDMOD,25000,0.002418371,10337536.983,0
opencl-kernel,NVIDIA GeForce RTX 3060,GPU,w32-il,p2048,2048,ADDMOD,25000,0.000099471,251329499.052,0
opencl-e2e,NVIDIA GeForce RTX 3060,GPU,w32-il,p2048,2048,ADDMOD,25000,0.002352941,10625000.686,0
opencl-kernel,NVIDIA GeForce RTX 3060,GPU,w32-il64,p2048,2048,ADDMOD,25000,0.000098561,253650036.822,0
opencl-e2e,NVIDIA GeForce RTX 3060,GPU,w32-il64,p2048,2048,ADDMOD,25000,0.002143491,11663216.680,0
library,Intel(R) Core(TM) i7-7700 CPU @ 3.60GHz,host-cpu,gmp-1t,p2048,2048,SUBTRACTMOD,25000,0.002013934,12413515.279,0
opencl-kernel,NVIDIA GeForce RTX 3060,GPU,w8,p2048,2048,SUBTRACTMOD,25000,0.001011232,24722319.589,0
opencl-e2e,NVIDIA GeForce RTX 3060,GPU,w8,p2048,2048,SUBTRACTMOD,25000,0.003104114,8053827.837,0
opencl-kernel,NVIDIA GeForce RTX 3060,GPU,w16,p2048,2048,SUBTRACTMOD,25000,0.000472898,52865521.349,0
opencl-e2e,NVIDIA GeForce RTX 3060,GPU,w16,p2048,2048,SUBTRACTMOD,25000,0.002455414,10181582.489,0
opencl-kernel,NVIDIA GeForce RTX 3060,GPU,w32,p2048,2048,SUBTRACTMOD,25000,0.000228412,109451322.230,0
opencl-e2e,NVIDIA GeForce RTX 3060,GPU,w32,p2048,2048,SUBTRACTMOD,25000,0.002361393,10586971.290,0
opencl-kernel,NVIDIA GeForce RTX 3060,GPU,w32-opt,p2048,2048,SUBTRACTMOD,25000,0.000223938,111638029.479,0
opencl-e2e,NVIDIA GeForce RTX 3060,GPU,w32-opt,p2048,2048,SUBTRACTMOD,25000,0.002267335,11026160.866,0
opencl-kernel,NVIDIA GeForce RTX 3060,GPU,w32-o64,p2048,2048,SUBTRACTMOD,25000,0.000220508,113374589.222,0
opencl-e2e,NVIDIA GeForce RTX 3060,GPU,w32-o64,p2048,2048,SUBTRACTMOD,25000,0.002421801,10322896.151,0
opencl-kernel,NVIDIA GeForce RTX 3060,GPU,w32-il,p2048,2048,SUBTRACTMOD,25000,0.000106796,234091203.936,0
opencl-e2e,NVIDIA GeForce RTX 3060,GPU,w32-il,p2048,2048,SUBTRACTMOD,25000,0.002285711,10937515.715,0
opencl-kernel,NVIDIA GeForce RTX 3060,GPU,w32-il64,p2048,2048,SUBTRACTMOD,25000,0.000098261,254424460.003,0
opencl-e2e,NVIDIA GeForce RTX 3060,GPU,w32-il64,p2048,2048,SUBTRACTMOD,25000,0.002127141,11752864.563,0
library,Intel(R) Core(TM) i7-7700 CPU @ 3.60GHz,host-cpu,gmp-1t,p2048,2048,MULTIPLYOPERANDSCANNING,25000,0.012583896,1986666.134,0
opencl-kernel,NVIDIA GeForce RTX 3060,GPU,w8,p2048,2048,MULTIPLYOPERANDSCANNING,25000,0.202767155,123294.130,0
opencl-e2e,NVIDIA GeForce RTX 3060,GPU,w8,p2048,2048,MULTIPLYOPERANDSCANNING,25000,0.205736187,121514.841,0
opencl-kernel,NVIDIA GeForce RTX 3060,GPU,w16,p2048,2048,MULTIPLYOPERANDSCANNING,25000,0.081698787,306002.095,0
opencl-e2e,NVIDIA GeForce RTX 3060,GPU,w16,p2048,2048,MULTIPLYOPERANDSCANNING,25000,0.084451031,296029.542,0
opencl-kernel,NVIDIA GeForce RTX 3060,GPU,w32,p2048,2048,MULTIPLYOPERANDSCANNING,25000,0.018046715,1385293.667,0
opencl-e2e,NVIDIA GeForce RTX 3060,GPU,w32,p2048,2048,MULTIPLYOPERANDSCANNING,25000,0.020774404,1203403.955,0
opencl-kernel,NVIDIA GeForce RTX 3060,GPU,w32-opt,p2048,2048,MULTIPLYOPERANDSCANNING,25000,0.001161582,21522371.867,0
opencl-e2e,NVIDIA GeForce RTX 3060,GPU,w32-opt,p2048,2048,MULTIPLYOPERANDSCANNING,25000,0.003862604,6472317.583,0
opencl-kernel,NVIDIA GeForce RTX 3060,GPU,w32-o64,p2048,2048,MULTIPLYOPERANDSCANNING,25000,0.001167324,21416504.347,0
opencl-e2e,NVIDIA GeForce RTX 3060,GPU,w32-o64,p2048,2048,MULTIPLYOPERANDSCANNING,25000,0.004074631,6135524.871,0
opencl-kernel,NVIDIA GeForce RTX 3060,GPU,w32-il,p2048,2048,MULTIPLYOPERANDSCANNING,25000,0.001225775,20395260.286,0
opencl-e2e,NVIDIA GeForce RTX 3060,GPU,w32-il,p2048,2048,MULTIPLYOPERANDSCANNING,25000,0.004161290,6007752.474,0
opencl-kernel,NVIDIA GeForce RTX 3060,GPU,w32-il64,p2048,2048,MULTIPLYOPERANDSCANNING,25000,0.001222660,20447221.492,0
opencl-e2e,NVIDIA GeForce RTX 3060,GPU,w32-il64,p2048,2048,MULTIPLYOPERANDSCANNING,25000,0.003947010,6333908.403,0
library,Intel(R) Core(TM) i7-7700 CPU @ 3.60GHz,host-cpu,gmp-1t,p2048,2048,MULTIPLYPRODUCTSCANNING,25000,0.012585669,1986386.262,0
opencl-kernel,NVIDIA GeForce RTX 3060,GPU,w8,p2048,2048,MULTIPLYPRODUCTSCANNING,25000,0.066451464,376214.435,0
opencl-e2e,NVIDIA GeForce RTX 3060,GPU,w8,p2048,2048,MULTIPLYPRODUCTSCANNING,25000,0.069474591,359843.788,0
opencl-kernel,NVIDIA GeForce RTX 3060,GPU,w16,p2048,2048,MULTIPLYPRODUCTSCANNING,25000,0.017005721,1470093.506,0
opencl-e2e,NVIDIA GeForce RTX 3060,GPU,w16,p2048,2048,MULTIPLYPRODUCTSCANNING,25000,0.019739155,1266518.247,0
opencl-kernel,NVIDIA GeForce RTX 3060,GPU,w32,p2048,2048,MULTIPLYPRODUCTSCANNING,25000,0.004260188,5868285.588,0
opencl-e2e,NVIDIA GeForce RTX 3060,GPU,w32,p2048,2048,MULTIPLYPRODUCTSCANNING,25000,0.007072181,3534977.412,0
opencl-kernel,NVIDIA GeForce RTX 3060,GPU,w32-opt,p2048,2048,MULTIPLYPRODUCTSCANNING,25000,0.004849499,5155171.726,0
opencl-e2e,NVIDIA GeForce RTX 3060,GPU,w32-opt,p2048,2048,MULTIPLYPRODUCTSCANNING,25000,0.007587440,3294918.962,0
opencl-kernel,NVIDIA GeForce RTX 3060,GPU,w32-o64,p2048,2048,MULTIPLYPRODUCTSCANNING,25000,0.004390115,5694611.675,0
opencl-e2e,NVIDIA GeForce RTX 3060,GPU,w32-o64,p2048,2048,MULTIPLYPRODUCTSCANNING,25000,0.007297843,3425669.751,0
opencl-kernel,NVIDIA GeForce RTX 3060,GPU,w32-il,p2048,2048,MULTIPLYPRODUCTSCANNING,25000,0.002564876,9747059.931,0
opencl-e2e,NVIDIA GeForce RTX 3060,GPU,w32-il,p2048,2048,MULTIPLYPRODUCTSCANNING,25000,0.005385161,4642386.712,0
opencl-kernel,NVIDIA GeForce RTX 3060,GPU,w32-il64,p2048,2048,MULTIPLYPRODUCTSCANNING,25000,0.002218031,11271257.987,0
opencl-e2e,NVIDIA GeForce RTX 3060,GPU,w32-il64,p2048,2048,MULTIPLYPRODUCTSCANNING,25000,0.004934318,5066556.355,0
library,Intel(R) Core(TM) i7-7700 CPU @ 3.60GHz,host-cpu,gmp-1t,p2048,2048,MONTGOMERYMULTIPLICATION,25000,0.079354739,315041.046,0
opencl-kernel,NVIDIA GeForce RTX 3060,GPU,w8,p2048,2048,MONTGOMERYMULTIPLICATION,25000,0.095581873,261555.870,0
opencl-e2e,NVIDIA GeForce RTX 3060,GPU,w8,p2048,2048,MONTGOMERYMULTIPLICATION,25000,0.098026645,255032.701,0
opencl-kernel,NVIDIA GeForce RTX 3060,GPU,w16,p2048,2048,MONTGOMERYMULTIPLICATION,25000,0.002637764,9477724.202,0
opencl-e2e,NVIDIA GeForce RTX 3060,GPU,w16,p2048,2048,MONTGOMERYMULTIPLICATION,25000,0.004672907,5349988.774,0
opencl-kernel,NVIDIA GeForce RTX 3060,GPU,w32,p2048,2048,MONTGOMERYMULTIPLICATION,25000,0.000476396,52477350.518,0
opencl-e2e,NVIDIA GeForce RTX 3060,GPU,w32,p2048,2048,MONTGOMERYMULTIPLICATION,25000,0.002582018,9682349.335,0
opencl-kernel,NVIDIA GeForce RTX 3060,GPU,w32-opt,p2048,2048,MONTGOMERYMULTIPLICATION,25000,0.000799070,31286370.563,0
opencl-e2e,NVIDIA GeForce RTX 3060,GPU,w32-opt,p2048,2048,MONTGOMERYMULTIPLICATION,25000,0.002807465,8904830.595,0
opencl-kernel,NVIDIA GeForce RTX 3060,GPU,w32-o64,p2048,2048,MONTGOMERYMULTIPLICATION,25000,0.000675706,36998338.516,0
opencl-e2e,NVIDIA GeForce RTX 3060,GPU,w32-o64,p2048,2048,MONTGOMERYMULTIPLICATION,25000,0.002902381,8613617.561,0
opencl-kernel,NVIDIA GeForce RTX 3060,GPU,w32-il,p2048,2048,MONTGOMERYMULTIPLICATION,25000,0.000706062,35407654.822,0
opencl-e2e,NVIDIA GeForce RTX 3060,GPU,w32-il,p2048,2048,MONTGOMERYMULTIPLICATION,25000,0.002909261,8593247.461,0
opencl-kernel,NVIDIA GeForce RTX 3060,GPU,w32-il64,p2048,2048,MONTGOMERYMULTIPLICATION,25000,0.000604100,41383876.738,0
opencl-e2e,NVIDIA GeForce RTX 3060,GPU,w32-il64,p2048,2048,MONTGOMERYMULTIPLICATION,25000,0.002655851,9413178.625,0
library,Intel(R) Core(TM) i7-7700 CPU @ 3.60GHz,host-cpu,gmp-1t,p2048,2048,COMPARE,25000,0.000352338,70954603.510,0
opencl-kernel,NVIDIA GeForce RTX 3060,GPU,w8,p2048,2048,COMPARE,25000,0.000551770,45308735.717,0
opencl-e2e,NVIDIA GeForce RTX 3060,GPU,w8,p2048,2048,COMPARE,25000,0.002907203,8599330.565,0
opencl-kernel,NVIDIA GeForce RTX 3060,GPU,w16,p2048,2048,COMPARE,25000,0.000274633,91030575.612,0
opencl-e2e,NVIDIA GeForce RTX 3060,GPU,w16,p2048,2048,COMPARE,25000,0.002256797,11077646.838,0
opencl-kernel,NVIDIA GeForce RTX 3060,GPU,w32-opt,p2048,2048,COMPARE,25000,0.000160277,155979953.645,0
opencl-e2e,NVIDIA GeForce RTX 3060,GPU,w32-opt,p2048,2048,COMPARE,25000,0.002248083,11120585.808,0
opencl-kernel,NVIDIA GeForce RTX 3060,GPU,w32-o64,p2048,2048,COMPARE,25000,0.000156570,159672996.730,0
opencl-e2e,NVIDIA GeForce RTX 3060,GPU,w32-o64,p2048,2048,COMPARE,25000,0.002358325,10600744.171,0
opencl-kernel,NVIDIA GeForce RTX 3060,GPU,w32-il,p2048,2048,COMPARE,25000,0.000043057,580626174.746,0
opencl-e2e,NVIDIA GeForce RTX 3060,GPU,w32-il,p2048,2048,COMPARE,25000,0.002197323,11377480.597,0
opencl-kernel,NVIDIA GeForce RTX 3060,GPU,w32-il64,p2048,2048,COMPARE,25000,0.000042633,586399696.353,0
opencl-e2e,NVIDIA GeForce RTX 3060,GPU,w32-il64,p2048,2048,COMPARE,25000,0.002067330,12092892.751,0
library,Intel(R) Core(TM) i7-7700 CPU @ 3.60GHz,host-cpu,gmp-1t,p2048,2048,REDUCE,3125,0.000102565,30468488.292,0
opencl-kernel,NVIDIA GeForce RTX 3060,GPU,w8,p2048,2048,REDUCE,20000,0.508415892,39337.873,0
opencl-e2e,NVIDIA GeForce RTX 3060,GPU,w8,p2048,2048,REDUCE,20000,0.510577258,39171.349,0
opencl-kernel,NVIDIA GeForce RTX 3060,GPU,w16,p2048,2048,REDUCE,20000,0.007853402,2546667.037,0
opencl-e2e,NVIDIA GeForce RTX 3060,GPU,w16,p2048,2048,REDUCE,20000,0.009546414,2095027.511,0
opencl-kernel,NVIDIA GeForce RTX 3060,GPU,w32-opt,p2048,2048,REDUCE,20000,0.001593718,12549271.924,0
opencl-e2e,NVIDIA GeForce RTX 3060,GPU,w32-opt,p2048,2048,REDUCE,20000,0.003400086,5882204.125,0
opencl-kernel,NVIDIA GeForce RTX 3060,GPU,w32-o64,p2048,2048,REDUCE,20000,0.001794886,11142769.202,0
opencl-e2e,NVIDIA GeForce RTX 3060,GPU,w32-o64,p2048,2048,REDUCE,20000,0.003490776,5729385.102,0
opencl-kernel,NVIDIA GeForce RTX 3060,GPU,w32-il,p2048,2048,REDUCE,20000,0.001435084,13936466.091,0
opencl-e2e,NVIDIA GeForce RTX 3060,GPU,w32-il,p2048,2048,REDUCE,20000,0.003151652,6345878.297,0
opencl-kernel,NVIDIA GeForce RTX 3060,GPU,w32-il64,p2048,2048,REDUCE,20000,0.001718934,11635118.145,0
opencl-e2e,NVIDIA GeForce RTX 3060,GPU,w32-il64,p2048,2048,REDUCE,20000,0.003402450,5878117.230,0
library,Intel(R) Core(TM) i7-7700 CPU @ 3.60GHz,host-cpu,gmp-1t,p2048,2048,MODMUL,1562,0.002074366,753001.148,0
opencl-kernel,NVIDIA GeForce RTX 3060,GPU,w8,p2048,2048,MODMUL,20000,0.847757633,23591.648,0
opencl-e2e,NVIDIA GeForce RTX 3060,GPU,w8,p2048,2048,MODMUL,20000,0.850148124,23525.312,0
opencl-kernel,NVIDIA GeForce RTX 3060,GPU,w16,p2048,2048,MODMUL,20000,0.021420110,933702.020,0
opencl-e2e,NVIDIA GeForce RTX 3060,GPU,w16,p2048,2048,MODMUL,20000,0.023148880,863972.685,0
opencl-kernel,NVIDIA GeForce RTX 3060,GPU,w32-opt,p2048,2048,MODMUL,20000,0.009270714,2157331.137,0
opencl-e2e,NVIDIA GeForce RTX 3060,GPU,w32-opt,p2048,2048,MODMUL,20000,0.010953001,1825983.585,0
opencl-kernel,NVIDIA GeForce RTX 3060,GPU,w32-o64,p2048,2048,MODMUL,20000,0.007241829,2761733.255,0
opencl-e2e,NVIDIA GeForce RTX 3060,GPU,w32-o64,p2048,2048,MODMUL,20000,0.008933458,2238774.725,0
opencl-kernel,NVIDIA GeForce RTX 3060,GPU,w32-il,p2048,2048,MODMUL,20000,0.008318424,2404301.586,0
opencl-e2e,NVIDIA GeForce RTX 3060,GPU,w32-il,p2048,2048,MODMUL,20000,0.010082813,1983573.437,0
opencl-kernel,NVIDIA GeForce RTX 3060,GPU,w32-il64,p2048,2048,MODMUL,20000,0.007015392,2850874.188,0
opencl-e2e,NVIDIA GeForce RTX 3060,GPU,w32-il64,p2048,2048,MODMUL,20000,0.008640668,2314635.858,0
library,Intel(R) Core(TM) i7-7700 CPU @ 3.60GHz,host-cpu,gmp-1t,p2048,2048,MODEXP,390,0.896729789,434.914,0
opencl-kernel,NVIDIA GeForce RTX 3060,GPU,w8,p2048,2048,MODEXP,20000,131.869267422,151.665,0
opencl-e2e,NVIDIA GeForce RTX 3060,GPU,w8,p2048,2048,MODEXP,20000,131.844318098,151.694,0
opencl-kernel,NVIDIA GeForce RTX 3060,GPU,w16,p2048,2048,MODEXP,20000,15.083813892,1325.925,0
opencl-e2e,NVIDIA GeForce RTX 3060,GPU,w16,p2048,2048,MODEXP,20000,15.043730703,1329.457,0
opencl-kernel,NVIDIA GeForce RTX 3060,GPU,w32-opt,p2048,2048,MODEXP,20000,1.751203719,11420.716,0
opencl-e2e,NVIDIA GeForce RTX 3060,GPU,w32-opt,p2048,2048,MODEXP,20000,1.753364211,11406.643,0
opencl-kernel,NVIDIA GeForce RTX 3060,GPU,w32-o64,p2048,2048,MODEXP,20000,4.870471476,4106.379,0
opencl-e2e,NVIDIA GeForce RTX 3060,GPU,w32-o64,p2048,2048,MODEXP,20000,4.864875965,4111.102,0
opencl-kernel,NVIDIA GeForce RTX 3060,GPU,w32-il,p2048,2048,MODEXP,20000,1.607088357,12444.866,0
opencl-e2e,NVIDIA GeForce RTX 3060,GPU,w32-il,p2048,2048,MODEXP,20000,1.609037366,12429.792,0
opencl-kernel,NVIDIA GeForce RTX 3060,GPU,w32-il64,p2048,2048,MODEXP,20000,5.355332584,3734.595,0
opencl-e2e,NVIDIA GeForce RTX 3060,GPU,w32-il64,p2048,2048,MODEXP,20000,5.360876081,3730.734,0
library,Intel(R) Core(TM) i7-7700 CPU @ 3.60GHz,host-cpu,gmp-1t,p2048,2048,EXPONENTIATION,390,0.102649677,3799.330,0
opencl-kernel,NVIDIA GeForce RTX 3060,GPU,w8,p2048,2048,EXPONENTIATION,20000,28.874721708,692.647,0
opencl-e2e,NVIDIA GeForce RTX 3060,GPU,w8,p2048,2048,EXPONENTIATION,20000,28.847739546,693.295,0
opencl-kernel,NVIDIA GeForce RTX 3060,GPU,w16,p2048,2048,EXPONENTIATION,20000,5.206168970,3841.596,0
opencl-e2e,NVIDIA GeForce RTX 3060,GPU,w16,p2048,2048,EXPONENTIATION,20000,5.216705413,3833.837,0
opencl-kernel,NVIDIA GeForce RTX 3060,GPU,w32-opt,p2048,2048,EXPONENTIATION,20000,1.485470173,13463.751,0
opencl-e2e,NVIDIA GeForce RTX 3060,GPU,w32-opt,p2048,2048,EXPONENTIATION,20000,1.486140267,13457.680,0
opencl-kernel,NVIDIA GeForce RTX 3060,GPU,w32-o64,p2048,2048,EXPONENTIATION,20000,1.440578103,13883.315,0
opencl-e2e,NVIDIA GeForce RTX 3060,GPU,w32-o64,p2048,2048,EXPONENTIATION,20000,1.438746566,13900.989,0
opencl-kernel,NVIDIA GeForce RTX 3060,GPU,w32-il,p2048,2048,EXPONENTIATION,20000,1.487892463,13441.832,0
opencl-e2e,NVIDIA GeForce RTX 3060,GPU,w32-il,p2048,2048,EXPONENTIATION,20000,1.490678534,13416.709,0
opencl-kernel,NVIDIA GeForce RTX 3060,GPU,w32-il64,p2048,2048,EXPONENTIATION,20000,1.424652141,14038.515,0
opencl-e2e,NVIDIA GeForce RTX 3060,GPU,w32-il64,p2048,2048,EXPONENTIATION,20000,1.426505712,14020.273,0
library,Intel(R) Core(TM) i7-7700 CPU @ 3.60GHz,host-cpu,gmp-1t,p2048,2048,DIVIDE,3125,0.000188855,16547087.382,0
opencl-kernel,NVIDIA GeForce RTX 3060,GPU,w8,p2048,2048,DIVIDE,20000,1.338371004,14943.540,0
opencl-e2e,NVIDIA GeForce RTX 3060,GPU,w8,p2048,2048,DIVIDE,20000,1.340777037,14916.723,0
opencl-kernel,NVIDIA GeForce RTX 3060,GPU,w16,p2048,2048,DIVIDE,20000,0.306928024,65161.857,0
opencl-e2e,NVIDIA GeForce RTX 3060,GPU,w16,p2048,2048,DIVIDE,20000,0.309121111,64699.560,0
opencl-kernel,NVIDIA GeForce RTX 3060,GPU,w32-opt,p2048,2048,DIVIDE,20000,0.026229514,762499.832,0
opencl-e2e,NVIDIA GeForce RTX 3060,GPU,w32-opt,p2048,2048,DIVIDE,20000,0.028707631,696678.873,0
opencl-kernel,NVIDIA GeForce RTX 3060,GPU,w32-o64,p2048,2048,DIVIDE,20000,0.018971418,1054217.456,0
opencl-e2e,NVIDIA GeForce RTX 3060,GPU,w32-o64,p2048,2048,DIVIDE,20000,0.021161919,945093.874,0
opencl-kernel,NVIDIA GeForce RTX 3060,GPU,w32-il,p2048,2048,DIVIDE,20000,0.022199600,900917.133,0
opencl-e2e,NVIDIA GeForce RTX 3060,GPU,w32-il,p2048,2048,DIVIDE,20000,0.024578379,813723.313,0
opencl-kernel,NVIDIA GeForce RTX 3060,GPU,w32-il64,p2048,2048,DIVIDE,20000,0.022986804,870064.409,0
opencl-e2e,NVIDIA GeForce RTX 3060,GPU,w32-il64,p2048,2048,DIVIDE,20000,0.025334290,789443.872,0
library,Intel(R) Core(TM) i7-7700 CPU @ 3.60GHz,host-cpu,gmp-1t,p2048,2048,ISQRT,781,0.000407643,1915892.205,0
opencl-kernel,NVIDIA GeForce RTX 3060,GPU,w8,p2048,2048,ISQRT,20000,17.205783399,1162.400,0
opencl-e2e,NVIDIA GeForce RTX 3060,GPU,w8,p2048,2048,ISQRT,20000,17.203944969,1162.524,0
opencl-kernel,NVIDIA GeForce RTX 3060,GPU,w16,p2048,2048,ISQRT,20000,5.718122349,3497.652,0
opencl-e2e,NVIDIA GeForce RTX 3060,GPU,w16,p2048,2048,ISQRT,20000,5.703773955,3506.450,0
opencl-kernel,NVIDIA GeForce RTX 3060,GPU,w32-opt,p2048,2048,ISQRT,20000,0.213349783,93742.772,0
opencl-e2e,NVIDIA GeForce RTX 3060,GPU,w32-opt,p2048,2048,ISQRT,20000,0.215201533,92936.141,0
opencl-kernel,NVIDIA GeForce RTX 3060,GPU,w32-o64,p2048,2048,ISQRT,20000,0.076244395,262314.364,0
opencl-e2e,NVIDIA GeForce RTX 3060,GPU,w32-o64,p2048,2048,ISQRT,20000,0.077906060,256719.439,0
opencl-kernel,NVIDIA GeForce RTX 3060,GPU,w32-il,p2048,2048,ISQRT,20000,0.215538885,92790.681,0
opencl-e2e,NVIDIA GeForce RTX 3060,GPU,w32-il,p2048,2048,ISQRT,20000,0.217496811,91955.371,0
opencl-kernel,NVIDIA GeForce RTX 3060,GPU,w32-il64,p2048,2048,ISQRT,20000,0.075731505,264090.883,0
opencl-e2e,NVIDIA GeForce RTX 3060,GPU,w32-il64,p2048,2048,ISQRT,20000,0.077622531,257657.149,0
library,Intel(R) Core(TM) i7-7700 CPU @ 3.60GHz,host-cpu,gmp-1t,p2048,2048,MODMUL_R2,25000,0.033943011,736528.648,0
opencl-kernel,NVIDIA GeForce RTX 3060,GPU,w8,p2048,2048,MODMUL_R2,25000,0.074720552,334579.969,0
opencl-e2e,NVIDIA GeForce RTX 3060,GPU,w8,p2048,2048,MODMUL_R2,25000,0.077265769,323558.548,0
opencl-kernel,NVIDIA GeForce RTX 3060,GPU,w16,p2048,2048,MODMUL_R2,25000,0.003119439,8014261.531,0
opencl-e2e,NVIDIA GeForce RTX 3060,GPU,w16,p2048,2048,MODMUL_R2,25000,0.005348977,4673790.901,0
opencl-kernel,NVIDIA GeForce RTX 3060,GPU,w32-opt,p2048,2048,MODMUL_R2,25000,0.001302184,19198515.530,0
opencl-e2e,NVIDIA GeForce RTX 3060,GPU,w32-opt,p2048,2048,MODMUL_R2,25000,0.003624167,6898136.864,0
opencl-kernel,NVIDIA GeForce RTX 3060,GPU,w32-o64,p2048,2048,MODMUL_R2,25000,0.001025061,24388792.313,0
opencl-e2e,NVIDIA GeForce RTX 3060,GPU,w32-o64,p2048,2048,MODMUL_R2,25000,0.003129499,7988499.182,0
opencl-kernel,NVIDIA GeForce RTX 3060,GPU,w32-il,p2048,2048,MODMUL_R2,25000,0.001183641,21121269.595,0
opencl-e2e,NVIDIA GeForce RTX 3060,GPU,w32-il,p2048,2048,MODMUL_R2,25000,0.003502356,7138052.204,0
opencl-kernel,NVIDIA GeForce RTX 3060,GPU,w32-il64,p2048,2048,MODMUL_R2,25000,0.000971029,25745884.305,0
opencl-e2e,NVIDIA GeForce RTX 3060,GPU,w32-il64,p2048,2048,MODMUL_R2,25000,0.003229975,7739997.983,0
