kind,device,device_type,kernel,modulus,bits,operation,items,seconds,ops_per_sec,mismatches
library,Intel(R) Xeon(R) 6787P,host-cpu,gmp-1t,secp256k1,256,ADD,50000,0.000948051,52739777.665,0
library,NVIDIA B300 SXM6 AC,gpu,cgbn,secp256k1,256,ADD,50000,0.000007808,6403688524.590,0
opencl-kernel,NVIDIA B300 SXM6 AC,GPU,w8,secp256k1,256,ADD,50000,0.000023070,2167320044.709,0
opencl-e2e,NVIDIA B300 SXM6 AC,GPU,w8,secp256k1,256,ADD,50000,0.001228570,40697721.517,0
opencl-kernel,NVIDIA B300 SXM6 AC,GPU,w16,secp256k1,256,ADD,50000,0.000017629,2836234941.096,0
opencl-e2e,NVIDIA B300 SXM6 AC,GPU,w16,secp256k1,256,ADD,50000,0.000972261,51426519.607,0
opencl-kernel,NVIDIA B300 SXM6 AC,GPU,w32,secp256k1,256,ADD,50000,0.000014345,3485524046.647,0
opencl-e2e,NVIDIA B300 SXM6 AC,GPU,w32,secp256k1,256,ADD,50000,0.000963612,51888104.667,0
opencl-kernel,NVIDIA B300 SXM6 AC,GPU,w32-opt,secp256k1,256,ADD,50000,0.000013365,3741114064.344,0
opencl-e2e,NVIDIA B300 SXM6 AC,GPU,w32-opt,secp256k1,256,ADD,50000,0.001006137,49695021.771,0
opencl-kernel,NVIDIA B300 SXM6 AC,GPU,w32-o64,secp256k1,256,ADD,50000,0.000013415,3727170189.354,0
opencl-e2e,NVIDIA B300 SXM6 AC,GPU,w32-o64,secp256k1,256,ADD,50000,0.000968440,51629426.232,0
opencl-kernel,NVIDIA B300 SXM6 AC,GPU,w32-il,secp256k1,256,ADD,50000,0.000012428,4023162441.455,0
opencl-e2e,NVIDIA B300 SXM6 AC,GPU,w32-il,secp256k1,256,ADD,50000,0.000975740,51243157.686,0
opencl-kernel,NVIDIA B300 SXM6 AC,GPU,w32-il64,secp256k1,256,ADD,50000,0.000012754,3920339640.001,0
opencl-e2e,NVIDIA B300 SXM6 AC,GPU,w32-il64,secp256k1,256,ADD,50000,0.001003447,49828242.608,0
library,Intel(R) Xeon(R) 6787P,host-cpu,gmp-1t,secp256k1,256,SUBTRACT,50000,0.001598189,31285420.805,0
library,NVIDIA B300 SXM6 AC,gpu,cgbn,secp256k1,256,SUBTRACT,50000,0.000007616,6565126050.420,0
opencl-kernel,NVIDIA B300 SXM6 AC,GPU,w8,secp256k1,256,SUBTRACT,50000,0.000022949,2178748691.726,0
opencl-e2e,NVIDIA B300 SXM6 AC,GPU,w8,secp256k1,256,SUBTRACT,50000,0.000995782,50211794.799,0
opencl-kernel,NVIDIA B300 SXM6 AC,GPU,w16,secp256k1,256,SUBTRACT,50000,0.000017453,2864839445.037,0
opencl-e2e,NVIDIA B300 SXM6 AC,GPU,w16,secp256k1,256,SUBTRACT,50000,0.000983376,50845251.577,0
opencl-kernel,NVIDIA B300 SXM6 AC,GPU,w32,secp256k1,256,SUBTRACT,50000,0.000013512,3700404761.023,0
opencl-e2e,NVIDIA B300 SXM6 AC,GPU,w32,secp256k1,256,SUBTRACT,50000,0.000955803,52312036.622,0
opencl-kernel,NVIDIA B300 SXM6 AC,GPU,w32-opt,secp256k1,256,SUBTRACT,50000,0.000013688,3652835366.860,0
opencl-e2e,NVIDIA B300 SXM6 AC,GPU,w32-opt,secp256k1,256,SUBTRACT,50000,0.000947217,52786215.257,0
opencl-kernel,NVIDIA B300 SXM6 AC,GPU,w32-o64,secp256k1,256,SUBTRACT,50000,0.000013581,3681610917.195,0
opencl-e2e,NVIDIA B300 SXM6 AC,GPU,w32-o64,secp256k1,256,SUBTRACT,50000,0.000968900,51604913.570,0
opencl-kernel,NVIDIA B300 SXM6 AC,GPU,w32-il,secp256k1,256,SUBTRACT,50000,0.000012321,4058115391.193,0
opencl-e2e,NVIDIA B300 SXM6 AC,GPU,w32-il,secp256k1,256,SUBTRACT,50000,0.000951657,52539937.489,0
opencl-kernel,NVIDIA B300 SXM6 AC,GPU,w32-il64,secp256k1,256,SUBTRACT,50000,0.000012155,4113539630.593,0
opencl-e2e,NVIDIA B300 SXM6 AC,GPU,w32-il64,secp256k1,256,SUBTRACT,50000,0.000999809,50009551.326,0
library,Intel(R) Xeon(R) 6787P,host-cpu,gmp-1t,secp256k1,256,ADDMOD,50000,0.004831800,10348110.425,0
library,NVIDIA B300 SXM6 AC,gpu,cgbn,secp256k1,256,ADDMOD,50000,0.000009696,5156765676.568,0
opencl-kernel,NVIDIA B300 SXM6 AC,GPU,w8,secp256k1,256,ADDMOD,50000,0.000029299,1706542842.101,0
opencl-e2e,NVIDIA B300 SXM6 AC,GPU,w8,secp256k1,256,ADDMOD,50000,0.000993203,50342174.627,0
opencl-kernel,NVIDIA B300 SXM6 AC,GPU,w16,secp256k1,256,ADDMOD,50000,0.000021278,2349846559.049,0
opencl-e2e,NVIDIA B300 SXM6 AC,GPU,w16,secp256k1,256,ADDMOD,50000,0.000973545,51358693.473,0
opencl-kernel,NVIDIA B300 SXM6 AC,GPU,w32,secp256k1,256,ADDMOD,50000,0.000014723,3396049874.476,0
opencl-e2e,NVIDIA B300 SXM6 AC,GPU,w32,secp256k1,256,ADDMOD,50000,0.000975546,51253348.376,0
opencl-kernel,NVIDIA B300 SXM6 AC,GPU,w32-opt,secp256k1,256,ADDMOD,50000,0.000014040,3561244161.422,0
opencl-e2e,NVIDIA B300 SXM6 AC,GPU,w32-opt,secp256k1,256,ADDMOD,50000,0.000962093,51970027.477,0
opencl-kernel,NVIDIA B300 SXM6 AC,GPU,w32-o64,secp256k1,256,ADDMOD,50000,0.000013773,3630296339.247,0
opencl-e2e,NVIDIA B300 SXM6 AC,GPU,w32-o64,secp256k1,256,ADDMOD,50000,0.000980986,50969127.438,0
opencl-kernel,NVIDIA B300 SXM6 AC,GPU,w32-il,secp256k1,256,ADDMOD,50000,0.000011796,4238719488.389,0
opencl-e2e,NVIDIA B300 SXM6 AC,GPU,w32-il,secp256k1,256,ADDMOD,50000,0.000971692,51456635.785,0
opencl-kernel,NVIDIA B300 SXM6 AC,GPU,w32-il64,secp256k1,256,ADDMOD,50000,0.000011367,4398710892.397,0
opencl-e2e,NVIDIA B300 SXM6 AC,GPU,w32-il64,secp256k1,256,ADDMOD,50000,0.001003160,49842496.465,0
library,Intel(R) Xeon(R) 6787P,host-cpu,gmp-1t,secp256k1,256,SUBTRACTMOD,50000,0.004153164,12039014.148,0
library,NVIDIA B300 SXM6 AC,gpu,cgbn,secp256k1,256,SUBTRACTMOD,50000,0.000009728,5139802631.579,0
opencl-kernel,NVIDIA B300 SXM6 AC,GPU,w8,secp256k1,256,SUBTRACTMOD,50000,0.000029493,1695317137.636,0
opencl-e2e,NVIDIA B300 SXM6 AC,GPU,w8,secp256k1,256,SUBTRACTMOD,50000,0.001217692,41061286.957,0
opencl-kernel,NVIDIA B300 SXM6 AC,GPU,w16,secp256k1,256,SUBTRACTMOD,50000,0.000020924,2389597685.494,0
opencl-e2e,NVIDIA B300 SXM6 AC,GPU,w16,secp256k1,256,SUBTRACTMOD,50000,0.001010087,49500685.218,0
opencl-kernel,NVIDIA B300 SXM6 AC,GPU,w32,secp256k1,256,SUBTRACTMOD,50000,0.000014664,3409719000.496,0
opencl-e2e,NVIDIA B300 SXM6 AC,GPU,w32,secp256k1,256,SUBTRACTMOD,50000,0.000981878,50922825.201,0
opencl-kernel,NVIDIA B300 SXM6 AC,GPU,w32-opt,secp256k1,256,SUBTRACTMOD,50000,0.000013892,3599204981.103,0
opencl-e2e,NVIDIA B300 SXM6 AC,GPU,w32-opt,secp256k1,256,SUBTRACTMOD,50000,0.000975792,51240428.015,0
opencl-kernel,NVIDIA B300 SXM6 AC,GPU,w32-o64,secp256k1,256,SUBTRACTMOD,50000,0.000013631,3668106274.260,0
opencl-e2e,NVIDIA B300 SXM6 AC,GPU,w32-o64,secp256k1,256,SUBTRACTMOD,50000,0.000987908,50612000.922,0
opencl-kernel,NVIDIA B300 SXM6 AC,GPU,w32-il,secp256k1,256,SUBTRACTMOD,50000,0.000012259,4078636420.269,0
opencl-e2e,NVIDIA B300 SXM6 AC,GPU,w32-il,secp256k1,256,SUBTRACTMOD,50000,0.000981488,50943056.213,0
opencl-kernel,NVIDIA B300 SXM6 AC,GPU,w32-il64,secp256k1,256,SUBTRACTMOD,50000,0.000011429,4374852095.259,0
opencl-e2e,NVIDIA B300 SXM6 AC,GPU,w32-il64,secp256k1,256,SUBTRACTMOD,50000,0.000948291,52726432.084,0
library,Intel(R) Xeon(R) 6787P,host-cpu,gmp-1t,secp256k1,256,MULTIPLYOPERANDSCANNING,50000,0.002483709,20131182.704,0
opencl-kernel,NVIDIA B300 SXM6 AC,GPU,w8,secp256k1,256,MULTIPLYOPERANDSCANNING,50000,0.001710903,29224333.311,0
opencl-e2e,NVIDIA B300 SXM6 AC,GPU,w8,secp256k1,256,MULTIPLYOPERANDSCANNING,50000,0.003073096,16270236.696,0
opencl-kernel,NVIDIA B300 SXM6 AC,GPU,w16,secp256k1,256,MULTIPLYOPERANDSCANNING,50000,0.000612184,81674790.870,0
opencl-e2e,NVIDIA B300 SXM6 AC,GPU,w16,secp256k1,256,MULTIPLYOPERANDSCANNING,50000,0.001897561,26349614.662,0
opencl-kernel,NVIDIA B300 SXM6 AC,GPU,w32,secp256k1,256,MULTIPLYOPERANDSCANNING,50000,0.000081762,611531231.188,0
opencl-e2e,NVIDIA B300 SXM6 AC,GPU,w32,secp256k1,256,MULTIPLYOPERANDSCANNING,50000,0.001320517,37863958.355,0
opencl-kernel,NVIDIA B300 SXM6 AC,GPU,w32-opt,secp256k1,256,MULTIPLYOPERANDSCANNING,50000,0.000017754,2816270426.968,0
opencl-e2e,NVIDIA B300 SXM6 AC,GPU,w32-opt,secp256k1,256,MULTIPLYOPERANDSCANNING,50000,0.001337166,37392515.145,0
opencl-kernel,NVIDIA B300 SXM6 AC,GPU,w32-o64,secp256k1,256,MULTIPLYOPERANDSCANNING,50000,0.000016460,3037663277.236,0
opencl-e2e,NVIDIA B300 SXM6 AC,GPU,w32-o64,secp256k1,256,MULTIPLYOPERANDSCANNING,50000,0.001114762,44852624.026,0
opencl-kernel,NVIDIA B300 SXM6 AC,GPU,w32-il,secp256k1,256,MULTIPLYOPERANDSCANNING,50000,0.000012716,3932058002.646,0
opencl-e2e,NVIDIA B300 SXM6 AC,GPU,w32-il,secp256k1,256,MULTIPLYOPERANDSCANNING,50000,0.001302816,38378405.705,0
opencl-kernel,NVIDIA B300 SXM6 AC,GPU,w32-il64,secp256k1,256,MULTIPLYOPERANDSCANNING,50000,0.000013027,3838184909.876,0
opencl-e2e,NVIDIA B300 SXM6 AC,GPU,w32-il64,secp256k1,256,MULTIPLYOPERANDSCANNING,50000,0.001255707,39818205.987,0
library,Intel(R) Xeon(R) 6787P,host-cpu,gmp-1t,secp256k1,256,MULTIPLYPRODUCTSCANNING,50000,0.002543557,19657510.900,0
library,NVIDIA B300 SXM6 AC,gpu,cgbn,secp256k1,256,MULTIPLYPRODUCTSCANNING,50000,0.000007808,6403688524.590,0
opencl-kernel,NVIDIA B300 SXM6 AC,GPU,w8,secp256k1,256,MULTIPLYPRODUCTSCANNING,50000,0.000167168,299100240.849,0
opencl-e2e,NVIDIA B300 SXM6 AC,GPU,w8,secp256k1,256,MULTIPLYPRODUCTSCANNING,50000,0.001473216,33939354.661,0
opencl-kernel,NVIDIA B300 SXM6 AC,GPU,w16,secp256k1,256,MULTIPLYPRODUCTSCANNING,50000,0.000058630,852806349.137,0
opencl-e2e,NVIDIA B300 SXM6 AC,GPU,w16,secp256k1,256,MULTIPLYPRODUCTSCANNING,50000,0.001256624,39789149.217,0
opencl-kernel,NVIDIA B300 SXM6 AC,GPU,w32,secp256k1,256,MULTIPLYPRODUCTSCANNING,50000,0.000023307,2145274015.764,0
opencl-e2e,NVIDIA B300 SXM6 AC,GPU,w32,secp256k1,256,MULTIPLYPRODUCTSCANNING,50000,0.001325993,37707590.170,0
opencl-kernel,NVIDIA B300 SXM6 AC,GPU,w32-opt,secp256k1,256,MULTIPLYPRODUCTSCANNING,50000,0.000023444,2132741075.317,0
opencl-e2e,NVIDIA B300 SXM6 AC,GPU,w32-opt,secp256k1,256,MULTIPLYPRODUCTSCANNING,50000,0.001300372,38450535.436,0
opencl-kernel,NVIDIA B300 SXM6 AC,GPU,w32-o64,secp256k1,256,MULTIPLYPRODUCTSCANNING,50000,0.000023176,2157407723.528,0
opencl-e2e,NVIDIA B300 SXM6 AC,GPU,w32-o64,secp256k1,256,MULTIPLYPRODUCTSCANNING,50000,0.001250705,39977451.392,0
opencl-kernel,NVIDIA B300 SXM6 AC,GPU,w32-il,secp256k1,256,MULTIPLYPRODUCTSCANNING,50000,0.000020290,2464271970.486,0
opencl-e2e,NVIDIA B300 SXM6 AC,GPU,w32-il,secp256k1,256,MULTIPLYPRODUCTSCANNING,50000,0.001299174,38485990.778,0
opencl-kernel,NVIDIA B300 SXM6 AC,GPU,w32-il64,secp256k1,256,MULTIPLYPRODUCTSCANNING,50000,0.000019885,2514455916.774,0
opencl-e2e,NVIDIA B300 SXM6 AC,GPU,w32-il64,secp256k1,256,MULTIPLYPRODUCTSCANNING,50000,0.001188542,42068349.453,0
library,Intel(R) Xeon(R) 6787P,host-cpu,gmp-1t,secp256k1,256,MONTGOMERYMULTIPLICATION,50000,0.011886971,4206286.021,0
library,NVIDIA B300 SXM6 AC,gpu,cgbn,secp256k1,256,MONTGOMERYMULTIPLICATION,50000,0.000010368,4822530864.198,0
opencl-kernel,NVIDIA B300 SXM6 AC,GPU,w8,secp256k1,256,MONTGOMERYMULTIPLICATION,50000,0.000073232,682761731.987,0
opencl-e2e,NVIDIA B300 SXM6 AC,GPU,w8,secp256k1,256,MONTGOMERYMULTIPLICATION,50000,0.001218417,41036852.913,0
opencl-kernel,NVIDIA B300 SXM6 AC,GPU,w16,secp256k1,256,MONTGOMERYMULTIPLICATION,50000,0.000027776,1800115382.616,0
opencl-e2e,NVIDIA B300 SXM6 AC,GPU,w16,secp256k1,256,MONTGOMERYMULTIPLICATION,50000,0.000987282,50644090.385,0
opencl-kernel,NVIDIA B300 SXM6 AC,GPU,w32,secp256k1,256,MONTGOMERYMULTIPLICATION,50000,0.000014893,3357279212.069,0
opencl-e2e,NVIDIA B300 SXM6 AC,GPU,w32,secp256k1,256,MONTGOMERYMULTIPLICATION,50000,0.000968531,51624573.340,0
opencl-kernel,NVIDIA B300 SXM6 AC,GPU,w32-opt,secp256k1,256,MONTGOMERYMULTIPLICATION,50000,0.000016572,3017145734.517,0
opencl-e2e,NVIDIA B300 SXM6 AC,GPU,w32-opt,secp256k1,256,MONTGOMERYMULTIPLICATION,50000,0.000967812,51662927.994,0
opencl-kernel,NVIDIA B300 SXM6 AC,GPU,w32-o64,secp256k1,256,MONTGOMERYMULTIPLICATION,50000,0.000014369,3479706791.759,0
opencl-e2e,NVIDIA B300 SXM6 AC,GPU,w32-o64,secp256k1,256,MONTGOMERYMULTIPLICATION,50000,0.000956018,52300271.062,0
opencl-kernel,NVIDIA B300 SXM6 AC,GPU,w32-il,secp256k1,256,MONTGOMERYMULTIPLICATION,50000,0.000015962,3132440365.393,0
opencl-e2e,NVIDIA B300 SXM6 AC,GPU,w32-il,secp256k1,256,MONTGOMERYMULTIPLICATION,50000,0.000957988,52192722.225,0
opencl-kernel,NVIDIA B300 SXM6 AC,GPU,w32-il64,secp256k1,256,MONTGOMERYMULTIPLICATION,50000,0.000012918,3870577793.799,0
opencl-e2e,NVIDIA B300 SXM6 AC,GPU,w32-il64,secp256k1,256,MONTGOMERYMULTIPLICATION,50000,0.000965499,51786691.177,0
library,Intel(R) Xeon(R) 6787P,host-cpu,gmp-1t,secp256k1,256,COMPARE,50000,0.000875332,57121215.081,0
library,NVIDIA B300 SXM6 AC,gpu,cgbn,secp256k1,256,COMPARE,50000,0.000007808,6403688524.590,0
opencl-kernel,NVIDIA B300 SXM6 AC,GPU,w8,secp256k1,256,COMPARE,50000,0.000023132,2161506420.906,0
opencl-e2e,NVIDIA B300 SXM6 AC,GPU,w8,secp256k1,256,COMPARE,50000,0.000997942,50103112.244,0
opencl-kernel,NVIDIA B300 SXM6 AC,GPU,w16,secp256k1,256,COMPARE,50000,0.000017758,2815633470.565,0
opencl-e2e,NVIDIA B300 SXM6 AC,GPU,w16,secp256k1,256,COMPARE,50000,0.001008634,49571993.030,0
opencl-kernel,NVIDIA B300 SXM6 AC,GPU,w32-opt,secp256k1,256,COMPARE,50000,0.000012581,3974245670.399,0
opencl-e2e,NVIDIA B300 SXM6 AC,GPU,w32-opt,secp256k1,256,COMPARE,50000,0.000958816,52147647.030,0
opencl-kernel,NVIDIA B300 SXM6 AC,GPU,w32-o64,secp256k1,256,COMPARE,50000,0.000012795,3907766274.674,0
opencl-e2e,NVIDIA B300 SXM6 AC,GPU,w32-o64,secp256k1,256,COMPARE,50000,0.000967825,51662235.100,0
opencl-kernel,NVIDIA B300 SXM6 AC,GPU,w32-il,secp256k1,256,COMPARE,50000,0.000012432,4021881539.470,0
opencl-e2e,NVIDIA B300 SXM6 AC,GPU,w32-il,secp256k1,256,COMPARE,50000,0.000956713,52262277.786,0
opencl-kernel,NVIDIA B300 SXM6 AC,GPU,w32-il64,secp256k1,256,COMPARE,50000,0.000012614,3963865602.245,0
opencl-e2e,NVIDIA B300 SXM6 AC,GPU,w32-il64,secp256k1,256,COMPARE,50000,0.000986211,50699089.652,0
library,Intel(R) Xeon(R) 6787P,host-cpu,gmp-1t,secp256k1,256,REDUCE,6250,0.000590853,10577927.163,0
library,NVIDIA B300 SXM6 AC,gpu,cgbn,secp256k1,256,REDUCE,50000,0.000013632,3667840375.587,0
opencl-kernel,NVIDIA B300 SXM6 AC,GPU,w8,secp256k1,256,REDUCE,50000,0.000134805,370906006.003,0
opencl-e2e,NVIDIA B300 SXM6 AC,GPU,w8,secp256k1,256,REDUCE,50000,0.001289013,38789369.555,0
opencl-kernel,NVIDIA B300 SXM6 AC,GPU,w16,secp256k1,256,REDUCE,50000,0.000092501,540534723.926,0
opencl-e2e,NVIDIA B300 SXM6 AC,GPU,w16,secp256k1,256,REDUCE,50000,0.001263018,39587717.704,0
opencl-kernel,NVIDIA B300 SXM6 AC,GPU,w32-opt,secp256k1,256,REDUCE,50000,0.000036667,1363624537.174,0
opencl-e2e,NVIDIA B300 SXM6 AC,GPU,w32-opt,secp256k1,256,REDUCE,50000,0.000960931,52032871.893,0
opencl-kernel,NVIDIA B300 SXM6 AC,GPU,w32-o64,secp256k1,256,REDUCE,50000,0.000035765,1398014867.570,0
opencl-e2e,NVIDIA B300 SXM6 AC,GPU,w32-o64,secp256k1,256,REDUCE,50000,0.000974273,51320316.864,0
opencl-kernel,NVIDIA B300 SXM6 AC,GPU,w32-il,secp256k1,256,REDUCE,50000,0.000035931,1391555766.657,0
opencl-e2e,NVIDIA B300 SXM6 AC,GPU,w32-il,secp256k1,256,REDUCE,50000,0.000982955,50867029.446,0
opencl-kernel,NVIDIA B300 SXM6 AC,GPU,w32-il64,secp256k1,256,REDUCE,50000,0.000034780,1437609866.196,0
opencl-e2e,NVIDIA B300 SXM6 AC,GPU,w32-il64,secp256k1,256,REDUCE,50000,0.000991399,50433781.332,0
library,Intel(R) Xeon(R) 6787P,host-cpu,gmp-1t,secp256k1,256,MODMUL,3125,0.000338840,9222633.834,0
library,NVIDIA B300 SXM6 AC,gpu,cgbn,secp256k1,256,MODMUL,50000,0.000031296,1597648261.759,0
opencl-kernel,NVIDIA B300 SXM6 AC,GPU,w8,secp256k1,256,MODMUL,50000,0.000362612,137888425.615,0
opencl-e2e,NVIDIA B300 SXM6 AC,GPU,w8,secp256k1,256,MODMUL,50000,0.001515444,32993630.498,0
opencl-kernel,NVIDIA B300 SXM6 AC,GPU,w16,secp256k1,256,MODMUL,50000,0.000216515,230930905.753,0
opencl-e2e,NVIDIA B300 SXM6 AC,GPU,w16,secp256k1,256,MODMUL,50000,0.001515070,33001776.009,0
opencl-kernel,NVIDIA B300 SXM6 AC,GPU,w32-opt,secp256k1,256,MODMUL,50000,0.000104768,477244836.910,0
opencl-e2e,NVIDIA B300 SXM6 AC,GPU,w32-opt,secp256k1,256,MODMUL,50000,0.001054334,47423302.807,0
opencl-kernel,NVIDIA B300 SXM6 AC,GPU,w32-o64,secp256k1,256,MODMUL,50000,0.000084615,590912033.372,0
opencl-e2e,NVIDIA B300 SXM6 AC,GPU,w32-o64,secp256k1,256,MODMUL,50000,0.001090430,45853470.048,0
opencl-kernel,NVIDIA B300 SXM6 AC,GPU,w32-il,secp256k1,256,MODMUL,50000,0.000102279,488858861.104,0
opencl-e2e,NVIDIA B300 SXM6 AC,GPU,w32-il,secp256k1,256,MODMUL,50000,0.001260767,39658398.660,0
opencl-kernel,NVIDIA B300 SXM6 AC,GPU,w32-il64,secp256k1,256,MODMUL,50000,0.000084491,591779139.454,0
opencl-e2e,NVIDIA B300 SXM6 AC,GPU,w32-il64,secp256k1,256,MODMUL,50000,0.001102583,45348059.257,0
library,Intel(R) Xeon(R) 6787P,host-cpu,gmp-1t,secp256k1,256,MODEXP,781,0.008731146,89449.884,0
library,NVIDIA B300 SXM6 AC,gpu,cgbn,secp256k1,256,MODEXP,50000,0.008784256,5692001.690,0
opencl-kernel,NVIDIA B300 SXM6 AC,GPU,w8,secp256k1,256,MODEXP,50000,0.016602785,3011542.947,0
opencl-e2e,NVIDIA B300 SXM6 AC,GPU,w8,secp256k1,256,MODEXP,50000,0.017947964,2785831.312,0
opencl-kernel,NVIDIA B300 SXM6 AC,GPU,w16,secp256k1,256,MODEXP,50000,0.003086865,16197663.291,0
opencl-e2e,NVIDIA B300 SXM6 AC,GPU,w16,secp256k1,256,MODEXP,50000,0.004414423,11326508.533,0
opencl-kernel,NVIDIA B300 SXM6 AC,GPU,w32-opt,secp256k1,256,MODEXP,50000,0.002480722,20155422.703,0
opencl-e2e,NVIDIA B300 SXM6 AC,GPU,w32-opt,secp256k1,256,MODEXP,50000,0.003648719,13703439.505,0
opencl-kernel,NVIDIA B300 SXM6 AC,GPU,w32-o64,secp256k1,256,MODEXP,50000,0.001187896,42091226.603,0
opencl-e2e,NVIDIA B300 SXM6 AC,GPU,w32-o64,secp256k1,256,MODEXP,50000,0.002328912,21469252.327,0
opencl-kernel,NVIDIA B300 SXM6 AC,GPU,w32-il,secp256k1,256,MODEXP,50000,0.002460207,20323493.309,0
opencl-e2e,NVIDIA B300 SXM6 AC,GPU,w32-il,secp256k1,256,MODEXP,50000,0.003623155,13800127.222,0
opencl-kernel,NVIDIA B300 SXM6 AC,GPU,w32-il64,secp256k1,256,MODEXP,50000,0.001184839,42199826.355,0
opencl-e2e,NVIDIA B300 SXM6 AC,GPU,w32-il64,secp256k1,256,MODEXP,50000,0.002326507,21491446.682,0
library,Intel(R) Xeon(R) 6787P,host-cpu,gmp-1t,secp256k1,256,EXPONENTIATION,781,0.004849418,161050.254,0
opencl-kernel,NVIDIA B300 SXM6 AC,GPU,w8,secp256k1,256,EXPONENTIATION,50000,0.022657113,2206812.489,0
opencl-e2e,NVIDIA B300 SXM6 AC,GPU,w8,secp256k1,256,EXPONENTIATION,50000,0.024059744,2078160.103,0
opencl-kernel,NVIDIA B300 SXM6 AC,GPU,w16,secp256k1,256,EXPONENTIATION,50000,0.004565816,10950945.106,0
opencl-e2e,NVIDIA B300 SXM6 AC,GPU,w16,secp256k1,256,EXPONENTIATION,50000,0.005937645,8420847.015,0
opencl-kernel,NVIDIA B300 SXM6 AC,GPU,w32-opt,secp256k1,256,EXPONENTIATION,50000,0.000451877,110649590.072,0
opencl-e2e,NVIDIA B300 SXM6 AC,GPU,w32-opt,secp256k1,256,EXPONENTIATION,50000,0.001600425,31241701.581,0
opencl-kernel,NVIDIA B300 SXM6 AC,GPU,w32-o64,secp256k1,256,EXPONENTIATION,50000,0.000255805,195461361.546,0
opencl-e2e,NVIDIA B300 SXM6 AC,GPU,w32-o64,secp256k1,256,EXPONENTIATION,50000,0.001393686,35876087.111,0
opencl-kernel,NVIDIA B300 SXM6 AC,GPU,w32-il,secp256k1,256,EXPONENTIATION,50000,0.000455800,109697240.870,0
opencl-e2e,NVIDIA B300 SXM6 AC,GPU,w32-il,secp256k1,256,EXPONENTIATION,50000,0.001584861,31548507.640,0
opencl-kernel,NVIDIA B300 SXM6 AC,GPU,w32-il64,secp256k1,256,EXPONENTIATION,50000,0.000260048,192272179.615,0
opencl-e2e,NVIDIA B300 SXM6 AC,GPU,w32-il64,secp256k1,256,EXPONENTIATION,50000,0.001240762,40297818.591,0
library,Intel(R) Xeon(R) 6787P,host-cpu,gmp-1t,secp256k1,256,DIVIDE,6250,0.001404085,4451297.579,0
library,NVIDIA B300 SXM6 AC,gpu,cgbn,secp256k1,256,DIVIDE,50000,0.000015744,3175813008.130,0
opencl-kernel,NVIDIA B300 SXM6 AC,GPU,w8,secp256k1,256,DIVIDE,50000,0.000328905,152019603.635,0
opencl-e2e,NVIDIA B300 SXM6 AC,GPU,w8,secp256k1,256,DIVIDE,50000,0.001631468,30647245.104,0
opencl-kernel,NVIDIA B300 SXM6 AC,GPU,w16,secp256k1,256,DIVIDE,50000,0.000280199,178444611.576,0
opencl-e2e,NVIDIA B300 SXM6 AC,GPU,w16,secp256k1,256,DIVIDE,50000,0.001722309,29030794.614,0
opencl-kernel,NVIDIA B300 SXM6 AC,GPU,w32-opt,secp256k1,256,DIVIDE,50000,0.000107279,466074488.494,0
opencl-e2e,NVIDIA B300 SXM6 AC,GPU,w32-opt,secp256k1,256,DIVIDE,50000,0.001396412,35806050.743,0
opencl-kernel,NVIDIA B300 SXM6 AC,GPU,w32-o64,secp256k1,256,DIVIDE,50000,0.000104898,476653489.252,0
opencl-e2e,NVIDIA B300 SXM6 AC,GPU,w32-o64,secp256k1,256,DIVIDE,50000,0.001332052,37536070.699,0
opencl-kernel,NVIDIA B300 SXM6 AC,GPU,w32-il,secp256k1,256,DIVIDE,50000,0.000105450,474158422.669,0
opencl-e2e,NVIDIA B300 SXM6 AC,GPU,w32-il,secp256k1,256,DIVIDE,50000,0.001382448,36167726.866,0
opencl-kernel,NVIDIA B300 SXM6 AC,GPU,w32-il64,secp256k1,256,DIVIDE,50000,0.000101634,491961302.109,0
opencl-e2e,NVIDIA B300 SXM6 AC,GPU,w32-il64,secp256k1,256,DIVIDE,50000,0.001392953,35894964.567,0
library,Intel(R) Xeon(R) 6787P,host-cpu,gmp-1t,secp256k1,256,ISQRT,1562,0.000651248,2398471.095,0
opencl-kernel,NVIDIA B300 SXM6 AC,GPU,w8,secp256k1,256,ISQRT,50000,0.003584090,13950542.614,0
opencl-e2e,NVIDIA B300 SXM6 AC,GPU,w8,secp256k1,256,ISQRT,50000,0.004730263,10570236.863,0
opencl-kernel,NVIDIA B300 SXM6 AC,GPU,w16,secp256k1,256,ISQRT,50000,0.002671525,18715901.975,0
opencl-e2e,NVIDIA B300 SXM6 AC,GPU,w16,secp256k1,256,ISQRT,50000,0.004013701,12457330.551,0
opencl-kernel,NVIDIA B300 SXM6 AC,GPU,w32-opt,secp256k1,256,ISQRT,50000,0.000658389,75942944.860,0
opencl-e2e,NVIDIA B300 SXM6 AC,GPU,w32-opt,secp256k1,256,ISQRT,50000,0.001796520,27831585.137,0
opencl-kernel,NVIDIA B300 SXM6 AC,GPU,w32-o64,secp256k1,256,ISQRT,50000,0.000606069,82498858.472,0
opencl-e2e,NVIDIA B300 SXM6 AC,GPU,w32-o64,secp256k1,256,ISQRT,50000,0.001743268,28681763.402,0
opencl-kernel,NVIDIA B300 SXM6 AC,GPU,w32-il,secp256k1,256,ISQRT,50000,0.000673450,74244560.957,0
opencl-e2e,NVIDIA B300 SXM6 AC,GPU,w32-il,secp256k1,256,ISQRT,50000,0.001814400,27557318.912,0
opencl-kernel,NVIDIA B300 SXM6 AC,GPU,w32-il64,secp256k1,256,ISQRT,50000,0.000599105,83457828.865,0
opencl-e2e,NVIDIA B300 SXM6 AC,GPU,w32-il64,secp256k1,256,ISQRT,50000,0.001722129,29033829.577,0
library,Intel(R) Xeon(R) 6787P,host-cpu,gmp-1t,secp256k1,256,MODMUL_R2,50000,0.009401991,5318022.516,0
library,NVIDIA B300 SXM6 AC,gpu,cgbn,secp256k1,256,MODMUL_R2,50000,0.000013920,3591954022.989,0
opencl-kernel,NVIDIA B300 SXM6 AC,GPU,w8,secp256k1,256,MODMUL_R2,50000,0.000087188,573473197.234,0
opencl-e2e,NVIDIA B300 SXM6 AC,GPU,w8,secp256k1,256,MODMUL_R2,50000,0.001246390,40115854.873,0
opencl-kernel,NVIDIA B300 SXM6 AC,GPU,w16,secp256k1,256,MODMUL_R2,50000,0.000029026,1722593132.436,0
opencl-e2e,NVIDIA B300 SXM6 AC,GPU,w16,secp256k1,256,MODMUL_R2,50000,0.001323637,37774706.295,0
opencl-kernel,NVIDIA B300 SXM6 AC,GPU,w32-opt,secp256k1,256,MODMUL_R2,50000,0.000020809,2402805791.393,0
opencl-e2e,NVIDIA B300 SXM6 AC,GPU,w32-opt,secp256k1,256,MODMUL_R2,50000,0.000947478,52771674.161,0
opencl-kernel,NVIDIA B300 SXM6 AC,GPU,w32-o64,secp256k1,256,MODMUL_R2,50000,0.000016303,3066913708.745,0
opencl-e2e,NVIDIA B300 SXM6 AC,GPU,w32-o64,secp256k1,256,MODMUL_R2,50000,0.000945951,52856858.611,0
opencl-kernel,NVIDIA B300 SXM6 AC,GPU,w32-il,secp256k1,256,MODMUL_R2,50000,0.000020375,2453993581.287,0
opencl-e2e,NVIDIA B300 SXM6 AC,GPU,w32-il,secp256k1,256,MODMUL_R2,50000,0.000962580,51943736.052,0
opencl-kernel,NVIDIA B300 SXM6 AC,GPU,w32-il64,secp256k1,256,MODMUL_R2,50000,0.000015798,3164952614.514,0
opencl-e2e,NVIDIA B300 SXM6 AC,GPU,w32-il64,secp256k1,256,MODMUL_R2,50000,0.000965730,51774305.657,0
library,Intel(R) Xeon(R) 6787P,host-cpu,gmp-1t,rsa256(composite),256,ADD,50000,0.002635504,18971703.306,0
library,NVIDIA B300 SXM6 AC,gpu,cgbn,rsa256(composite),256,ADD,50000,0.000007904,6325910931.174,0
opencl-kernel,NVIDIA B300 SXM6 AC,GPU,w8,rsa256(composite),256,ADD,50000,0.000022578,2214545625.917,0
opencl-e2e,NVIDIA B300 SXM6 AC,GPU,w8,rsa256(composite),256,ADD,50000,0.000981338,50950843.047,0
opencl-kernel,NVIDIA B300 SXM6 AC,GPU,w16,rsa256(composite),256,ADD,50000,0.000017882,2796102545.807,0
opencl-e2e,NVIDIA B300 SXM6 AC,GPU,w16,rsa256(composite),256,ADD,50000,0.001127636,44340549.535,0
opencl-kernel,NVIDIA B300 SXM6 AC,GPU,w32,rsa256(composite),256,ADD,50000,0.000013454,3716366236.621,0
opencl-e2e,NVIDIA B300 SXM6 AC,GPU,w32,rsa256(composite),256,ADD,50000,0.000983254,50851560.512,0
opencl-kernel,NVIDIA B300 SXM6 AC,GPU,w32-opt,rsa256(composite),256,ADD,50000,0.000013813,3619786600.367,0
opencl-e2e,NVIDIA B300 SXM6 AC,GPU,w32-opt,rsa256(composite),256,ADD,50000,0.000955247,52342484.738,0
opencl-kernel,NVIDIA B300 SXM6 AC,GPU,w32-o64,rsa256(composite),256,ADD,50000,0.000013130,3808067753.090,0
opencl-e2e,NVIDIA B300 SXM6 AC,GPU,w32-o64,rsa256(composite),256,ADD,50000,0.000984976,50762657.665,0
opencl-kernel,NVIDIA B300 SXM6 AC,GPU,w32-il,rsa256(composite),256,ADD,50000,0.000012854,3889840416.610,0
opencl-e2e,NVIDIA B300 SXM6 AC,GPU,w32-il,rsa256(composite),256,ADD,50000,0.000976876,51183568.507,0
opencl-kernel,NVIDIA B300 SXM6 AC,GPU,w32-il64,rsa256(composite),256,ADD,50000,0.000012933,3866083340.609,0
opencl-e2e,NVIDIA B300 SXM6 AC,GPU,w32-il64,rsa256(composite),256,ADD,50000,0.000973476,51362335.587,0
library,Intel(R) Xeon(R) 6787P,host-cpu,gmp-1t,rsa256(composite),256,SUBTRACT,50000,0.001541091,32444557.549,0
library,NVIDIA B300 SXM6 AC,gpu,cgbn,rsa256(composite),256,SUBTRACT,50000,0.000007584,6592827004.219,0
opencl-kernel,NVIDIA B300 SXM6 AC,GPU,w8,rsa256(composite),256,SUBTRACT,50000,0.000022228,2249410040.458,0
opencl-e2e,NVIDIA B300 SXM6 AC,GPU,w8,rsa256(composite),256,SUBTRACT,50000,0.001002081,49896164.605,0
opencl-kernel,NVIDIA B300 SXM6 AC,GPU,w16,rsa256(composite),256,SUBTRACT,50000,0.000017523,2853391240.454,0
opencl-e2e,NVIDIA B300 SXM6 AC,GPU,w16,rsa256(composite),256,SUBTRACT,50000,0.001124618,44459541.209,0
opencl-kernel,NVIDIA B300 SXM6 AC,GPU,w32,rsa256(composite),256,SUBTRACT,50000,0.000014027,3564554444.730,0
opencl-e2e,NVIDIA B300 SXM6 AC,GPU,w32,rsa256(composite),256,SUBTRACT,50000,0.001054433,47418849.760,0
opencl-kernel,NVIDIA B300 SXM6 AC,GPU,w32-opt,rsa256(composite),256,SUBTRACT,50000,0.000013581,3681610917.195,0
opencl-e2e,NVIDIA B300 SXM6 AC,GPU,w32-opt,rsa256(composite),256,SUBTRACT,50000,0.000965976,51761121.341,0
opencl-kernel,NVIDIA B300 SXM6 AC,GPU,w32-o64,rsa256(composite),256,SUBTRACT,50000,0.000013938,3587315503.251,0
opencl-e2e,NVIDIA B300 SXM6 AC,GPU,w32-o64,rsa256(composite),256,SUBTRACT,50000,0.000976541,51201129.175,0
opencl-kernel,NVIDIA B300 SXM6 AC,GPU,w32-il,rsa256(composite),256,SUBTRACT,50000,0.000012347,4049563733.736,0
opencl-e2e,NVIDIA B300 SXM6 AC,GPU,w32-il,rsa256(composite),256,SUBTRACT,50000,0.000993231,50340755.547,0
opencl-kernel,NVIDIA B300 SXM6 AC,GPU,w32-il64,rsa256(composite),256,SUBTRACT,50000,0.000012219,4091984409.373,0
opencl-e2e,NVIDIA B300 SXM6 AC,GPU,w32-il64,rsa256(composite),256,SUBTRACT,50000,0.000976559,51200183.106,0
library,Intel(R) Xeon(R) 6787P,host-cpu,gmp-1t,rsa256(composite),256,ADDMOD,50000,0.004111469,12161103.588,0
library,NVIDIA B300 SXM6 AC,gpu,cgbn,rsa256(composite),256,ADDMOD,50000,0.000009472,5278716216.216,0
opencl-kernel,NVIDIA B300 SXM6 AC,GPU,w8,rsa256(composite),256,ADDMOD,50000,0.000027685,1806030926.045,0
opencl-e2e,NVIDIA B300 SXM6 AC,GPU,w8,rsa256(composite),256,ADDMOD,50000,0.000993944,50304644.624,0
opencl-kernel,NVIDIA B300 SXM6 AC,GPU,w16,rsa256(composite),256,ADDMOD,50000,0.000019925,2509409507.784,0
opencl-e2e,NVIDIA B300 SXM6 AC,GPU,w16,rsa256(composite),256,ADDMOD,50000,0.001164236,42946619.455,0
opencl-kernel,NVIDIA B300 SXM6 AC,GPU,w32,rsa256(composite),256,ADDMOD,50000,0.000014002,3570926282.883,0
opencl-e2e,NVIDIA B300 SXM6 AC,GPU,w32,rsa256(composite),256,ADDMOD,50000,0.000954014,52410131.450,0
opencl-kernel,NVIDIA B300 SXM6 AC,GPU,w32-opt,rsa256(composite),256,ADDMOD,50000,0.000013102,3816205264.537,0
opencl-e2e,NVIDIA B300 SXM6 AC,GPU,w32-opt,rsa256(composite),256,ADDMOD,50000,0.000952765,52478838.111,0
opencl-kernel,NVIDIA B300 SXM6 AC,GPU,w32-o64,rsa256(composite),256,ADDMOD,50000,0.000013470,3711949886.999,0
opencl-e2e,NVIDIA B300 SXM6 AC,GPU,w32-o64,rsa256(composite),256,ADDMOD,50000,0.001009505,49529224.264,0
opencl-kernel,NVIDIA B300 SXM6 AC,GPU,w32-il,rsa256(composite),256,ADDMOD,50000,0.000011807,4234770039.883,0
opencl-e2e,NVIDIA B300 SXM6 AC,GPU,w32-il,rsa256(composite),256,ADDMOD,50000,0.001013731,49322749.238,0
opencl-kernel,NVIDIA B300 SXM6 AC,GPU,w32-il64,rsa256(composite),256,ADDMOD,50000,0.000011883,4207699606.168,0
opencl-e2e,NVIDIA B300 SXM6 AC,GPU,w32-il64,rsa256(composite),256,ADDMOD,50000,0.000965506,51786316.528,0
library,Intel(R) Xeon(R) 6787P,host-cpu,gmp-1t,rsa256(composite),256,SUBTRACTMOD,50000,0.004142191,12070906.523,0
library,NVIDIA B300 SXM6 AC,gpu,cgbn,rsa256(composite),256,SUBTRACTMOD,50000,0.000009600,5208333333.333,0
opencl-kernel,NVIDIA B300 SXM6 AC,GPU,w8,rsa256(composite),256,SUBTRACTMOD,50000,0.000030670,1630259399.589,0
opencl-e2e,NVIDIA B300 SXM6 AC,GPU,w8,rsa256(composite),256,SUBTRACTMOD,50000,0.001044797,47856188.507,0
opencl-kernel,NVIDIA B300 SXM6 AC,GPU,w16,rsa256(composite),256,SUBTRACTMOD,50000,0.000021371,2339619010.162,0
opencl-e2e,NVIDIA B300 SXM6 AC,GPU,w16,rsa256(composite),256,SUBTRACTMOD,50000,0.001177245,42472042.983,0
opencl-kernel,NVIDIA B300 SXM6 AC,GPU,w32,rsa256(composite),256,SUBTRACTMOD,50000,0.000014902,3355259709.235,0
opencl-e2e,NVIDIA B300 SXM6 AC,GPU,w32,rsa256(composite),256,SUBTRACTMOD,50000,0.000954382,52389923.249,0
opencl-kernel,NVIDIA B300 SXM6 AC,GPU,w32-opt,rsa256(composite),256,SUBTRACTMOD,50000,0.000013629,3668638916.910,0
opencl-e2e,NVIDIA B300 SXM6 AC,GPU,w32-opt,rsa256(composite),256,SUBTRACTMOD,50000,0.001001549,49922669.208,0
opencl-kernel,NVIDIA B300 SXM6 AC,GPU,w32-o64,rsa256(composite),256,SUBTRACTMOD,50000,0.000013715,3645641999.474,0
opencl-e2e,NVIDIA B300 SXM6 AC,GPU,w32-o64,rsa256(composite),256,SUBTRACTMOD,50000,0.000976198,51219117.243,0
opencl-kernel,NVIDIA B300 SXM6 AC,GPU,w32-il,rsa256(composite),256,SUBTRACTMOD,50000,0.000012223,4090639836.183,0
opencl-e2e,NVIDIA B300 SXM6 AC,GPU,w32-il,rsa256(composite),256,SUBTRACTMOD,50000,0.000977411,51155553.144,0
opencl-kernel,NVIDIA B300 SXM6 AC,GPU,w32-il64,rsa256(composite),256,SUBTRACTMOD,50000,0.000011358,4402182449.559,0
opencl-e2e,NVIDIA B300 SXM6 AC,GPU,w32-il64,rsa256(composite),256,SUBTRACTMOD,50000,0.000942179,53068472.022,0
library,Intel(R) Xeon(R) 6787P,host-cpu,gmp-1t,rsa256(composite),256,MULTIPLYOPERANDSCANNING,50000,0.002367109,21122812.661,0
opencl-kernel,NVIDIA B300 SXM6 AC,GPU,w8,rsa256(composite),256,MULTIPLYOPERANDSCANNING,50000,0.001683476,29700453.577,0
opencl-e2e,NVIDIA B300 SXM6 AC,GPU,w8,rsa256(composite),256,MULTIPLYOPERANDSCANNING,50000,0.002986964,16739404.888,0
opencl-kernel,NVIDIA B300 SXM6 AC,GPU,w16,rsa256(composite),256,MULTIPLYOPERANDSCANNING,50000,0.000617625,80955269.960,0
opencl-e2e,NVIDIA B300 SXM6 AC,GPU,w16,rsa256(composite),256,MULTIPLYOPERANDSCANNING,50000,0.001798004,27808614.903,0
opencl-kernel,NVIDIA B300 SXM6 AC,GPU,w32,rsa256(composite),256,MULTIPLYOPERANDSCANNING,50000,0.000081038,616994602.298,0
opencl-e2e,NVIDIA B300 SXM6 AC,GPU,w32,rsa256(composite),256,MULTIPLYOPERANDSCANNING,50000,0.001355420,36888933.669,0
opencl-kernel,NVIDIA B300 SXM6 AC,GPU,w32-opt,rsa256(composite),256,MULTIPLYOPERANDSCANNING,50000,0.000017601,2840746534.031,0
opencl-e2e,NVIDIA B300 SXM6 AC,GPU,w32-opt,rsa256(composite),256,MULTIPLYOPERANDSCANNING,50000,0.001188011,42087153.565,0
opencl-kernel,NVIDIA B300 SXM6 AC,GPU,w32-o64,rsa256(composite),256,MULTIPLYOPERANDSCANNING,50000,0.000016737,2987398089.303,0
opencl-e2e,NVIDIA B300 SXM6 AC,GPU,w32-o64,rsa256(composite),256,MULTIPLYOPERANDSCANNING,50000,0.001267253,39455420.075,0
opencl-kernel,NVIDIA B300 SXM6 AC,GPU,w32-il,rsa256(composite),256,MULTIPLYOPERANDSCANNING,50000,0.000013987,3574745455.378,0
opencl-e2e,NVIDIA B300 SXM6 AC,GPU,w32-il,rsa256(composite),256,MULTIPLYOPERANDSCANNING,50000,0.001283688,38950274.368,0
opencl-kernel,NVIDIA B300 SXM6 AC,GPU,w32-il64,rsa256(composite),256,MULTIPLYOPERANDSCANNING,50000,0.000012870,3885002416.047,0
opencl-e2e,NVIDIA B300 SXM6 AC,GPU,w32-il64,rsa256(composite),256,MULTIPLYOPERANDSCANNING,50000,0.001156636,43228812.208,0
library,Intel(R) Xeon(R) 6787P,host-cpu,gmp-1t,rsa256(composite),256,MULTIPLYPRODUCTSCANNING,50000,0.002374271,21059095.710,0
library,NVIDIA B300 SXM6 AC,gpu,cgbn,rsa256(composite),256,MULTIPLYPRODUCTSCANNING,50000,0.000008096,6175889328.063,0
opencl-kernel,NVIDIA B300 SXM6 AC,GPU,w8,rsa256(composite),256,MULTIPLYPRODUCTSCANNING,50000,0.000167386,298710721.049,0
opencl-e2e,NVIDIA B300 SXM6 AC,GPU,w8,rsa256(composite),256,MULTIPLYPRODUCTSCANNING,50000,0.001482468,33727539.916,0
opencl-kernel,NVIDIA B300 SXM6 AC,GPU,w16,rsa256(composite),256,MULTIPLYPRODUCTSCANNING,50000,0.000057845,864379407.287,0
opencl-e2e,NVIDIA B300 SXM6 AC,GPU,w16,rsa256(composite),256,MULTIPLYPRODUCTSCANNING,50000,0.001491879,33514782.441,0
opencl-kernel,NVIDIA B300 SXM6 AC,GPU,w32,rsa256(composite),256,MULTIPLYPRODUCTSCANNING,50000,0.000024319,2056006766.923,0
opencl-e2e,NVIDIA B300 SXM6 AC,GPU,w32,rsa256(composite),256,MULTIPLYPRODUCTSCANNING,50000,0.001138415,43920716.072,0
opencl-kernel,NVIDIA B300 SXM6 AC,GPU,w32-opt,rsa256(composite),256,MULTIPLYPRODUCTSCANNING,50000,0.000023803,2100572610.183,0
opencl-e2e,NVIDIA B300 SXM6 AC,GPU,w32-opt,rsa256(composite),256,MULTIPLYPRODUCTSCANNING,50000,0.001205520,41475877.427,0
opencl-kernel,NVIDIA B300 SXM6 AC,GPU,w32-o64,rsa256(composite),256,MULTIPLYPRODUCTSCANNING,50000,0.000022864,2186846892.057,0
opencl-e2e,NVIDIA B300 SXM6 AC,GPU,w32-o64,rsa256(composite),256,MULTIPLYPRODUCTSCANNING,50000,0.001306851,38259907.418,0
opencl-kernel,NVIDIA B300 SXM6 AC,GPU,w32-il,rsa256(composite),256,MULTIPLYPRODUCTSCANNING,50000,0.000020467,2442959613.219,0
opencl-e2e,NVIDIA B300 SXM6 AC,GPU,w32-il,rsa256(composite),256,MULTIPLYPRODUCTSCANNING,50000,0.001150130,43473346.369,0
opencl-kernel,NVIDIA B300 SXM6 AC,GPU,w32-il64,rsa256(composite),256,MULTIPLYPRODUCTSCANNING,50000,0.000019790,2526525660.166,0
opencl-e2e,NVIDIA B300 SXM6 AC,GPU,w32-il64,rsa256(composite),256,MULTIPLYPRODUCTSCANNING,50000,0.001315040,38021657.425,0
library,Intel(R) Xeon(R) 6787P,host-cpu,gmp-1t,rsa256(composite),256,MONTGOMERYMULTIPLICATION,50000,0.011884761,4207068.200,0
library,NVIDIA B300 SXM6 AC,gpu,cgbn,rsa256(composite),256,MONTGOMERYMULTIPLICATION,50000,0.000010080,4960317460.317,0
opencl-kernel,NVIDIA B300 SXM6 AC,GPU,w8,rsa256(composite),256,MONTGOMERYMULTIPLICATION,50000,0.000073268,682426516.802,0
opencl-e2e,NVIDIA B300 SXM6 AC,GPU,w8,rsa256(composite),256,MONTGOMERYMULTIPLICATION,50000,0.001221518,40932674.492,0
opencl-kernel,NVIDIA B300 SXM6 AC,GPU,w16,rsa256(composite),256,MONTGOMERYMULTIPLICATION,50000,0.000027315,1830496558.896,0
opencl-e2e,NVIDIA B300 SXM6 AC,GPU,w16,rsa256(composite),256,MONTGOMERYMULTIPLICATION,50000,0.001331530,37550787.792,0
opencl-kernel,NVIDIA B300 SXM6 AC,GPU,w32,rsa256(composite),256,MONTGOMERYMULTIPLICATION,50000,0.000015211,3287094741.756,0
opencl-e2e,NVIDIA B300 SXM6 AC,GPU,w32,rsa256(composite),256,MONTGOMERYMULTIPLICATION,50000,0.001001215,49939325.827,0
opencl-kernel,NVIDIA B300 SXM6 AC,GPU,w32-opt,rsa256(composite),256,MONTGOMERYMULTIPLICATION,50000,0.000017081,2927232531.718,0
opencl-e2e,NVIDIA B300 SXM6 AC,GPU,w32-opt,rsa256(composite),256,MONTGOMERYMULTIPLICATION,50000,0.000961785,51986668.991,0
opencl-kernel,NVIDIA B300 SXM6 AC,GPU,w32-o64,rsa256(composite),256,MONTGOMERYMULTIPLICATION,50000,0.000014948,3344924978.875,0
opencl-e2e,NVIDIA B300 SXM6 AC,GPU,w32-o64,rsa256(composite),256,MONTGOMERYMULTIPLICATION,50000,0.000966550,51730379.882,0
opencl-kernel,NVIDIA B300 SXM6 AC,GPU,w32-il,rsa256(composite),256,MONTGOMERYMULTIPLICATION,50000,0.000015858,3152986951.894,0
opencl-e2e,NVIDIA B300 SXM6 AC,GPU,w32-il,rsa256(composite),256,MONTGOMERYMULTIPLICATION,50000,0.000982776,50876293.628,0
opencl-kernel,NVIDIA B300 SXM6 AC,GPU,w32-il64,rsa256(composite),256,MONTGOMERYMULTIPLICATION,50000,0.000013201,3787582715.440,0
opencl-e2e,NVIDIA B300 SXM6 AC,GPU,w32-il64,rsa256(composite),256,MONTGOMERYMULTIPLICATION,50000,0.000987508,50632501.976,0
library,Intel(R) Xeon(R) 6787P,host-cpu,gmp-1t,rsa256(composite),256,COMPARE,50000,0.000867838,57614440.770,0
library,NVIDIA B300 SXM6 AC,gpu,cgbn,rsa256(composite),256,COMPARE,50000,0.000007840,6377551020.408,0
opencl-kernel,NVIDIA B300 SXM6 AC,GPU,w8,rsa256(composite),256,COMPARE,50000,0.000022935,2180075780.925,0
opencl-e2e,NVIDIA B300 SXM6 AC,GPU,w8,rsa256(composite),256,COMPARE,50000,0.000988687,50572120.408,0
opencl-kernel,NVIDIA B300 SXM6 AC,GPU,w16,rsa256(composite),256,COMPARE,50000,0.000017489,2858937356.511,0
opencl-e2e,NVIDIA B300 SXM6 AC,GPU,w16,rsa256(composite),256,COMPARE,50000,0.001324829,37740719.598,0
opencl-kernel,NVIDIA B300 SXM6 AC,GPU,w32-opt,rsa256(composite),256,COMPARE,50000,0.000013078,3823220160.407,0
opencl-e2e,NVIDIA B300 SXM6 AC,GPU,w32-opt,rsa256(composite),256,COMPARE,50000,0.000964100,51861842.814,0
opencl-kernel,NVIDIA B300 SXM6 AC,GPU,w32-o64,rsa256(composite),256,COMPARE,50000,0.000012950,3861009170.304,0
opencl-e2e,NVIDIA B300 SXM6 AC,GPU,w32-o64,rsa256(composite),256,COMPARE,50000,0.000981827,50925469.812,0
opencl-kernel,NVIDIA B300 SXM6 AC,GPU,w32-il,rsa256(composite),256,COMPARE,50000,0.000012438,4019942902.337,0
opencl-e2e,NVIDIA B300 SXM6 AC,GPU,w32-il,rsa256(composite),256,COMPARE,50000,0.001007157,49644694.389,0
opencl-kernel,NVIDIA B300 SXM6 AC,GPU,w32-il64,rsa256(composite),256,COMPARE,50000,0.000011985,4171876091.908,0
opencl-e2e,NVIDIA B300 SXM6 AC,GPU,w32-il64,rsa256(composite),256,COMPARE,50000,0.000974757,51294837.819,0
library,Intel(R) Xeon(R) 6787P,host-cpu,gmp-1t,rsa256(composite),256,REDUCE,6250,0.000866093,7216315.200,0
library,NVIDIA B300 SXM6 AC,gpu,cgbn,rsa256(composite),256,REDUCE,50000,0.000013216,3783292978.208,0
opencl-kernel,NVIDIA B300 SXM6 AC,GPU,w8,rsa256(composite),256,REDUCE,50000,0.000135051,370230587.400,0
opencl-e2e,NVIDIA B300 SXM6 AC,GPU,w8,rsa256(composite),256,REDUCE,50000,0.001298631,38502083.597,0
opencl-kernel,NVIDIA B300 SXM6 AC,GPU,w16,rsa256(composite),256,REDUCE,50000,0.000093343,535658983.550,0
opencl-e2e,NVIDIA B300 SXM6 AC,GPU,w16,rsa256(composite),256,REDUCE,50000,0.001408989,35486438.467,0
opencl-kernel,NVIDIA B300 SXM6 AC,GPU,w32-opt,rsa256(composite),256,REDUCE,50000,0.000036688,1362843524.381,0
opencl-e2e,NVIDIA B300 SXM6 AC,GPU,w32-opt,rsa256(composite),256,REDUCE,50000,0.000972669,51404949.203,0
opencl-kernel,NVIDIA B300 SXM6 AC,GPU,w32-o64,rsa256(composite),256,REDUCE,50000,0.000036325,1376461935.811,0
opencl-e2e,NVIDIA B300 SXM6 AC,GPU,w32-o64,rsa256(composite),256,REDUCE,50000,0.000976860,51184407.216,0
opencl-kernel,NVIDIA B300 SXM6 AC,GPU,w32-il,rsa256(composite),256,REDUCE,50000,0.000036349,1375553803.459,0
opencl-e2e,NVIDIA B300 SXM6 AC,GPU,w32-il,rsa256(composite),256,REDUCE,50000,0.001003718,49814788.436,0
opencl-kernel,NVIDIA B300 SXM6 AC,GPU,w32-il64,rsa256(composite),256,REDUCE,50000,0.000035007,1428285012.703,0
opencl-e2e,NVIDIA B300 SXM6 AC,GPU,w32-il64,rsa256(composite),256,REDUCE,50000,0.000967843,51661271.914,0
library,Intel(R) Xeon(R) 6787P,host-cpu,gmp-1t,rsa256(composite),256,MODMUL,3125,0.001545463,2022047.775,0
library,NVIDIA B300 SXM6 AC,gpu,cgbn,rsa256(composite),256,MODMUL,50000,0.000031552,1584685598.377,0
opencl-kernel,NVIDIA B300 SXM6 AC,GPU,w8,rsa256(composite),256,MODMUL,50000,0.000363392,137592462.631,0
opencl-e2e,NVIDIA B300 SXM6 AC,GPU,w8,rsa256(composite),256,MODMUL,50000,0.001517961,32938921.924,0
opencl-kernel,NVIDIA B300 SXM6 AC,GPU,w16,rsa256(composite),256,MODMUL,50000,0.000217250,230149571.353,0
opencl-e2e,NVIDIA B300 SXM6 AC,GPU,w16,rsa256(composite),256,MODMUL,50000,0.001516719,32965895.474,0
opencl-kernel,NVIDIA B300 SXM6 AC,GPU,w32-opt,rsa256(composite),256,MODMUL,50000,0.000104631,477869818.814,0
opencl-e2e,NVIDIA B300 SXM6 AC,GPU,w32-opt,rsa256(composite),256,MODMUL,50000,0.001247092,40093273.777,0
opencl-kernel,NVIDIA B300 SXM6 AC,GPU,w32-o64,rsa256(composite),256,MODMUL,50000,0.000084986,588332341.950,0
opencl-e2e,NVIDIA B300 SXM6 AC,GPU,w32-o64,rsa256(composite),256,MODMUL,50000,0.001234287,40509217.436,0
opencl-kernel,NVIDIA B300 SXM6 AC,GPU,w32-il,rsa256(composite),256,MODMUL,50000,0.000102768,486532716.714,0
opencl-e2e,NVIDIA B300 SXM6 AC,GPU,w32-il,rsa256(composite),256,MODMUL,50000,0.001240140,40318028.553,0
opencl-kernel,NVIDIA B300 SXM6 AC,GPU,w32-il64,rsa256(composite),256,MODMUL,50000,0.000084352,592754306.093,0
opencl-e2e,NVIDIA B300 SXM6 AC,GPU,w32-il64,rsa256(composite),256,MODMUL,50000,0.001234006,40518440.899,0
library,Intel(R) Xeon(R) 6787P,host-cpu,gmp-1t,rsa256(composite),256,MODEXP,781,0.017487557,44660.326,0
library,NVIDIA B300 SXM6 AC,gpu,cgbn,rsa256(composite),256,MODEXP,50000,0.008597056,5815944.435,0
opencl-kernel,NVIDIA B300 SXM6 AC,GPU,w8,rsa256(composite),256,MODEXP,50000,0.016610807,3010088.545,0
opencl-e2e,NVIDIA B300 SXM6 AC,GPU,w8,rsa256(composite),256,MODEXP,50000,0.018024860,2773946.648,0
opencl-kernel,NVIDIA B300 SXM6 AC,GPU,w16,rsa256(composite),256,MODEXP,50000,0.003081325,16226785.682,0
opencl-e2e,NVIDIA B300 SXM6 AC,GPU,w16,rsa256(composite),256,MODEXP,50000,0.004378700,11418914.319,0
opencl-kernel,NVIDIA B300 SXM6 AC,GPU,w32-opt,rsa256(composite),256,MODEXP,50000,0.002475838,20195182.380,0
opencl-e2e,NVIDIA B300 SXM6 AC,GPU,w32-opt,rsa256(composite),256,MODEXP,50000,0.003639715,13737339.449,0
opencl-kernel,NVIDIA B300 SXM6 AC,GPU,w32-o64,rsa256(composite),256,MODEXP,50000,0.001186152,42153113.995,0
opencl-e2e,NVIDIA B300 SXM6 AC,GPU,w32-o64,rsa256(composite),256,MODEXP,50000,0.002333620,21425938.738,0
opencl-kernel,NVIDIA B300 SXM6 AC,GPU,w32-il,rsa256(composite),256,MODEXP,50000,0.002455689,20360884.353,0
opencl-e2e,NVIDIA B300 SXM6 AC,GPU,w32-il,rsa256(composite),256,MODEXP,50000,0.003593832,13912725.943,0
opencl-kernel,NVIDIA B300 SXM6 AC,GPU,w32-il64,rsa256(composite),256,MODEXP,50000,0.001181876,42305622.736,0
opencl-e2e,NVIDIA B300 SXM6 AC,GPU,w32-il64,rsa256(composite),256,MODEXP,50000,0.002339372,21373257.403,0
library,Intel(R) Xeon(R) 6787P,host-cpu,gmp-1t,rsa256(composite),256,EXPONENTIATION,781,0.012829589,60874.904,0
opencl-kernel,NVIDIA B300 SXM6 AC,GPU,w8,rsa256(composite),256,EXPONENTIATION,50000,0.022650227,2207483.394,0
opencl-e2e,NVIDIA B300 SXM6 AC,GPU,w8,rsa256(composite),256,EXPONENTIATION,50000,0.024063443,2077840.647,0
opencl-kernel,NVIDIA B300 SXM6 AC,GPU,w16,rsa256(composite),256,EXPONENTIATION,50000,0.004577087,10923978.491,0
opencl-e2e,NVIDIA B300 SXM6 AC,GPU,w16,rsa256(composite),256,EXPONENTIATION,50000,0.005901754,8472057.685,0
opencl-kernel,NVIDIA B300 SXM6 AC,GPU,w32-opt,rsa256(composite),256,EXPONENTIATION,50000,0.000452022,110614082.709,0
opencl-e2e,NVIDIA B300 SXM6 AC,GPU,w32-opt,rsa256(composite),256,EXPONENTIATION,50000,0.001576825,31709289.501,0
opencl-kernel,NVIDIA B300 SXM6 AC,GPU,w32-o64,rsa256(composite),256,EXPONENTIATION,50000,0.000255614,195607442.977,0
opencl-e2e,NVIDIA B300 SXM6 AC,GPU,w32-o64,rsa256(composite),256,EXPONENTIATION,50000,0.001374788,36369243.833,0
opencl-kernel,NVIDIA B300 SXM6 AC,GPU,w32-il,rsa256(composite),256,EXPONENTIATION,50000,0.000455569,109752856.049,0
opencl-e2e,NVIDIA B300 SXM6 AC,GPU,w32-il,rsa256(composite),256,EXPONENTIATION,50000,0.001604701,31158452.865,0
opencl-kernel,NVIDIA B300 SXM6 AC,GPU,w32-il64,rsa256(composite),256,EXPONENTIATION,50000,0.000259962,192335809.506,0
opencl-e2e,NVIDIA B300 SXM6 AC,GPU,w32-il64,rsa256(composite),256,EXPONENTIATION,50000,0.001406717,35543751.928,0
library,Intel(R) Xeon(R) 6787P,host-cpu,gmp-1t,rsa256(composite),256,DIVIDE,6250,0.001191843,5243977.787,0
library,NVIDIA B300 SXM6 AC,gpu,cgbn,rsa256(composite),256,DIVIDE,50000,0.000015712,3182281059.063,0
opencl-kernel,NVIDIA B300 SXM6 AC,GPU,w8,rsa256(composite),256,DIVIDE,50000,0.000342742,145882318.640,0
opencl-e2e,NVIDIA B300 SXM6 AC,GPU,w8,rsa256(composite),256,DIVIDE,50000,0.001664538,30038365.096,0
opencl-kernel,NVIDIA B300 SXM6 AC,GPU,w16,rsa256(composite),256,DIVIDE,50000,0.000290671,172015810.196,0
opencl-e2e,NVIDIA B300 SXM6 AC,GPU,w16,rsa256(composite),256,DIVIDE,50000,0.001720341,29064004.677,0
opencl-kernel,NVIDIA B300 SXM6 AC,GPU,w32-opt,rsa256(composite),256,DIVIDE,50000,0.000115362,433418298.364,0
opencl-e2e,NVIDIA B300 SXM6 AC,GPU,w32-opt,rsa256(composite),256,DIVIDE,50000,0.001395597,35826961.349,0
opencl-kernel,NVIDIA B300 SXM6 AC,GPU,w32-o64,rsa256(composite),256,DIVIDE,50000,0.000112642,443884123.761,0
opencl-e2e,NVIDIA B300 SXM6 AC,GPU,w32-o64,rsa256(composite),256,DIVIDE,50000,0.001364933,36631835.277,0
opencl-kernel,NVIDIA B300 SXM6 AC,GPU,w32-il,rsa256(composite),256,DIVIDE,50000,0.000113992,438627417.231,0
opencl-e2e,NVIDIA B300 SXM6 AC,GPU,w32-il,rsa256(composite),256,DIVIDE,50000,0.001388683,36005337.851,0
opencl-kernel,NVIDIA B300 SXM6 AC,GPU,w32-il64,rsa256(composite),256,DIVIDE,50000,0.000110088,454182214.216,0
opencl-e2e,NVIDIA B300 SXM6 AC,GPU,w32-il64,rsa256(composite),256,DIVIDE,50000,0.001400988,35689100.250,0
library,Intel(R) Xeon(R) 6787P,host-cpu,gmp-1t,rsa256(composite),256,ISQRT,1562,0.000656877,2377917.336,0
opencl-kernel,NVIDIA B300 SXM6 AC,GPU,w8,rsa256(composite),256,ISQRT,50000,0.003584031,13950772.128,0
opencl-e2e,NVIDIA B300 SXM6 AC,GPU,w8,rsa256(composite),256,ISQRT,50000,0.004747228,10532462.316,0
opencl-kernel,NVIDIA B300 SXM6 AC,GPU,w16,rsa256(composite),256,ISQRT,50000,0.002758739,18124222.748,0
opencl-e2e,NVIDIA B300 SXM6 AC,GPU,w16,rsa256(composite),256,ISQRT,50000,0.003829177,13057636.133,0
opencl-kernel,NVIDIA B300 SXM6 AC,GPU,w32-opt,rsa256(composite),256,ISQRT,50000,0.000709161,70505852.498,0
opencl-e2e,NVIDIA B300 SXM6 AC,GPU,w32-opt,rsa256(composite),256,ISQRT,50000,0.001840649,27164331.740,0
opencl-kernel,NVIDIA B300 SXM6 AC,GPU,w32-o64,rsa256(composite),256,ISQRT,50000,0.000676276,73934312.194,0
opencl-e2e,NVIDIA B300 SXM6 AC,GPU,w32-o64,rsa256(composite),256,ISQRT,50000,0.001803974,27716586.012,0
opencl-kernel,NVIDIA B300 SXM6 AC,GPU,w32-il,rsa256(composite),256,ISQRT,50000,0.000721142,69334467.920,0
opencl-e2e,NVIDIA B300 SXM6 AC,GPU,w32-il,rsa256(composite),256,ISQRT,50000,0.001869244,26748781.355,0
opencl-kernel,NVIDIA B300 SXM6 AC,GPU,w32-il64,rsa256(composite),256,ISQRT,50000,0.000669627,74668436.516,0
opencl-e2e,NVIDIA B300 SXM6 AC,GPU,w32-il64,rsa256(composite),256,ISQRT,50000,0.001821863,27444434.635,0
library,Intel(R) Xeon(R) 6787P,host-cpu,gmp-1t,rsa256(composite),256,MODMUL_R2,50000,0.008748780,5715082.557,0
library,NVIDIA B300 SXM6 AC,gpu,cgbn,rsa256(composite),256,MODMUL_R2,50000,0.000014432,3464523281.596,0
opencl-kernel,NVIDIA B300 SXM6 AC,GPU,w8,rsa256(composite),256,MODMUL_R2,50000,0.000087633,570561498.695,0
opencl-e2e,NVIDIA B300 SXM6 AC,GPU,w8,rsa256(composite),256,MODMUL_R2,50000,0.001251777,39943216.923,0
opencl-kernel,NVIDIA B300 SXM6 AC,GPU,w16,rsa256(composite),256,MODMUL_R2,50000,0.000028493,1754817017.973,0
opencl-e2e,NVIDIA B300 SXM6 AC,GPU,w16,rsa256(composite),256,MODMUL_R2,50000,0.000979241,51059954.425,0
opencl-kernel,NVIDIA B300 SXM6 AC,GPU,w32-opt,rsa256(composite),256,MODMUL_R2,50000,0.000021311,2346207416.148,0
opencl-e2e,NVIDIA B300 SXM6 AC,GPU,w32-opt,rsa256(composite),256,MODMUL_R2,50000,0.000993607,50321707.497,0
opencl-kernel,NVIDIA B300 SXM6 AC,GPU,w32-o64,rsa256(composite),256,MODMUL_R2,50000,0.000016976,2945339228.171,0
opencl-e2e,NVIDIA B300 SXM6 AC,GPU,w32-o64,rsa256(composite),256,MODMUL_R2,50000,0.000966565,51729579.259,0
opencl-kernel,NVIDIA B300 SXM6 AC,GPU,w32-il,rsa256(composite),256,MODMUL_R2,50000,0.000020763,2408134058.115,0
opencl-e2e,NVIDIA B300 SXM6 AC,GPU,w32-il,rsa256(composite),256,MODMUL_R2,50000,0.000995154,50243478.546,0
opencl-kernel,NVIDIA B300 SXM6 AC,GPU,w32-il64,rsa256(composite),256,MODMUL_R2,50000,0.000016087,3108094709.686,0
opencl-e2e,NVIDIA B300 SXM6 AC,GPU,w32-il64,rsa256(composite),256,MODMUL_R2,50000,0.000953305,52449111.866,0
library,Intel(R) Xeon(R) 6787P,host-cpu,gmp-1t,brainpoolP512r1,512,ADD,25000,0.001438384,17380615.994,0
library,NVIDIA B300 SXM6 AC,gpu,cgbn,brainpoolP512r1,512,ADD,50000,0.000008416,5941064638.783,0
opencl-kernel,NVIDIA B300 SXM6 AC,GPU,w8,brainpoolP512r1,512,ADD,50000,0.000056846,879569222.010,0
opencl-e2e,NVIDIA B300 SXM6 AC,GPU,w8,brainpoolP512r1,512,ADD,50000,0.002065428,24208057.501,0
opencl-kernel,NVIDIA B300 SXM6 AC,GPU,w16,brainpoolP512r1,512,ADD,50000,0.000032711,1528536987.140,0
opencl-e2e,NVIDIA B300 SXM6 AC,GPU,w16,brainpoolP512r1,512,ADD,50000,0.002014843,24815829.442,0
opencl-kernel,NVIDIA B300 SXM6 AC,GPU,w32,brainpoolP512r1,512,ADD,50000,0.000019224,2600913988.119,0
opencl-e2e,NVIDIA B300 SXM6 AC,GPU,w32,brainpoolP512r1,512,ADD,50000,0.001995676,25054166.827,0
opencl-kernel,NVIDIA B300 SXM6 AC,GPU,w32-opt,brainpoolP512r1,512,ADD,50000,0.000018354,2724204564.901,0
opencl-e2e,NVIDIA B300 SXM6 AC,GPU,w32-opt,brainpoolP512r1,512,ADD,50000,0.001974698,25320326.954,0
opencl-kernel,NVIDIA B300 SXM6 AC,GPU,w32-o64,brainpoolP512r1,512,ADD,50000,0.000018674,2677518520.527,0
opencl-e2e,NVIDIA B300 SXM6 AC,GPU,w32-o64,brainpoolP512r1,512,ADD,50000,0.002072394,24126686.211,0
opencl-kernel,NVIDIA B300 SXM6 AC,GPU,w32-il,brainpoolP512r1,512,ADD,50000,0.000014436,3463557609.603,0
opencl-e2e,NVIDIA B300 SXM6 AC,GPU,w32-il,brainpoolP512r1,512,ADD,50000,0.002009359,24883557.223,0
opencl-kernel,NVIDIA B300 SXM6 AC,GPU,w32-il64,brainpoolP512r1,512,ADD,50000,0.000018539,2697013667.904,0
opencl-e2e,NVIDIA B300 SXM6 AC,GPU,w32-il64,brainpoolP512r1,512,ADD,50000,0.002040754,24500748.782,0
library,Intel(R) Xeon(R) 6787P,host-cpu,gmp-1t,brainpoolP512r1,512,SUBTRACT,25000,0.001006493,24838734.494,0
library,NVIDIA B300 SXM6 AC,gpu,cgbn,brainpoolP512r1,512,SUBTRACT,50000,0.000008672,5765682656.827,0
opencl-kernel,NVIDIA B300 SXM6 AC,GPU,w8,brainpoolP512r1,512,SUBTRACT,50000,0.000055027,908644521.805,0
opencl-e2e,NVIDIA B300 SXM6 AC,GPU,w8,brainpoolP512r1,512,SUBTRACT,50000,0.002094201,23875453.657,0
opencl-kernel,NVIDIA B300 SXM6 AC,GPU,w16,brainpoolP512r1,512,SUBTRACT,50000,0.000032551,1536050905.007,0
opencl-e2e,NVIDIA B300 SXM6 AC,GPU,w16,brainpoolP512r1,512,SUBTRACT,50000,0.002096792,23845950.853,0
opencl-kernel,NVIDIA B300 SXM6 AC,GPU,w32,brainpoolP512r1,512,SUBTRACT,50000,0.000019310,2589334090.546,0
opencl-e2e,NVIDIA B300 SXM6 AC,GPU,w32,brainpoolP512r1,512,SUBTRACT,50000,0.001994228,25072358.947,0
opencl-kernel,NVIDIA B300 SXM6 AC,GPU,w32-opt,brainpoolP512r1,512,SUBTRACT,50000,0.000019081,2620408406.115,0
opencl-e2e,NVIDIA B300 SXM6 AC,GPU,w32-opt,brainpoolP512r1,512,SUBTRACT,50000,0.002115394,23636258.903,0
opencl-kernel,NVIDIA B300 SXM6 AC,GPU,w32-o64,brainpoolP512r1,512,SUBTRACT,50000,0.000019057,2623713970.849,0
opencl-e2e,NVIDIA B300 SXM6 AC,GPU,w32-o64,brainpoolP512r1,512,SUBTRACT,50000,0.001975303,25312572.403,0
opencl-kernel,NVIDIA B300 SXM6 AC,GPU,w32-il,brainpoolP512r1,512,SUBTRACT,50000,0.000014326,3490155003.068,0
opencl-e2e,NVIDIA B300 SXM6 AC,GPU,w32-il,brainpoolP512r1,512,SUBTRACT,50000,0.002065115,24211726.401,0
opencl-kernel,NVIDIA B300 SXM6 AC,GPU,w32-il64,brainpoolP512r1,512,SUBTRACT,50000,0.000018178,2750574644.568,0
opencl-e2e,NVIDIA B300 SXM6 AC,GPU,w32-il64,brainpoolP512r1,512,SUBTRACT,50000,0.002078584,24054837.472,0
library,Intel(R) Xeon(R) 6787P,host-cpu,gmp-1t,brainpoolP512r1,512,ADDMOD,25000,0.002553141,9791860.387,0
library,NVIDIA B300 SXM6 AC,gpu,cgbn,brainpoolP512r1,512,ADDMOD,50000,0.000010144,4929022082.019,0
opencl-kernel,NVIDIA B300 SXM6 AC,GPU,w8,brainpoolP512r1,512,ADDMOD,50000,0.000070210,712149629.829,0
opencl-e2e,NVIDIA B300 SXM6 AC,GPU,w8,brainpoolP512r1,512,ADDMOD,50000,0.002088164,23944479.693,0
opencl-kernel,NVIDIA B300 SXM6 AC,GPU,w16,brainpoolP512r1,512,ADDMOD,50000,0.000037709,1325942768.231,0
opencl-e2e,NVIDIA B300 SXM6 AC,GPU,w16,brainpoolP512r1,512,ADDMOD,50000,0.002132508,23446571.195,0
opencl-kernel,NVIDIA B300 SXM6 AC,GPU,w32,brainpoolP512r1,512,ADDMOD,50000,0.000020724,2412665774.994,0
opencl-e2e,NVIDIA B300 SXM6 AC,GPU,w32,brainpoolP512r1,512,ADDMOD,50000,0.002052606,24359278.304,0
opencl-kernel,NVIDIA B300 SXM6 AC,GPU,w32-opt,brainpoolP512r1,512,ADDMOD,50000,0.000020204,2474758022.714,0
opencl-e2e,NVIDIA B300 SXM6 AC,GPU,w32-opt,brainpoolP512r1,512,ADDMOD,50000,0.002103587,23768923.879,0
opencl-kernel,NVIDIA B300 SXM6 AC,GPU,w32-o64,brainpoolP512r1,512,ADDMOD,50000,0.000020139,2482747689.062,0
opencl-e2e,NVIDIA B300 SXM6 AC,GPU,w32-o64,brainpoolP512r1,512,ADDMOD,50000,0.002068478,24172362.787,0
opencl-kernel,NVIDIA B300 SXM6 AC,GPU,w32-il,brainpoolP512r1,512,ADDMOD,50000,0.000013832,3614805494.210,0
opencl-e2e,NVIDIA B300 SXM6 AC,GPU,w32-il,brainpoolP512r1,512,ADDMOD,50000,0.002007686,24904292.689,0
opencl-kernel,NVIDIA B300 SXM6 AC,GPU,w32-il64,brainpoolP512r1,512,ADDMOD,50000,0.000014195,3522370541.440,0
opencl-e2e,NVIDIA B300 SXM6 AC,GPU,w32-il64,brainpoolP512r1,512,ADDMOD,50000,0.001980797,25242364.074,0
library,Intel(R) Xeon(R) 6787P,host-cpu,gmp-1t,brainpoolP512r1,512,SUBTRACTMOD,25000,0.002527615,9890746.822,0
library,NVIDIA B300 SXM6 AC,gpu,cgbn,brainpoolP512r1,512,SUBTRACTMOD,50000,0.000010720,4664179104.478,0
opencl-kernel,NVIDIA B300 SXM6 AC,GPU,w8,brainpoolP512r1,512,SUBTRACTMOD,50000,0.000074801,668440466.869,0
opencl-e2e,NVIDIA B300 SXM6 AC,GPU,w8,brainpoolP512r1,512,SUBTRACTMOD,50000,0.002226764,22454107.838,0
opencl-kernel,NVIDIA B300 SXM6 AC,GPU,w16,brainpoolP512r1,512,SUBTRACTMOD,50000,0.000039954,1251440054.545,0
opencl-e2e,NVIDIA B300 SXM6 AC,GPU,w16,brainpoolP512r1,512,SUBTRACTMOD,50000,0.002123605,23544868.342,0
opencl-kernel,NVIDIA B300 SXM6 AC,GPU,w32,brainpoolP512r1,512,SUBTRACTMOD,50000,0.000021425,2333720367.638,0
opencl-e2e,NVIDIA B300 SXM6 AC,GPU,w32,brainpoolP512r1,512,SUBTRACTMOD,50000,0.002008689,24891856.786,0
opencl-kernel,NVIDIA B300 SXM6 AC,GPU,w32-opt,brainpoolP512r1,512,SUBTRACTMOD,50000,0.000020215,2473411229.200,0
opencl-e2e,NVIDIA B300 SXM6 AC,GPU,w32-opt,brainpoolP512r1,512,SUBTRACTMOD,50000,0.002058029,24295090.106,0
opencl-kernel,NVIDIA B300 SXM6 AC,GPU,w32-o64,brainpoolP512r1,512,SUBTRACTMOD,50000,0.000020216,2473290160.895,0
opencl-e2e,NVIDIA B300 SXM6 AC,GPU,w32-o64,brainpoolP512r1,512,SUBTRACTMOD,50000,0.002050609,24383000.622,0
opencl-kernel,NVIDIA B300 SXM6 AC,GPU,w32-il,brainpoolP512r1,512,SUBTRACTMOD,50000,0.000013812,3620045932.369,0
opencl-e2e,NVIDIA B300 SXM6 AC,GPU,w32-il,brainpoolP512r1,512,SUBTRACTMOD,50000,0.002008914,24889069.938,0
opencl-kernel,NVIDIA B300 SXM6 AC,GPU,w32-il64,brainpoolP512r1,512,SUBTRACTMOD,50000,0.000014416,3468368397.634,0
opencl-e2e,NVIDIA B300 SXM6 AC,GPU,w32-il64,brainpoolP512r1,512,SUBTRACTMOD,50000,0.002047802,24416422.708,0
library,Intel(R) Xeon(R) 6787P,host-cpu,gmp-1t,brainpoolP512r1,512,MULTIPLYOPERANDSCANNING,25000,0.003193058,7829485.052,0
opencl-kernel,NVIDIA B300 SXM6 AC,GPU,w8,brainpoolP512r1,512,MULTIPLYOPERANDSCANNING,50000,0.004721592,10589648.563,0
opencl-e2e,NVIDIA B300 SXM6 AC,GPU,w8,brainpoolP512r1,512,MULTIPLYOPERANDSCANNING,50000,0.007218023,6927104.550,0
opencl-kernel,NVIDIA B300 SXM6 AC,GPU,w16,brainpoolP512r1,512,MULTIPLYOPERANDSCANNING,50000,0.001933578,25858796.566,0
opencl-e2e,NVIDIA B300 SXM6 AC,GPU,w16,brainpoolP512r1,512,MULTIPLYOPERANDSCANNING,50000,0.004321071,11571205.460,0
opencl-kernel,NVIDIA B300 SXM6 AC,GPU,w32,brainpoolP512r1,512,MULTIPLYOPERANDSCANNING,50000,0.000873376,57249109.313,0
opencl-e2e,NVIDIA B300 SXM6 AC,GPU,w32,brainpoolP512r1,512,MULTIPLYOPERANDSCANNING,50000,0.003240393,15430227.370,0
opencl-kernel,NVIDIA B300 SXM6 AC,GPU,w32-opt,brainpoolP512r1,512,MULTIPLYOPERANDSCANNING,50000,0.000036552,1367913286.058,0
opencl-e2e,NVIDIA B300 SXM6 AC,GPU,w32-opt,brainpoolP512r1,512,MULTIPLYOPERANDSCANNING,50000,0.002374779,21054591.053,0
opencl-kernel,NVIDIA B300 SXM6 AC,GPU,w32-o64,brainpoolP512r1,512,MULTIPLYOPERANDSCANNING,50000,0.000034985,1429183278.262,0
opencl-e2e,NVIDIA B300 SXM6 AC,GPU,w32-o64,brainpoolP512r1,512,MULTIPLYOPERANDSCANNING,50000,0.002394516,20881046.849,0
opencl-kernel,NVIDIA B300 SXM6 AC,GPU,w32-il,brainpoolP512r1,512,MULTIPLYOPERANDSCANNING,50000,0.000026529,1884733017.965,0
opencl-e2e,NVIDIA B300 SXM6 AC,GPU,w32-il,brainpoolP512r1,512,MULTIPLYOPERANDSCANNING,50000,0.002267071,22054889.446,0
opencl-kernel,NVIDIA B300 SXM6 AC,GPU,w32-il64,brainpoolP512r1,512,MULTIPLYOPERANDSCANNING,50000,0.000028981,1725271012.615,0
opencl-e2e,NVIDIA B300 SXM6 AC,GPU,w32-il64,brainpoolP512r1,512,MULTIPLYOPERANDSCANNING,50000,0.002262383,22100590.386,0
library,Intel(R) Xeon(R) 6787P,host-cpu,gmp-1t,brainpoolP512r1,512,MULTIPLYPRODUCTSCANNING,25000,0.003091270,8087290.864,0
library,NVIDIA B300 SXM6 AC,gpu,cgbn,brainpoolP512r1,512,MULTIPLYPRODUCTSCANNING,50000,0.000010336,4837461300.310,0
opencl-kernel,NVIDIA B300 SXM6 AC,GPU,w8,brainpoolP512r1,512,MULTIPLYPRODUCTSCANNING,50000,0.001107995,45126557.801,0
opencl-e2e,NVIDIA B300 SXM6 AC,GPU,w8,brainpoolP512r1,512,MULTIPLYPRODUCTSCANNING,50000,0.003500406,14284057.138,0
opencl-kernel,NVIDIA B300 SXM6 AC,GPU,w16,brainpoolP512r1,512,MULTIPLYPRODUCTSCANNING,50000,0.000308863,161884100.128,0
opencl-e2e,NVIDIA B300 SXM6 AC,GPU,w16,brainpoolP512r1,512,MULTIPLYPRODUCTSCANNING,50000,0.002727628,18330945.118,0
opencl-kernel,NVIDIA B300 SXM6 AC,GPU,w32,brainpoolP512r1,512,MULTIPLYPRODUCTSCANNING,50000,0.000090348,553415617.778,0
opencl-e2e,NVIDIA B300 SXM6 AC,GPU,w32,brainpoolP512r1,512,MULTIPLYPRODUCTSCANNING,50000,0.002500628,19994977.223,0
opencl-kernel,NVIDIA B300 SXM6 AC,GPU,w32-opt,brainpoolP512r1,512,MULTIPLYPRODUCTSCANNING,50000,0.000090463,552711982.874,0
opencl-e2e,NVIDIA B300 SXM6 AC,GPU,w32-opt,brainpoolP512r1,512,MULTIPLYPRODUCTSCANNING,50000,0.002446237,20439557.074,0
opencl-kernel,NVIDIA B300 SXM6 AC,GPU,w32-o64,brainpoolP512r1,512,MULTIPLYPRODUCTSCANNING,50000,0.000088546,564678133.774,0
opencl-e2e,NVIDIA B300 SXM6 AC,GPU,w32-o64,brainpoolP512r1,512,MULTIPLYPRODUCTSCANNING,50000,0.002348876,21286777.381,0
opencl-kernel,NVIDIA B300 SXM6 AC,GPU,w32-il,brainpoolP512r1,512,MULTIPLYPRODUCTSCANNING,50000,0.000045756,1092752994.217,0
opencl-e2e,NVIDIA B300 SXM6 AC,GPU,w32-il,brainpoolP512r1,512,MULTIPLYPRODUCTSCANNING,50000,0.002265816,22067104.887,0
opencl-kernel,NVIDIA B300 SXM6 AC,GPU,w32-il64,brainpoolP512r1,512,MULTIPLYPRODUCTSCANNING,50000,0.000058356,856809451.907,0
opencl-e2e,NVIDIA B300 SXM6 AC,GPU,w32-il64,brainpoolP512r1,512,MULTIPLYPRODUCTSCANNING,50000,0.002458378,20338613.723,0
library,Intel(R) Xeon(R) 6787P,host-cpu,gmp-1t,brainpoolP512r1,512,MONTGOMERYMULTIPLICATION,25000,0.013057127,1914663.155,0
library,NVIDIA B300 SXM6 AC,gpu,cgbn,brainpoolP512r1,512,MONTGOMERYMULTIPLICATION,50000,0.000013696,3650700934.579,0
opencl-kernel,NVIDIA B300 SXM6 AC,GPU,w8,brainpoolP512r1,512,MONTGOMERYMULTIPLICATION,50000,0.000243875,205023045.386,0
opencl-e2e,NVIDIA B300 SXM6 AC,GPU,w8,brainpoolP512r1,512,MONTGOMERYMULTIPLICATION,50000,0.002363255,21157259.665,0
opencl-kernel,NVIDIA B300 SXM6 AC,GPU,w16,brainpoolP512r1,512,MONTGOMERYMULTIPLICATION,50000,0.000074978,666862399.543,0
opencl-e2e,NVIDIA B300 SXM6 AC,GPU,w16,brainpoolP512r1,512,MONTGOMERYMULTIPLICATION,50000,0.002432778,20552635.610,0
opencl-kernel,NVIDIA B300 SXM6 AC,GPU,w32,brainpoolP512r1,512,MONTGOMERYMULTIPLICATION,50000,0.000026212,1907522132.533,0
opencl-e2e,NVIDIA B300 SXM6 AC,GPU,w32,brainpoolP512r1,512,MONTGOMERYMULTIPLICATION,50000,0.002069487,24160576.951,0
opencl-kernel,NVIDIA B300 SXM6 AC,GPU,w32-opt,brainpoolP512r1,512,MONTGOMERYMULTIPLICATION,50000,0.000036600,1366120679.471,0
opencl-e2e,NVIDIA B300 SXM6 AC,GPU,w32-opt,brainpoolP512r1,512,MONTGOMERYMULTIPLICATION,50000,0.001998327,25020930.334,0
opencl-kernel,NVIDIA B300 SXM6 AC,GPU,w32-o64,brainpoolP512r1,512,MONTGOMERYMULTIPLICATION,50000,0.000026684,1873780526.495,0
opencl-e2e,NVIDIA B300 SXM6 AC,GPU,w32-o64,brainpoolP512r1,512,MONTGOMERYMULTIPLICATION,50000,0.002101727,23789959.348,0
opencl-kernel,NVIDIA B300 SXM6 AC,GPU,w32-il,brainpoolP512r1,512,MONTGOMERYMULTIPLICATION,50000,0.000033116,1509845638.112,0
opencl-e2e,NVIDIA B300 SXM6 AC,GPU,w32-il,brainpoolP512r1,512,MONTGOMERYMULTIPLICATION,50000,0.002025938,24679925.908,0
opencl-kernel,NVIDIA B300 SXM6 AC,GPU,w32-il64,brainpoolP512r1,512,MONTGOMERYMULTIPLICATION,50000,0.000021234,2354716346.900,0
opencl-e2e,NVIDIA B300 SXM6 AC,GPU,w32-il64,brainpoolP512r1,512,MONTGOMERYMULTIPLICATION,50000,0.001984220,25198818.703,0
library,Intel(R) Xeon(R) 6787P,host-cpu,gmp-1t,brainpoolP512r1,512,COMPARE,25000,0.000511460,48879708.712,0
library,NVIDIA B300 SXM6 AC,gpu,cgbn,brainpoolP512r1,512,COMPARE,50000,0.000008480,5896226415.094,0
opencl-kernel,NVIDIA B300 SXM6 AC,GPU,w8,brainpoolP512r1,512,COMPARE,50000,0.000040685,1228954120.891,0
opencl-e2e,NVIDIA B300 SXM6 AC,GPU,w8,brainpoolP512r1,512,COMPARE,50000,0.002042491,24479912.161,0
opencl-kernel,NVIDIA B300 SXM6 AC,GPU,w16,brainpoolP512r1,512,COMPARE,50000,0.000024555,2036243657.017,0
opencl-e2e,NVIDIA B300 SXM6 AC,GPU,w16,brainpoolP512r1,512,COMPARE,50000,0.002314741,21600688.572,0
opencl-kernel,NVIDIA B300 SXM6 AC,GPU,w32-opt,brainpoolP512r1,512,COMPARE,50000,0.000016651,3002822672.008,0
opencl-e2e,NVIDIA B300 SXM6 AC,GPU,w32-opt,brainpoolP512r1,512,COMPARE,50000,0.001972408,25349724.368,0
opencl-kernel,NVIDIA B300 SXM6 AC,GPU,w32-o64,brainpoolP512r1,512,COMPARE,50000,0.000016438,3041729228.089,0
opencl-e2e,NVIDIA B300 SXM6 AC,GPU,w32-o64,brainpoolP512r1,512,COMPARE,50000,0.002053963,24343184.129,0
opencl-kernel,NVIDIA B300 SXM6 AC,GPU,w32-il,brainpoolP512r1,512,COMPARE,50000,0.000014462,3457340199.231,0
opencl-e2e,NVIDIA B300 SXM6 AC,GPU,w32-il,brainpoolP512r1,512,COMPARE,50000,0.002037994,24533928.474,0
opencl-kernel,NVIDIA B300 SXM6 AC,GPU,w32-il64,brainpoolP512r1,512,COMPARE,50000,0.000013682,3654436022.208,0
opencl-e2e,NVIDIA B300 SXM6 AC,GPU,w32-il64,brainpoolP512r1,512,COMPARE,50000,0.001963690,25462266.951,0
library,Intel(R) Xeon(R) 6787P,host-cpu,gmp-1t,brainpoolP512r1,512,REDUCE,3125,0.000523642,5967816.136,0
library,NVIDIA B300 SXM6 AC,gpu,cgbn,brainpoolP512r1,512,REDUCE,50000,0.000017504,2856489945.155,0
opencl-kernel,NVIDIA B300 SXM6 AC,GPU,w8,brainpoolP512r1,512,REDUCE,50000,0.000385554,129683525.885,0
opencl-e2e,NVIDIA B300 SXM6 AC,GPU,w8,brainpoolP512r1,512,REDUCE,50000,0.002498870,20009043.952,0
opencl-kernel,NVIDIA B300 SXM6 AC,GPU,w16,brainpoolP512r1,512,REDUCE,50000,0.000317189,157634708.821,0
opencl-e2e,NVIDIA B300 SXM6 AC,GPU,w16,brainpoolP512r1,512,REDUCE,50000,0.002647347,18886832.802,0
opencl-kernel,NVIDIA B300 SXM6 AC,GPU,w32-opt,brainpoolP512r1,512,REDUCE,50000,0.000092162,542522984.265,0
opencl-e2e,NVIDIA B300 SXM6 AC,GPU,w32-opt,brainpoolP512r1,512,REDUCE,50000,0.002046628,24430428.498,0
opencl-kernel,NVIDIA B300 SXM6 AC,GPU,w32-o64,brainpoolP512r1,512,REDUCE,50000,0.000090200,554323796.740,0
opencl-e2e,NVIDIA B300 SXM6 AC,GPU,w32-o64,brainpoolP512r1,512,REDUCE,50000,0.002080879,24028307.273,0
opencl-kernel,NVIDIA B300 SXM6 AC,GPU,w32-il,brainpoolP512r1,512,REDUCE,50000,0.000090931,549867370.980,0
opencl-e2e,NVIDIA B300 SXM6 AC,GPU,w32-il,brainpoolP512r1,512,REDUCE,50000,0.002082562,24008888.868,0
opencl-kernel,NVIDIA B300 SXM6 AC,GPU,w32-il64,brainpoolP512r1,512,REDUCE,50000,0.000101218,493983283.340,0
opencl-e2e,NVIDIA B300 SXM6 AC,GPU,w32-il64,brainpoolP512r1,512,REDUCE,50000,0.002061352,24255925.033,0
library,Intel(R) Xeon(R) 6787P,host-cpu,gmp-1t,brainpoolP512r1,512,MODMUL,1562,0.001682587,928332.390,0
library,NVIDIA B300 SXM6 AC,gpu,cgbn,brainpoolP512r1,512,MODMUL,50000,0.000079456,629279097.865,0
opencl-kernel,NVIDIA B300 SXM6 AC,GPU,w8,brainpoolP512r1,512,MODMUL,50000,0.001126403,44389086.754,0
opencl-e2e,NVIDIA B300 SXM6 AC,GPU,w8,brainpoolP512r1,512,MODMUL,50000,0.003233174,15464679.424,0
opencl-kernel,NVIDIA B300 SXM6 AC,GPU,w16,brainpoolP512r1,512,MODMUL,50000,0.000794752,62912709.174,0
opencl-e2e,NVIDIA B300 SXM6 AC,GPU,w16,brainpoolP512r1,512,MODMUL,50000,0.003110080,16076756.733,0
opencl-kernel,NVIDIA B300 SXM6 AC,GPU,w32-opt,brainpoolP512r1,512,MODMUL,50000,0.000320710,155904083.448,0
opencl-e2e,NVIDIA B300 SXM6 AC,GPU,w32-opt,brainpoolP512r1,512,MODMUL,50000,0.002520159,19840018.004,0
opencl-kernel,NVIDIA B300 SXM6 AC,GPU,w32-o64,brainpoolP512r1,512,MODMUL,50000,0.000272845,183254205.428,0
opencl-e2e,NVIDIA B300 SXM6 AC,GPU,w32-o64,brainpoolP512r1,512,MODMUL,50000,0.002391872,20904128.682,0
opencl-kernel,NVIDIA B300 SXM6 AC,GPU,w32-il,brainpoolP512r1,512,MODMUL,50000,0.000317945,157259889.269,0
opencl-e2e,NVIDIA B300 SXM6 AC,GPU,w32-il,brainpoolP512r1,512,MODMUL,50000,0.002556268,19559764.398,0
opencl-kernel,NVIDIA B300 SXM6 AC,GPU,w32-il64,brainpoolP512r1,512,MODMUL,50000,0.000335678,148952273.039,0
opencl-e2e,NVIDIA B300 SXM6 AC,GPU,w32-il64,brainpoolP512r1,512,MODMUL,50000,0.002407437,20768975.334,0
library,Intel(R) Xeon(R) 6787P,host-cpu,gmp-1t,brainpoolP512r1,512,MODEXP,390,0.020333707,19179.975,0
library,NVIDIA B300 SXM6 AC,gpu,cgbn,brainpoolP512r1,512,MODEXP,50000,0.019682465,2540332.220,0
opencl-kernel,NVIDIA B300 SXM6 AC,GPU,w8,brainpoolP512r1,512,MODEXP,50000,0.230710321,216721.991,0
opencl-e2e,NVIDIA B300 SXM6 AC,GPU,w8,brainpoolP512r1,512,MODEXP,50000,0.233135552,214467.504,0
opencl-kernel,NVIDIA B300 SXM6 AC,GPU,w16,brainpoolP512r1,512,MODEXP,50000,0.021595255,2315323.441,0
opencl-e2e,NVIDIA B300 SXM6 AC,GPU,w16,brainpoolP512r1,512,MODEXP,50000,0.024147092,2070642.708,0
opencl-kernel,NVIDIA B300 SXM6 AC,GPU,w32-opt,brainpoolP512r1,512,MODEXP,50000,0.019098882,2617954.289,0
opencl-e2e,NVIDIA B300 SXM6 AC,GPU,w32-opt,brainpoolP512r1,512,MODEXP,50000,0.021554249,2319728.237,0
opencl-kernel,NVIDIA B300 SXM6 AC,GPU,w32-o64,brainpoolP512r1,512,MODEXP,50000,0.008219358,6083200.138,0
opencl-e2e,NVIDIA B300 SXM6 AC,GPU,w32-o64,brainpoolP512r1,512,MODEXP,50000,0.010411561,4802353.871,0
opencl-kernel,NVIDIA B300 SXM6 AC,GPU,w32-il,brainpoolP512r1,512,MODEXP,50000,0.019197142,2604554.368,0
opencl-e2e,NVIDIA B300 SXM6 AC,GPU,w32-il,brainpoolP512r1,512,MODEXP,50000,0.021654253,2309015.230,0
opencl-kernel,NVIDIA B300 SXM6 AC,GPU,w32-il64,brainpoolP512r1,512,MODEXP,50000,0.008376452,5969114.352,0
opencl-e2e,NVIDIA B300 SXM6 AC,GPU,w32-il64,brainpoolP512r1,512,MODEXP,50000,0.010625510,4705656.477,0
library,Intel(R) Xeon(R) 6787P,host-cpu,gmp-1t,brainpoolP512r1,512,EXPONENTIATION,390,0.015669152,24889.669,0
opencl-kernel,NVIDIA B300 SXM6 AC,GPU,w8,brainpoolP512r1,512,EXPONENTIATION,50000,0.182487641,273991.158,0
opencl-e2e,NVIDIA B300 SXM6 AC,GPU,w8,brainpoolP512r1,512,EXPONENTIATION,50000,0.185169347,270023.094,0
opencl-kernel,NVIDIA B300 SXM6 AC,GPU,w16,brainpoolP512r1,512,EXPONENTIATION,50000,0.045847444,1090573.336,0
opencl-e2e,NVIDIA B300 SXM6 AC,GPU,w16,brainpoolP512r1,512,EXPONENTIATION,50000,0.048271423,1035809.531,0
opencl-kernel,NVIDIA B300 SXM6 AC,GPU,w32-opt,brainpoolP512r1,512,EXPONENTIATION,50000,0.011367081,4398666.632,0
opencl-e2e,NVIDIA B300 SXM6 AC,GPU,w32-opt,brainpoolP512r1,512,EXPONENTIATION,50000,0.013955796,3582740.814,0
opencl-kernel,NVIDIA B300 SXM6 AC,GPU,w32-o64,brainpoolP512r1,512,EXPONENTIATION,50000,0.008392205,5957909.753,0
opencl-e2e,NVIDIA B300 SXM6 AC,GPU,w32-o64,brainpoolP512r1,512,EXPONENTIATION,50000,0.010738626,4656089.147,0
opencl-kernel,NVIDIA B300 SXM6 AC,GPU,w32-il,brainpoolP512r1,512,EXPONENTIATION,50000,0.011199641,4464428.799,0
opencl-e2e,NVIDIA B300 SXM6 AC,GPU,w32-il,brainpoolP512r1,512,EXPONENTIATION,50000,0.013653368,3662100.079,0
opencl-kernel,NVIDIA B300 SXM6 AC,GPU,w32-il64,brainpoolP512r1,512,EXPONENTIATION,50000,0.011525972,4338028.935,0
opencl-e2e,NVIDIA B300 SXM6 AC,GPU,w32-il64,brainpoolP512r1,512,EXPONENTIATION,50000,0.013918972,3592219.312,0
library,Intel(R) Xeon(R) 6787P,host-cpu,gmp-1t,brainpoolP512r1,512,DIVIDE,3125,0.000655860,4764738.774,0
library,NVIDIA B300 SXM6 AC,gpu,cgbn,brainpoolP512r1,512,DIVIDE,50000,0.000023968,2086114819.760,0
opencl-kernel,NVIDIA B300 SXM6 AC,GPU,w8,brainpoolP512r1,512,DIVIDE,50000,0.001119479,44663635.506,0
opencl-e2e,NVIDIA B300 SXM6 AC,GPU,w8,brainpoolP512r1,512,DIVIDE,50000,0.003645556,13715329.060,0
opencl-kernel,NVIDIA B300 SXM6 AC,GPU,w16,brainpoolP512r1,512,DIVIDE,50000,0.001138540,43915892.869,0
opencl-e2e,NVIDIA B300 SXM6 AC,GPU,w16,brainpoolP512r1,512,DIVIDE,50000,0.003485225,14346276.204,0
opencl-kernel,NVIDIA B300 SXM6 AC,GPU,w32-opt,brainpoolP512r1,512,DIVIDE,50000,0.000384634,129993704.443,0
opencl-e2e,NVIDIA B300 SXM6 AC,GPU,w32-opt,brainpoolP512r1,512,DIVIDE,50000,0.002626638,19035740.844,0
opencl-kernel,NVIDIA B300 SXM6 AC,GPU,w32-o64,brainpoolP512r1,512,DIVIDE,50000,0.000356190,140374510.148,0
opencl-e2e,NVIDIA B300 SXM6 AC,GPU,w32-o64,brainpoolP512r1,512,DIVIDE,50000,0.002700243,18516852.203,0
opencl-kernel,NVIDIA B300 SXM6 AC,GPU,w32-il,brainpoolP512r1,512,DIVIDE,50000,0.000370358,135004508.965,0
opencl-e2e,NVIDIA B300 SXM6 AC,GPU,w32-il,brainpoolP512r1,512,DIVIDE,50000,0.002740561,18244439.916,0
opencl-kernel,NVIDIA B300 SXM6 AC,GPU,w32-il64,brainpoolP512r1,512,DIVIDE,50000,0.000336923,148401862.034,0
opencl-e2e,NVIDIA B300 SXM6 AC,GPU,w32-il64,brainpoolP512r1,512,DIVIDE,50000,0.002593660,19277777.136,0
library,Intel(R) Xeon(R) 6787P,host-cpu,gmp-1t,brainpoolP512r1,512,ISQRT,781,0.000669368,1166772.247,0
opencl-kernel,NVIDIA B300 SXM6 AC,GPU,w8,brainpoolP512r1,512,ISQRT,50000,0.017026900,2936529.840,0
opencl-e2e,NVIDIA B300 SXM6 AC,GPU,w8,brainpoolP512r1,512,ISQRT,50000,0.019702931,2537693.504,0
opencl-kernel,NVIDIA B300 SXM6 AC,GPU,w16,brainpoolP512r1,512,ISQRT,50000,0.016971721,2946077.179,0
opencl-e2e,NVIDIA B300 SXM6 AC,GPU,w16,brainpoolP512r1,512,ISQRT,50000,0.018551477,2695203.191,0
opencl-kernel,NVIDIA B300 SXM6 AC,GPU,w32-opt,brainpoolP512r1,512,ISQRT,50000,0.003301640,15143989.126,0
opencl-e2e,NVIDIA B300 SXM6 AC,GPU,w32-opt,brainpoolP512r1,512,ISQRT,50000,0.005467785,9144470.655,0
opencl-kernel,NVIDIA B300 SXM6 AC,GPU,w32-o64,brainpoolP512r1,512,ISQRT,50000,0.003003335,16648159.597,0
opencl-e2e,NVIDIA B300 SXM6 AC,GPU,w32-o64,brainpoolP512r1,512,ISQRT,50000,0.005130399,9745830.650,0
opencl-kernel,NVIDIA B300 SXM6 AC,GPU,w32-il,brainpoolP512r1,512,ISQRT,50000,0.003147825,15883983.301,0
opencl-e2e,NVIDIA B300 SXM6 AC,GPU,w32-il,brainpoolP512r1,512,ISQRT,50000,0.005304816,9425397.593,0
opencl-kernel,NVIDIA B300 SXM6 AC,GPU,w32-il64,brainpoolP512r1,512,ISQRT,50000,0.003959517,12627802.853,0
opencl-e2e,NVIDIA B300 SXM6 AC,GPU,w32-il64,brainpoolP512r1,512,ISQRT,50000,0.006072535,8233793.623,0
library,Intel(R) Xeon(R) 6787P,host-cpu,gmp-1t,brainpoolP512r1,512,MODMUL_R2,25000,0.009460600,2642538.535,0
library,NVIDIA B300 SXM6 AC,gpu,cgbn,brainpoolP512r1,512,MODMUL_R2,50000,0.000020000,2500000000.000,0
opencl-kernel,NVIDIA B300 SXM6 AC,GPU,w8,brainpoolP512r1,512,MODMUL_R2,50000,0.000388593,128669325.733,0
opencl-e2e,NVIDIA B300 SXM6 AC,GPU,w8,brainpoolP512r1,512,MODMUL_R2,50000,0.002785433,17950530.327,0
opencl-kernel,NVIDIA B300 SXM6 AC,GPU,w16,brainpoolP512r1,512,MODMUL_R2,50000,0.000071965,694781784.446,0
opencl-e2e,NVIDIA B300 SXM6 AC,GPU,w16,brainpoolP512r1,512,MODMUL_R2,50000,0.002194841,22780693.006,0
opencl-kernel,NVIDIA B300 SXM6 AC,GPU,w32-opt,brainpoolP512r1,512,MODMUL_R2,50000,0.000054847,911627165.211,0
opencl-e2e,NVIDIA B300 SXM6 AC,GPU,w32-opt,brainpoolP512r1,512,MODMUL_R2,50000,0.002165305,23091434.934,0
opencl-kernel,NVIDIA B300 SXM6 AC,GPU,w32-o64,brainpoolP512r1,512,MODMUL_R2,50000,0.000031486,1588008428.525,0
opencl-e2e,NVIDIA B300 SXM6 AC,GPU,w32-o64,brainpoolP512r1,512,MODMUL_R2,50000,0.002064147,24223081.309,0
opencl-kernel,NVIDIA B300 SXM6 AC,GPU,w32-il,brainpoolP512r1,512,MODMUL_R2,50000,0.000051039,979642284.374,0
opencl-e2e,NVIDIA B300 SXM6 AC,GPU,w32-il,brainpoolP512r1,512,MODMUL_R2,50000,0.002075162,24094504.223,0
opencl-kernel,NVIDIA B300 SXM6 AC,GPU,w32-il64,brainpoolP512r1,512,MODMUL_R2,50000,0.000030820,1622321843.908,0
opencl-e2e,NVIDIA B300 SXM6 AC,GPU,w32-il64,brainpoolP512r1,512,MODMUL_R2,50000,0.001964232,25455242.148,0
library,Intel(R) Xeon(R) 6787P,host-cpu,gmp-1t,p1024,1024,ADD,12500,0.000965835,12942173.595,0
library,NVIDIA B300 SXM6 AC,gpu,cgbn,p1024,1024,ADD,50000,0.000010272,4867601246.106,0
opencl-kernel,NVIDIA B300 SXM6 AC,GPU,w8,p1024,1024,ADD,50000,0.000185302,269829801.499,0
opencl-e2e,NVIDIA B300 SXM6 AC,GPU,w8,p1024,1024,ADD,50000,0.004880508,10244835.168,0
opencl-kernel,NVIDIA B300 SXM6 AC,GPU,w16,p1024,1024,ADD,50000,0.000097358,513568695.388,0
opencl-e2e,NVIDIA B300 SXM6 AC,GPU,w16,p1024,1024,ADD,50000,0.003218691,15534265.418,0
opencl-kernel,NVIDIA B300 SXM6 AC,GPU,w32,p1024,1024,ADD,50000,0.000040053,1248346486.655,0
opencl-e2e,NVIDIA B300 SXM6 AC,GPU,w32,p1024,1024,ADD,50000,0.004140355,12076259.208,0
opencl-kernel,NVIDIA B300 SXM6 AC,GPU,w32-opt,p1024,1024,ADD,50000,0.000041466,1205807938.460,0
opencl-e2e,NVIDIA B300 SXM6 AC,GPU,w32-opt,p1024,1024,ADD,50000,0.004141926,12071678.706,0
opencl-kernel,NVIDIA B300 SXM6 AC,GPU,w32-o64,p1024,1024,ADD,50000,0.000042114,1187253662.616,0
opencl-e2e,NVIDIA B300 SXM6 AC,GPU,w32-o64,p1024,1024,ADD,50000,0.004124197,12123572.168,0
opencl-kernel,NVIDIA B300 SXM6 AC,GPU,w32-il,p1024,1024,ADD,50000,0.000027140,1842301756.312,0
opencl-e2e,NVIDIA B300 SXM6 AC,GPU,w32-il,p1024,1024,ADD,50000,0.004033867,12395054.240,0
opencl-kernel,NVIDIA B300 SXM6 AC,GPU,w32-il64,p1024,1024,ADD,50000,0.000027159,1841010611.503,0
opencl-e2e,NVIDIA B300 SXM6 AC,GPU,w32-il64,p1024,1024,ADD,50000,0.004123220,12126444.903,0
library,Intel(R) Xeon(R) 6787P,host-cpu,gmp-1t,p1024,1024,SUBTRACT,12500,0.000579221,21580709.282,0
library,NVIDIA B300 SXM6 AC,gpu,cgbn,p1024,1024,SUBTRACT,50000,0.000009920,5040322580.645,0
opencl-kernel,NVIDIA B300 SXM6 AC,GPU,w8,p1024,1024,SUBTRACT,50000,0.000184051,271663841.173,0
opencl-e2e,NVIDIA B300 SXM6 AC,GPU,w8,p1024,1024,SUBTRACT,50000,0.004884619,10236212.827,0
opencl-kernel,NVIDIA B300 SXM6 AC,GPU,w16,p1024,1024,SUBTRACT,50000,0.000097937,510532234.918,0
opencl-e2e,NVIDIA B300 SXM6 AC,GPU,w16,p1024,1024,SUBTRACT,50000,0.004178659,11965561.198,0
opencl-kernel,NVIDIA B300 SXM6 AC,GPU,w32,p1024,1024,SUBTRACT,50000,0.000040745,1227144031.520,0
opencl-e2e,NVIDIA B300 SXM6 AC,GPU,w32,p1024,1024,SUBTRACT,50000,0.004152721,12040298.319,0
opencl-kernel,NVIDIA B300 SXM6 AC,GPU,w32-opt,p1024,1024,SUBTRACT,50000,0.000041229,1212738309.410,0
opencl-e2e,NVIDIA B300 SXM6 AC,GPU,w32-opt,p1024,1024,SUBTRACT,50000,0.004135944,12089138.516,0
opencl-kernel,NVIDIA B300 SXM6 AC,GPU,w32-o64,p1024,1024,SUBTRACT,50000,0.000041396,1207847637.367,0
opencl-e2e,NVIDIA B300 SXM6 AC,GPU,w32-o64,p1024,1024,SUBTRACT,50000,0.004143553,12066938.602,0
opencl-kernel,NVIDIA B300 SXM6 AC,GPU,w32-il,p1024,1024,SUBTRACT,50000,0.000027982,1786863353.213,0
opencl-e2e,NVIDIA B300 SXM6 AC,GPU,w32-il,p1024,1024,SUBTRACT,50000,0.004134535,12093258.275,0
opencl-kernel,NVIDIA B300 SXM6 AC,GPU,w32-il64,p1024,1024,SUBTRACT,50000,0.000027164,1840671344.879,0
opencl-e2e,NVIDIA B300 SXM6 AC,GPU,w32-il64,p1024,1024,SUBTRACT,50000,0.004133251,12097015.070,0
library,Intel(R) Xeon(R) 6787P,host-cpu,gmp-1t,p1024,1024,ADDMOD,12500,0.002131441,5864578.433,0
library,NVIDIA B300 SXM6 AC,gpu,cgbn,p1024,1024,ADDMOD,50000,0.000011648,4292582417.582,0
opencl-kernel,NVIDIA B300 SXM6 AC,GPU,w8,p1024,1024,ADDMOD,50000,0.000242215,206428174.032,0
opencl-e2e,NVIDIA B300 SXM6 AC,GPU,w8,p1024,1024,ADDMOD,50000,0.004820976,10371343.896,0
opencl-kernel,NVIDIA B300 SXM6 AC,GPU,w16,p1024,1024,ADDMOD,50000,0.000126755,394461814.612,0
opencl-e2e,NVIDIA B300 SXM6 AC,GPU,w16,p1024,1024,ADDMOD,50000,0.004215630,11860623.430,0
opencl-kernel,NVIDIA B300 SXM6 AC,GPU,w32,p1024,1024,ADDMOD,50000,0.000046424,1077029456.416,0
opencl-e2e,NVIDIA B300 SXM6 AC,GPU,w32,p1024,1024,ADDMOD,50000,0.004143259,12067794.876,0
opencl-kernel,NVIDIA B300 SXM6 AC,GPU,w32-opt,p1024,1024,ADDMOD,50000,0.000040022,1249312377.304,0
opencl-e2e,NVIDIA B300 SXM6 AC,GPU,w32-opt,p1024,1024,ADDMOD,50000,0.004151323,12044352.934,0
opencl-kernel,NVIDIA B300 SXM6 AC,GPU,w32-o64,p1024,1024,ADDMOD,50000,0.000039766,1257356777.629,0
opencl-e2e,NVIDIA B300 SXM6 AC,GPU,w32-o64,p1024,1024,ADDMOD,50000,0.004126221,12117625.305,0
opencl-kernel,NVIDIA B300 SXM6 AC,GPU,w32-il,p1024,1024,ADDMOD,50000,0.000016570,3017495491.989,0
opencl-e2e,NVIDIA B300 SXM6 AC,GPU,w32-il,p1024,1024,ADDMOD,50000,0.004116199,12147129.002,0
opencl-kernel,NVIDIA B300 SXM6 AC,GPU,w32-il64,p1024,1024,ADDMOD,50000,0.000016738,2987211089.280,0
opencl-e2e,NVIDIA B300 SXM6 AC,GPU,w32-il64,p1024,1024,ADDMOD,50000,0.004121398,12131805.675,0
library,Intel(R) Xeon(R) 6787P,host-cpu,gmp-1t,p1024,1024,SUBTRACTMOD,12500,0.001776122,7037804.862,0
library,NVIDIA B300 SXM6 AC,gpu,cgbn,p1024,1024,SUBTRACTMOD,50000,0.000011680,4280821917.808,0
opencl-kernel,NVIDIA B300 SXM6 AC,GPU,w8,p1024,1024,SUBTRACTMOD,50000,0.000252497,198022174.318,0
opencl-e2e,NVIDIA B300 SXM6 AC,GPU,w8,p1024,1024,SUBTRACTMOD,50000,0.004961634,10077325.340,0
opencl-kernel,NVIDIA B300 SXM6 AC,GPU,w16,p1024,1024,SUBTRACTMOD,50000,0.000126627,394860367.853,0
opencl-e2e,NVIDIA B300 SXM6 AC,GPU,w16,p1024,1024,SUBTRACTMOD,50000,0.004219096,11850879.962,0
opencl-kernel,NVIDIA B300 SXM6 AC,GPU,w32,p1024,1024,SUBTRACTMOD,50000,0.000046031,1086225267.891,0
opencl-e2e,NVIDIA B300 SXM6 AC,GPU,w32,p1024,1024,SUBTRACTMOD,50000,0.004157625,12026096.565,0
opencl-kernel,NVIDIA B300 SXM6 AC,GPU,w32-opt,p1024,1024,SUBTRACTMOD,50000,0.000038904,1285214177.861,0
opencl-e2e,NVIDIA B300 SXM6 AC,GPU,w32-opt,p1024,1024,SUBTRACTMOD,50000,0.004154060,12036417.449,0
opencl-kernel,NVIDIA B300 SXM6 AC,GPU,w32-o64,p1024,1024,SUBTRACTMOD,50000,0.000039836,1255144758.014,0
opencl-e2e,NVIDIA B300 SXM6 AC,GPU,w32-o64,p1024,1024,SUBTRACTMOD,50000,0.004038254,12381588.757,0
opencl-kernel,NVIDIA B300 SXM6 AC,GPU,w32-il,p1024,1024,SUBTRACTMOD,50000,0.000017324,2886169997.043,0
opencl-e2e,NVIDIA B300 SXM6 AC,GPU,w32-il,p1024,1024,SUBTRACTMOD,50000,0.003995044,12515506.586,0
opencl-kernel,NVIDIA B300 SXM6 AC,GPU,w32-il64,p1024,1024,SUBTRACTMOD,50000,0.000017211,2905125977.232,0
opencl-e2e,NVIDIA B300 SXM6 AC,GPU,w32-il64,p1024,1024,SUBTRACTMOD,50000,0.004046181,12357331.567,0
library,Intel(R) Xeon(R) 6787P,host-cpu,gmp-1t,p1024,1024,MULTIPLYOPERANDSCANNING,12500,0.005229922,2390093.002,0
opencl-kernel,NVIDIA B300 SXM6 AC,GPU,w8,p1024,1024,MULTIPLYOPERANDSCANNING,50000,0.022131642,2259208.786,0
opencl-e2e,NVIDIA B300 SXM6 AC,GPU,w8,p1024,1024,MULTIPLYOPERANDSCANNING,50000,0.028038919,1783235.650,0
opencl-kernel,NVIDIA B300 SXM6 AC,GPU,w16,p1024,1024,MULTIPLYOPERANDSCANNING,50000,0.006800665,7352222.176,0
opencl-e2e,NVIDIA B300 SXM6 AC,GPU,w16,p1024,1024,MULTIPLYOPERANDSCANNING,50000,0.011778069,4245178.065,0
opencl-kernel,NVIDIA B300 SXM6 AC,GPU,w32,p1024,1024,MULTIPLYOPERANDSCANNING,50000,0.004367856,11447263.783,0
opencl-e2e,NVIDIA B300 SXM6 AC,GPU,w32,p1024,1024,MULTIPLYOPERANDSCANNING,50000,0.009333646,5356963.375,0
opencl-kernel,NVIDIA B300 SXM6 AC,GPU,w32-opt,p1024,1024,MULTIPLYOPERANDSCANNING,50000,0.000089971,555734629.324,0
opencl-e2e,NVIDIA B300 SXM6 AC,GPU,w32-opt,p1024,1024,MULTIPLYOPERANDSCANNING,50000,0.004717633,10598535.298,0
opencl-kernel,NVIDIA B300 SXM6 AC,GPU,w32-o64,p1024,1024,MULTIPLYOPERANDSCANNING,50000,0.000079302,630501115.827,0
opencl-e2e,NVIDIA B300 SXM6 AC,GPU,w32-o64,p1024,1024,MULTIPLYOPERANDSCANNING,50000,0.004732973,10564184.498,0
opencl-kernel,NVIDIA B300 SXM6 AC,GPU,w32-il,p1024,1024,MULTIPLYOPERANDSCANNING,50000,0.000070464,709582375.128,0
opencl-e2e,NVIDIA B300 SXM6 AC,GPU,w32-il,p1024,1024,MULTIPLYOPERANDSCANNING,50000,0.004734349,10561114.039,0
opencl-kernel,NVIDIA B300 SXM6 AC,GPU,w32-il64,p1024,1024,MULTIPLYOPERANDSCANNING,50000,0.000061241,816446784.373,0
opencl-e2e,NVIDIA B300 SXM6 AC,GPU,w32-il64,p1024,1024,MULTIPLYOPERANDSCANNING,50000,0.004703222,10631009.937,0
library,Intel(R) Xeon(R) 6787P,host-cpu,gmp-1t,p1024,1024,MULTIPLYPRODUCTSCANNING,12500,0.005635142,2218222.726,0
library,NVIDIA B300 SXM6 AC,gpu,cgbn,p1024,1024,MULTIPLYPRODUCTSCANNING,50000,0.000020736,2411265432.099,0
opencl-kernel,NVIDIA B300 SXM6 AC,GPU,w8,p1024,1024,MULTIPLYPRODUCTSCANNING,50000,0.008247428,6062496.096,0
opencl-e2e,NVIDIA B300 SXM6 AC,GPU,w8,p1024,1024,MULTIPLYPRODUCTSCANNING,50000,0.013035897,3835562.680,0
opencl-kernel,NVIDIA B300 SXM6 AC,GPU,w16,p1024,1024,MULTIPLYPRODUCTSCANNING,50000,0.002122825,23553520.002,0
opencl-e2e,NVIDIA B300 SXM6 AC,GPU,w16,p1024,1024,MULTIPLYPRODUCTSCANNING,50000,0.006836291,7313907.503,0
opencl-kernel,NVIDIA B300 SXM6 AC,GPU,w32,p1024,1024,MULTIPLYPRODUCTSCANNING,50000,0.000548521,91154213.113,0
opencl-e2e,NVIDIA B300 SXM6 AC,GPU,w32,p1024,1024,MULTIPLYPRODUCTSCANNING,50000,0.005197255,9620463.004,0
opencl-kernel,NVIDIA B300 SXM6 AC,GPU,w32-opt,p1024,1024,MULTIPLYPRODUCTSCANNING,50000,0.000546851,91432580.540,0
opencl-e2e,NVIDIA B300 SXM6 AC,GPU,w32-opt,p1024,1024,MULTIPLYPRODUCTSCANNING,50000,0.005205606,9605029.666,0
opencl-kernel,NVIDIA B300 SXM6 AC,GPU,w32-o64,p1024,1024,MULTIPLYPRODUCTSCANNING,50000,0.000547098,91391305.354,0
opencl-e2e,NVIDIA B300 SXM6 AC,GPU,w32-o64,p1024,1024,MULTIPLYPRODUCTSCANNING,50000,0.005078008,9846380.724,0
opencl-kernel,NVIDIA B300 SXM6 AC,GPU,w32-il,p1024,1024,MULTIPLYPRODUCTSCANNING,50000,0.000192729,259431637.793,0
opencl-e2e,NVIDIA B300 SXM6 AC,GPU,w32-il,p1024,1024,MULTIPLYPRODUCTSCANNING,50000,0.004853652,10301521.464,0
opencl-kernel,NVIDIA B300 SXM6 AC,GPU,w32-il64,p1024,1024,MULTIPLYPRODUCTSCANNING,50000,0.000180274,277355557.421,0
opencl-e2e,NVIDIA B300 SXM6 AC,GPU,w32-il64,p1024,1024,MULTIPLYPRODUCTSCANNING,50000,0.004825947,10360660.838,0
library,Intel(R) Xeon(R) 6787P,host-cpu,gmp-1t,p1024,1024,MONTGOMERYMULTIPLICATION,12500,0.016608434,752629.657,0
library,NVIDIA B300 SXM6 AC,gpu,cgbn,p1024,1024,MONTGOMERYMULTIPLICATION,50000,0.000030240,1653439153.439,0
opencl-kernel,NVIDIA B300 SXM6 AC,GPU,w8,p1024,1024,MONTGOMERYMULTIPLICATION,50000,0.001786211,27992213.973,0
opencl-e2e,NVIDIA B300 SXM6 AC,GPU,w8,p1024,1024,MONTGOMERYMULTIPLICATION,50000,0.005925429,8438207.603,0
opencl-kernel,NVIDIA B300 SXM6 AC,GPU,w16,p1024,1024,MONTGOMERYMULTIPLICATION,50000,0.000246923,202492267.212,0
opencl-e2e,NVIDIA B300 SXM6 AC,GPU,w16,p1024,1024,MONTGOMERYMULTIPLICATION,50000,0.004320128,11573731.133,0
opencl-kernel,NVIDIA B300 SXM6 AC,GPU,w32,p1024,1024,MONTGOMERYMULTIPLICATION,50000,0.000063987,781408929.416,0
opencl-e2e,NVIDIA B300 SXM6 AC,GPU,w32,p1024,1024,MONTGOMERYMULTIPLICATION,50000,0.003595410,13906619.933,0
opencl-kernel,NVIDIA B300 SXM6 AC,GPU,w32-opt,p1024,1024,MONTGOMERYMULTIPLICATION,50000,0.000110171,453839788.157,0
opencl-e2e,NVIDIA B300 SXM6 AC,GPU,w32-opt,p1024,1024,MONTGOMERYMULTIPLICATION,50000,0.004053498,12335025.095,0
opencl-kernel,NVIDIA B300 SXM6 AC,GPU,w32-o64,p1024,1024,MONTGOMERYMULTIPLICATION,50000,0.000075936,658449496.156,0
opencl-e2e,NVIDIA B300 SXM6 AC,GPU,w32-o64,p1024,1024,MONTGOMERYMULTIPLICATION,50000,0.003989506,12532880.045,0
opencl-kernel,NVIDIA B300 SXM6 AC,GPU,w32-il,p1024,1024,MONTGOMERYMULTIPLICATION,50000,0.000091249,547951169.588,0
opencl-e2e,NVIDIA B300 SXM6 AC,GPU,w32-il,p1024,1024,MONTGOMERYMULTIPLICATION,50000,0.004178578,11965793.050,0
opencl-kernel,NVIDIA B300 SXM6 AC,GPU,w32-il64,p1024,1024,MONTGOMERYMULTIPLICATION,50000,0.000054765,912991423.980,0
opencl-e2e,NVIDIA B300 SXM6 AC,GPU,w32-il64,p1024,1024,MONTGOMERYMULTIPLICATION,50000,0.004129712,12107381.810,0
library,Intel(R) Xeon(R) 6787P,host-cpu,gmp-1t,p1024,1024,COMPARE,12500,0.000358965,34822312.394,0
library,NVIDIA B300 SXM6 AC,gpu,cgbn,p1024,1024,COMPARE,50000,0.000010752,4650297619.048,0
opencl-kernel,NVIDIA B300 SXM6 AC,GPU,w8,p1024,1024,COMPARE,50000,0.000086230,579844648.513,0
opencl-e2e,NVIDIA B300 SXM6 AC,GPU,w8,p1024,1024,COMPARE,50000,0.004171810,11985205.472,0
opencl-kernel,NVIDIA B300 SXM6 AC,GPU,w16,p1024,1024,COMPARE,50000,0.000046792,1068559311.340,0
opencl-e2e,NVIDIA B300 SXM6 AC,GPU,w16,p1024,1024,COMPARE,50000,0.004135608,12090120.631,0
opencl-kernel,NVIDIA B300 SXM6 AC,GPU,w32-opt,p1024,1024,COMPARE,50000,0.000021441,2331978094.985,0
opencl-e2e,NVIDIA B300 SXM6 AC,GPU,w32-opt,p1024,1024,COMPARE,50000,0.004118790,12139487.464,0
opencl-kernel,NVIDIA B300 SXM6 AC,GPU,w32-o64,p1024,1024,COMPARE,50000,0.000022176,2254688446.930,0
opencl-e2e,NVIDIA B300 SXM6 AC,GPU,w32-o64,p1024,1024,COMPARE,50000,0.003973284,12584048.743,0
opencl-kernel,NVIDIA B300 SXM6 AC,GPU,w32-il,p1024,1024,COMPARE,50000,0.000016425,3044143820.766,0
opencl-e2e,NVIDIA B300 SXM6 AC,GPU,w32-il,p1024,1024,COMPARE,50000,0.003970031,12594359.953,0
opencl-kernel,NVIDIA B300 SXM6 AC,GPU,w32-il64,p1024,1024,COMPARE,50000,0.000017237,2900730960.051,0
opencl-e2e,NVIDIA B300 SXM6 AC,GPU,w32-il64,p1024,1024,COMPARE,50000,0.004105592,12178511.733,0
library,Intel(R) Xeon(R) 6787P,host-cpu,gmp-1t,p1024,1024,REDUCE,1562,0.000170896,9140083.866,0
library,NVIDIA B300 SXM6 AC,gpu,cgbn,p1024,1024,REDUCE,50000,0.000022976,2176183844.011,0
opencl-kernel,NVIDIA B300 SXM6 AC,GPU,w8,p1024,1024,REDUCE,50000,0.002110666,23689205.712,0
opencl-e2e,NVIDIA B300 SXM6 AC,GPU,w8,p1024,1024,REDUCE,50000,0.006251146,7998533.354,0
opencl-kernel,NVIDIA B300 SXM6 AC,GPU,w16,p1024,1024,REDUCE,50000,0.001121795,44571421.977,0
opencl-e2e,NVIDIA B300 SXM6 AC,GPU,w16,p1024,1024,REDUCE,50000,0.005236021,9549236.044,0
opencl-kernel,NVIDIA B300 SXM6 AC,GPU,w32-opt,p1024,1024,REDUCE,50000,0.000309907,161338715.689,0
opencl-e2e,NVIDIA B300 SXM6 AC,GPU,w32-opt,p1024,1024,REDUCE,50000,0.004414115,11327298.794,0
opencl-kernel,NVIDIA B300 SXM6 AC,GPU,w32-o64,p1024,1024,REDUCE,50000,0.000329990,151519743.879,0
opencl-e2e,NVIDIA B300 SXM6 AC,GPU,w32-o64,p1024,1024,REDUCE,50000,0.004447888,11241290.246,0
opencl-kernel,NVIDIA B300 SXM6 AC,GPU,w32-il,p1024,1024,REDUCE,50000,0.000301421,165880955.119,0
opencl-e2e,NVIDIA B300 SXM6 AC,GPU,w32-il,p1024,1024,REDUCE,50000,0.004340386,11519712.715,0
opencl-kernel,NVIDIA B300 SXM6 AC,GPU,w32-il64,p1024,1024,REDUCE,50000,0.000314890,158785607.888,0
opencl-e2e,NVIDIA B300 SXM6 AC,GPU,w32-il64,p1024,1024,REDUCE,50000,0.004345528,11506081.589,0
library,Intel(R) Xeon(R) 6787P,host-cpu,gmp-1t,p1024,1024,MODMUL,781,0.002608640,299389.720,0
library,NVIDIA B300 SXM6 AC,gpu,cgbn,p1024,1024,MODMUL,50000,0.000187008,267368240.931,0
opencl-kernel,NVIDIA B300 SXM6 AC,GPU,w8,p1024,1024,MODMUL,50000,0.007962047,6279792.114,0
opencl-e2e,NVIDIA B300 SXM6 AC,GPU,w8,p1024,1024,MODMUL,50000,0.012177974,4105773.244,0
opencl-kernel,NVIDIA B300 SXM6 AC,GPU,w16,p1024,1024,MODMUL,50000,0.002963484,16872032.870,0
opencl-e2e,NVIDIA B300 SXM6 AC,GPU,w16,p1024,1024,MODMUL,50000,0.007100865,7041395.649,0
opencl-kernel,NVIDIA B300 SXM6 AC,GPU,w32-opt,p1024,1024,MODMUL,50000,0.001402744,35644421.786,0
opencl-e2e,NVIDIA B300 SXM6 AC,GPU,w32-opt,p1024,1024,MODMUL,50000,0.005498398,9093557.735,0
opencl-kernel,NVIDIA B300 SXM6 AC,GPU,w32-o64,p1024,1024,MODMUL,50000,0.001031284,48483250.586,0
opencl-e2e,NVIDIA B300 SXM6 AC,GPU,w32-o64,p1024,1024,MODMUL,50000,0.005149513,9709656.007,0
opencl-kernel,NVIDIA B300 SXM6 AC,GPU,w32-il,p1024,1024,MODMUL,50000,0.001430633,34949563.986,0
opencl-e2e,NVIDIA B300 SXM6 AC,GPU,w32-il,p1024,1024,MODMUL,50000,0.005488428,9110076.699,0
opencl-kernel,NVIDIA B300 SXM6 AC,GPU,w32-il64,p1024,1024,MODMUL,50000,0.001050635,47590266.470,0
opencl-e2e,NVIDIA B300 SXM6 AC,GPU,w32-il64,p1024,1024,MODMUL,50000,0.005183174,9646598.705,0
library,Intel(R) Xeon(R) 6787P,host-cpu,gmp-1t,p1024,1024,MODEXP,195,0.047929081,4068.511,0
library,NVIDIA B300 SXM6 AC,gpu,cgbn,p1024,1024,MODEXP,50000,0.098690912,506632.262,0
opencl-kernel,NVIDIA B300 SXM6 AC,GPU,w8,p1024,1024,MODEXP,50000,2.604771836,19195.539,0
opencl-e2e,NVIDIA B300 SXM6 AC,GPU,w8,p1024,1024,MODEXP,50000,2.611796451,19143.911,0
opencl-kernel,NVIDIA B300 SXM6 AC,GPU,w16,p1024,1024,MODEXP,50000,0.150533145,332152.763,0
opencl-e2e,NVIDIA B300 SXM6 AC,GPU,w16,p1024,1024,MODEXP,50000,0.153681018,325349.224,0
opencl-kernel,NVIDIA B300 SXM6 AC,GPU,w32-opt,p1024,1024,MODEXP,50000,0.151507549,330016.559,0
opencl-e2e,NVIDIA B300 SXM6 AC,GPU,w32-opt,p1024,1024,MODEXP,50000,0.156139770,320225.910,0
opencl-kernel,NVIDIA B300 SXM6 AC,GPU,w32-o64,p1024,1024,MODEXP,50000,0.078884206,633840.442,0
opencl-e2e,NVIDIA B300 SXM6 AC,GPU,w32-o64,p1024,1024,MODEXP,50000,0.081965343,610013.918,0
opencl-kernel,NVIDIA B300 SXM6 AC,GPU,w32-il,p1024,1024,MODEXP,50000,0.153137704,326503.524,0
opencl-e2e,NVIDIA B300 SXM6 AC,GPU,w32-il,p1024,1024,MODEXP,50000,0.157798152,316860.491,0
opencl-kernel,NVIDIA B300 SXM6 AC,GPU,w32-il64,p1024,1024,MODEXP,50000,0.079033555,632642.679,0
opencl-e2e,NVIDIA B300 SXM6 AC,GPU,w32-il64,p1024,1024,MODEXP,50000,0.083749804,597016.323,0
library,Intel(R) Xeon(R) 6787P,host-cpu,gmp-1t,p1024,1024,EXPONENTIATION,195,0.016962396,11496.017,0
opencl-kernel,NVIDIA B300 SXM6 AC,GPU,w8,p1024,1024,EXPONENTIATION,50000,1.572323294,31800.076,0
opencl-e2e,NVIDIA B300 SXM6 AC,GPU,w8,p1024,1024,EXPONENTIATION,50000,1.574135072,31763.475,0
opencl-kernel,NVIDIA B300 SXM6 AC,GPU,w16,p1024,1024,EXPONENTIATION,50000,0.359606495,139040.870,0
opencl-e2e,NVIDIA B300 SXM6 AC,GPU,w16,p1024,1024,EXPONENTIATION,50000,0.362923758,137769.983,0
opencl-kernel,NVIDIA B300 SXM6 AC,GPU,w32-opt,p1024,1024,EXPONENTIATION,50000,0.106358986,470106.024,0
opencl-e2e,NVIDIA B300 SXM6 AC,GPU,w32-opt,p1024,1024,EXPONENTIATION,50000,0.111131420,449917.764,0
opencl-kernel,NVIDIA B300 SXM6 AC,GPU,w32-o64,p1024,1024,EXPONENTIATION,50000,0.093062563,537272.974,0
opencl-e2e,NVIDIA B300 SXM6 AC,GPU,w32-o64,p1024,1024,EXPONENTIATION,50000,0.097724621,511641.790,0
opencl-kernel,NVIDIA B300 SXM6 AC,GPU,w32-il,p1024,1024,EXPONENTIATION,50000,0.106203068,470796.192,0
opencl-e2e,NVIDIA B300 SXM6 AC,GPU,w32-il,p1024,1024,EXPONENTIATION,50000,0.110514823,452427.997,0
opencl-kernel,NVIDIA B300 SXM6 AC,GPU,w32-il64,p1024,1024,EXPONENTIATION,50000,0.093552240,534460.746,0
opencl-e2e,NVIDIA B300 SXM6 AC,GPU,w32-il64,p1024,1024,EXPONENTIATION,50000,0.097809197,511199.371,0
library,Intel(R) Xeon(R) 6787P,host-cpu,gmp-1t,p1024,1024,DIVIDE,1562,0.000349323,4471506.271,0
library,NVIDIA B300 SXM6 AC,gpu,cgbn,p1024,1024,DIVIDE,50000,0.000030208,1655190677.966,0
opencl-kernel,NVIDIA B300 SXM6 AC,GPU,w8,p1024,1024,DIVIDE,50000,0.009913388,5043684.359,0
opencl-e2e,NVIDIA B300 SXM6 AC,GPU,w8,p1024,1024,DIVIDE,50000,0.014510686,3445736.477,0
opencl-kernel,NVIDIA B300 SXM6 AC,GPU,w16,p1024,1024,DIVIDE,50000,0.007101395,7040870.146,0
opencl-e2e,NVIDIA B300 SXM6 AC,GPU,w16,p1024,1024,DIVIDE,50000,0.011970293,4177007.193,0
opencl-kernel,NVIDIA B300 SXM6 AC,GPU,w32-opt,p1024,1024,DIVIDE,50000,0.001505231,33217492.442,0
opencl-e2e,NVIDIA B300 SXM6 AC,GPU,w32-opt,p1024,1024,DIVIDE,50000,0.006190450,8076957.263,0
opencl-kernel,NVIDIA B300 SXM6 AC,GPU,w32-o64,p1024,1024,DIVIDE,50000,0.001537491,32520514.646,0
opencl-e2e,NVIDIA B300 SXM6 AC,GPU,w32-o64,p1024,1024,DIVIDE,50000,0.006216012,8043742.516,0
opencl-kernel,NVIDIA B300 SXM6 AC,GPU,w32-il,p1024,1024,DIVIDE,50000,0.001505528,33210938.785,0
opencl-e2e,NVIDIA B300 SXM6 AC,GPU,w32-il,p1024,1024,DIVIDE,50000,0.006172286,8100726.379,0
opencl-kernel,NVIDIA B300 SXM6 AC,GPU,w32-il64,p1024,1024,DIVIDE,50000,0.001553081,32194071.508,0
opencl-e2e,NVIDIA B300 SXM6 AC,GPU,w32-il64,p1024,1024,DIVIDE,50000,0.006241003,8011532.770,0
library,Intel(R) Xeon(R) 6787P,host-cpu,gmp-1t,p1024,1024,ISQRT,390,0.000512133,761520.928,0
opencl-kernel,NVIDIA B300 SXM6 AC,GPU,w8,p1024,1024,ISQRT,50000,0.189735191,263525.178,0
opencl-e2e,NVIDIA B300 SXM6 AC,GPU,w8,p1024,1024,ISQRT,50000,0.194999752,256410.583,0
opencl-kernel,NVIDIA B300 SXM6 AC,GPU,w16,p1024,1024,ISQRT,50000,0.119997818,416674.243,0
opencl-e2e,NVIDIA B300 SXM6 AC,GPU,w16,p1024,1024,ISQRT,50000,0.124362010,402052.042,0
opencl-kernel,NVIDIA B300 SXM6 AC,GPU,w32-opt,p1024,1024,ISQRT,50000,0.022818925,2191163.691,0
opencl-e2e,NVIDIA B300 SXM6 AC,GPU,w32-opt,p1024,1024,ISQRT,50000,0.027580727,1812860.117,0
opencl-kernel,NVIDIA B300 SXM6 AC,GPU,w32-o64,p1024,1024,ISQRT,50000,0.021946537,2278263.769,0
opencl-e2e,NVIDIA B300 SXM6 AC,GPU,w32-o64,p1024,1024,ISQRT,50000,0.026489591,1887533.862,0
opencl-kernel,NVIDIA B300 SXM6 AC,GPU,w32-il,p1024,1024,ISQRT,50000,0.022694592,2203168.048,0
opencl-e2e,NVIDIA B300 SXM6 AC,GPU,w32-il,p1024,1024,ISQRT,50000,0.026835546,1863200.397,0
opencl-kernel,NVIDIA B300 SXM6 AC,GPU,w32-il64,p1024,1024,ISQRT,50000,0.022222315,2249990.604,0
opencl-e2e,NVIDIA B300 SXM6 AC,GPU,w32-il64,p1024,1024,ISQRT,50000,0.026950899,1855225.684,0
library,Intel(R) Xeon(R) 6787P,host-cpu,gmp-1t,p1024,1024,MODMUL_R2,12500,0.011519456,1085120.687,0
library,NVIDIA B300 SXM6 AC,gpu,cgbn,p1024,1024,MODMUL_R2,50000,0.000054368,919658622.719,0
opencl-kernel,NVIDIA B300 SXM6 AC,GPU,w8,p1024,1024,MODMUL_R2,50000,0.002412703,20723644.768,0
opencl-e2e,NVIDIA B300 SXM6 AC,GPU,w8,p1024,1024,MODMUL_R2,50000,0.006549135,7634596.058,0
opencl-kernel,NVIDIA B300 SXM6 AC,GPU,w16,p1024,1024,MODMUL_R2,50000,0.000222038,225186667.589,0
opencl-e2e,NVIDIA B300 SXM6 AC,GPU,w16,p1024,1024,MODMUL_R2,50000,0.004270822,11707348.183,0
opencl-kernel,NVIDIA B300 SXM6 AC,GPU,w32-opt,p1024,1024,MODMUL_R2,50000,0.000179293,278873155.316,0
opencl-e2e,NVIDIA B300 SXM6 AC,GPU,w32-opt,p1024,1024,MODMUL_R2,50000,0.004301889,11622801.095,0
opencl-kernel,NVIDIA B300 SXM6 AC,GPU,w32-o64,p1024,1024,MODMUL_R2,50000,0.000118237,422879511.012,0
opencl-e2e,NVIDIA B300 SXM6 AC,GPU,w32-o64,p1024,1024,MODMUL_R2,50000,0.004201899,11899381.708,0
opencl-kernel,NVIDIA B300 SXM6 AC,GPU,w32-il,p1024,1024,MODMUL_R2,50000,0.000159737,313014490.677,0
opencl-e2e,NVIDIA B300 SXM6 AC,GPU,w32-il,p1024,1024,MODMUL_R2,50000,0.004247072,11772816.721,0
opencl-kernel,NVIDIA B300 SXM6 AC,GPU,w32-il64,p1024,1024,MODMUL_R2,50000,0.000096379,518785091.006,0
opencl-e2e,NVIDIA B300 SXM6 AC,GPU,w32-il64,p1024,1024,MODMUL_R2,50000,0.004180703,11959711.022,0
library,Intel(R) Xeon(R) 6787P,host-cpu,gmp-1t,p2048,2048,ADD,6250,0.000599530,10424832.757,0
library,NVIDIA B300 SXM6 AC,gpu,cgbn,p2048,2048,ADD,50000,0.000013600,3676470588.235,0
opencl-kernel,NVIDIA B300 SXM6 AC,GPU,w8,p2048,2048,ADD,50000,0.000356439,140276465.823,0
opencl-e2e,NVIDIA B300 SXM6 AC,GPU,w8,p2048,2048,ADD,50000,0.008242275,6066286.280,0
opencl-kernel,NVIDIA B300 SXM6 AC,GPU,w16,p2048,2048,ADD,50000,0.000182063,274630168.562,0
opencl-e2e,NVIDIA B300 SXM6 AC,GPU,w16,p2048,2048,ADD,50000,0.008043957,6215846.255,0
opencl-kernel,NVIDIA B300 SXM6 AC,GPU,w32,p2048,2048,ADD,50000,0.000072177,692741129.943,0
opencl-e2e,NVIDIA B300 SXM6 AC,GPU,w32,p2048,2048,ADD,50000,0.008089272,6181025.965,0
opencl-kernel,NVIDIA B300 SXM6 AC,GPU,w32-opt,p2048,2048,ADD,50000,0.000071492,699379069.762,0
opencl-e2e,NVIDIA B300 SXM6 AC,GPU,w32-opt,p2048,2048,ADD,50000,0.008119764,6157814.453,0
opencl-kernel,NVIDIA B300 SXM6 AC,GPU,w32-o64,p2048,2048,ADD,50000,0.000073950,676132163.356,0
opencl-e2e,NVIDIA B300 SXM6 AC,GPU,w32-o64,p2048,2048,ADD,50000,0.008093060,6178132.874,0
opencl-kernel,NVIDIA B300 SXM6 AC,GPU,w32-il,p2048,2048,ADD,50000,0.000040944,1221179391.339,0
opencl-e2e,NVIDIA B300 SXM6 AC,GPU,w32-il,p2048,2048,ADD,50000,0.007907201,6323350.061,0
opencl-kernel,NVIDIA B300 SXM6 AC,GPU,w32-il64,p2048,2048,ADD,50000,0.000043529,1148660321.841,0
opencl-e2e,NVIDIA B300 SXM6 AC,GPU,w32-il64,p2048,2048,ADD,50000,0.008056739,6205984.831,0
library,Intel(R) Xeon(R) 6787P,host-cpu,gmp-1t,p2048,2048,SUBTRACT,6250,0.000516495,12100790.327,0
library,NVIDIA B300 SXM6 AC,gpu,cgbn,p2048,2048,SUBTRACT,50000,0.000012480,4006410256.410,0
opencl-kernel,NVIDIA B300 SXM6 AC,GPU,w8,p2048,2048,SUBTRACT,50000,0.000355266,140739601.116,0
opencl-e2e,NVIDIA B300 SXM6 AC,GPU,w8,p2048,2048,SUBTRACT,50000,0.008243823,6065147.190,0
opencl-kernel,NVIDIA B300 SXM6 AC,GPU,w16,p2048,2048,SUBTRACT,50000,0.000183398,272631077.894,0
opencl-e2e,NVIDIA B300 SXM6 AC,GPU,w16,p2048,2048,SUBTRACT,50000,0.007009708,7132964.708,0
opencl-kernel,NVIDIA B300 SXM6 AC,GPU,w32,p2048,2048,SUBTRACT,50000,0.000072233,692204110.064,0
opencl-e2e,NVIDIA B300 SXM6 AC,GPU,w32,p2048,2048,SUBTRACT,50000,0.008098094,6174292.395,0
opencl-kernel,NVIDIA B300 SXM6 AC,GPU,w32-opt,p2048,2048,SUBTRACT,50000,0.000072813,686690461.885,0
opencl-e2e,NVIDIA B300 SXM6 AC,GPU,w32-opt,p2048,2048,SUBTRACT,50000,0.008084470,6184697.328,0
opencl-kernel,NVIDIA B300 SXM6 AC,GPU,w32-o64,p2048,2048,SUBTRACT,50000,0.000074293,673010927.462,0
opencl-e2e,NVIDIA B300 SXM6 AC,GPU,w32-o64,p2048,2048,SUBTRACT,50000,0.008106908,6167579.547,0
opencl-kernel,NVIDIA B300 SXM6 AC,GPU,w32-il,p2048,2048,SUBTRACT,50000,0.000040852,1223930312.667,0
opencl-e2e,NVIDIA B300 SXM6 AC,GPU,w32-il,p2048,2048,SUBTRACT,50000,0.008078046,6189615.681,0
opencl-kernel,NVIDIA B300 SXM6 AC,GPU,w32-il64,p2048,2048,SUBTRACT,50000,0.000043163,1158400638.676,0
opencl-e2e,NVIDIA B300 SXM6 AC,GPU,w32-il64,p2048,2048,SUBTRACT,50000,0.008030949,6225914.238,0
library,Intel(R) Xeon(R) 6787P,host-cpu,gmp-1t,p2048,2048,ADDMOD,6250,0.001361477,4590601.546,0
library,NVIDIA B300 SXM6 AC,gpu,cgbn,p2048,2048,ADDMOD,50000,0.000012128,4122691292.876,0
opencl-kernel,NVIDIA B300 SXM6 AC,GPU,w8,p2048,2048,ADDMOD,50000,0.000451899,110644188.405,0
opencl-e2e,NVIDIA B300 SXM6 AC,GPU,w8,p2048,2048,ADDMOD,50000,0.008358297,5982079.845,0
opencl-kernel,NVIDIA B300 SXM6 AC,GPU,w16,p2048,2048,ADDMOD,50000,0.000229488,217876305.987,0
opencl-e2e,NVIDIA B300 SXM6 AC,GPU,w16,p2048,2048,ADDMOD,50000,0.008129203,6150664.467,0
opencl-kernel,NVIDIA B300 SXM6 AC,GPU,w32,p2048,2048,ADDMOD,50000,0.000087896,568854018.100,0
opencl-e2e,NVIDIA B300 SXM6 AC,GPU,w32,p2048,2048,ADDMOD,50000,0.008092786,6178342.081,0
opencl-kernel,NVIDIA B300 SXM6 AC,GPU,w32-opt,p2048,2048,ADDMOD,50000,0.000069001,724627273.187,0
opencl-e2e,NVIDIA B300 SXM6 AC,GPU,w32-opt,p2048,2048,ADDMOD,50000,0.008090788,6179867.790,0
opencl-kernel,NVIDIA B300 SXM6 AC,GPU,w32-o64,p2048,2048,ADDMOD,50000,0.000070300,711238026.602,0
opencl-e2e,NVIDIA B300 SXM6 AC,GPU,w32-o64,p2048,2048,ADDMOD,50000,0.003554753,14065675.007,0
opencl-kernel,NVIDIA B300 SXM6 AC,GPU,w32-il,p2048,2048,ADDMOD,50000,0.000023128,2161881780.659,0
opencl-e2e,NVIDIA B300 SXM6 AC,GPU,w32-il,p2048,2048,ADDMOD,50000,0.008031802,6225253.093,0
opencl-kernel,NVIDIA B300 SXM6 AC,GPU,w32-il64,p2048,2048,ADDMOD,50000,0.000024054,2078659240.546,0
opencl-e2e,NVIDIA B300 SXM6 AC,GPU,w32-il64,p2048,2048,ADDMOD,50000,0.008044059,6215767.453,0
library,Intel(R) Xeon(R) 6787P,host-cpu,gmp-1t,p2048,2048,SUBTRACTMOD,6250,0.001184497,5276502.848,0
library,NVIDIA B300 SXM6 AC,gpu,cgbn,p2048,2048,SUBTRACTMOD,50000,0.000013248,3774154589.372,0
opencl-kernel,NVIDIA B300 SXM6 AC,GPU,w8,p2048,2048,SUBTRACTMOD,50000,0.000460113,108668959.468,0
opencl-e2e,NVIDIA B300 SXM6 AC,GPU,w8,p2048,2048,SUBTRACTMOD,50000,0.008376051,5969400.116,0
opencl-kernel,NVIDIA B300 SXM6 AC,GPU,w16,p2048,2048,SUBTRACTMOD,50000,0.000236691,211245855.701,0
opencl-e2e,NVIDIA B300 SXM6 AC,GPU,w16,p2048,2048,SUBTRACTMOD,50000,0.008096170,6175759.671,0
opencl-kernel,NVIDIA B300 SXM6 AC,GPU,w32,p2048,2048,SUBTRACTMOD,50000,0.000091592,545899058.873,0
opencl-e2e,NVIDIA B300 SXM6 AC,GPU,w32,p2048,2048,SUBTRACTMOD,50000,0.008106797,6167663.997,0
opencl-kernel,NVIDIA B300 SXM6 AC,GPU,w32-opt,p2048,2048,SUBTRACTMOD,50000,0.000068370,731314690.087,0
opencl-e2e,NVIDIA B300 SXM6 AC,GPU,w32-opt,p2048,2048,SUBTRACTMOD,50000,0.008090708,6179928.878,0
opencl-kernel,NVIDIA B300 SXM6 AC,GPU,w32-o64,p2048,2048,SUBTRACTMOD,50000,0.000070762,706593878.333,0
opencl-e2e,NVIDIA B300 SXM6 AC,GPU,w32-o64,p2048,2048,SUBTRACTMOD,50000,0.003463981,14434259.173,0
opencl-kernel,NVIDIA B300 SXM6 AC,GPU,w32-il,p2048,2048,SUBTRACTMOD,50000,0.000023410,2135837991.352,0
opencl-e2e,NVIDIA B300 SXM6 AC,GPU,w32-il,p2048,2048,SUBTRACTMOD,50000,0.008026493,6229370.649,0
opencl-kernel,NVIDIA B300 SXM6 AC,GPU,w32-il64,p2048,2048,SUBTRACTMOD,50000,0.000025979,1924634975.746,0
opencl-e2e,NVIDIA B300 SXM6 AC,GPU,w32-il64,p2048,2048,SUBTRACTMOD,50000,0.008025073,6230472.889,0
library,Intel(R) Xeon(R) 6787P,host-cpu,gmp-1t,p2048,2048,MULTIPLYOPERANDSCANNING,6250,0.007099654,880324.590,0
opencl-kernel,NVIDIA B300 SXM6 AC,GPU,w8,p2048,2048,MULTIPLYOPERANDSCANNING,50000,0.088575919,564487.510,0
opencl-e2e,NVIDIA B300 SXM6 AC,GPU,w8,p2048,2048,MULTIPLYOPERANDSCANNING,50000,0.098210866,509108.636,0
opencl-kernel,NVIDIA B300 SXM6 AC,GPU,w16,p2048,2048,MULTIPLYOPERANDSCANNING,50000,0.023286085,2147205.080,0
opencl-e2e,NVIDIA B300 SXM6 AC,GPU,w16,p2048,2048,MULTIPLYOPERANDSCANNING,50000,0.032796588,1524548.833,0
opencl-kernel,NVIDIA B300 SXM6 AC,GPU,w32,p2048,2048,MULTIPLYOPERANDSCANNING,50000,0.006991647,7151390.786,0
opencl-e2e,NVIDIA B300 SXM6 AC,GPU,w32,p2048,2048,MULTIPLYOPERANDSCANNING,50000,0.016302621,3066991.499,0
opencl-kernel,NVIDIA B300 SXM6 AC,GPU,w32-opt,p2048,2048,MULTIPLYOPERANDSCANNING,50000,0.000248141,201498337.849,0
opencl-e2e,NVIDIA B300 SXM6 AC,GPU,w32-opt,p2048,2048,MULTIPLYOPERANDSCANNING,50000,0.009381581,5329592.112,0
opencl-kernel,NVIDIA B300 SXM6 AC,GPU,w32-o64,p2048,2048,MULTIPLYOPERANDSCANNING,50000,0.000221322,225915182.852,0
opencl-e2e,NVIDIA B300 SXM6 AC,GPU,w32-o64,p2048,2048,MULTIPLYOPERANDSCANNING,50000,0.004610579,10844624.949,0
opencl-kernel,NVIDIA B300 SXM6 AC,GPU,w32-il,p2048,2048,MULTIPLYOPERANDSCANNING,50000,0.000213324,234385280.820,0
opencl-e2e,NVIDIA B300 SXM6 AC,GPU,w32-il,p2048,2048,MULTIPLYOPERANDSCANNING,50000,0.009369729,5336333.650,0
opencl-kernel,NVIDIA B300 SXM6 AC,GPU,w32-il64,p2048,2048,MULTIPLYOPERANDSCANNING,50000,0.000187123,267203979.659,0
opencl-e2e,NVIDIA B300 SXM6 AC,GPU,w32-il64,p2048,2048,MULTIPLYOPERANDSCANNING,50000,0.009287313,5383688.459,0
library,Intel(R) Xeon(R) 6787P,host-cpu,gmp-1t,p2048,2048,MULTIPLYPRODUCTSCANNING,6250,0.006535882,956259.612,0
library,NVIDIA B300 SXM6 AC,gpu,cgbn,p2048,2048,MULTIPLYPRODUCTSCANNING,50000,0.000056864,879290939.786,0
opencl-kernel,NVIDIA B300 SXM6 AC,GPU,w8,p2048,2048,MULTIPLYPRODUCTSCANNING,50000,0.032606749,1533424.873,0
opencl-e2e,NVIDIA B300 SXM6 AC,GPU,w8,p2048,2048,MULTIPLYPRODUCTSCANNING,50000,0.042131234,1186767.992,0
opencl-kernel,NVIDIA B300 SXM6 AC,GPU,w16,p2048,2048,MULTIPLYPRODUCTSCANNING,50000,0.008281767,6037358.964,0
opencl-e2e,NVIDIA B300 SXM6 AC,GPU,w16,p2048,2048,MULTIPLYPRODUCTSCANNING,50000,0.017487801,2859135.915,0
opencl-kernel,NVIDIA B300 SXM6 AC,GPU,w32,p2048,2048,MULTIPLYPRODUCTSCANNING,50000,0.002101849,23788578.443,0
opencl-e2e,NVIDIA B300 SXM6 AC,GPU,w32,p2048,2048,MULTIPLYPRODUCTSCANNING,50000,0.011275469,4434405.354,0
opencl-kernel,NVIDIA B300 SXM6 AC,GPU,w32-opt,p2048,2048,MULTIPLYPRODUCTSCANNING,50000,0.002095628,23859196.979,0
opencl-e2e,NVIDIA B300 SXM6 AC,GPU,w32-opt,p2048,2048,MULTIPLYPRODUCTSCANNING,50000,0.011302469,4423812.175,0
opencl-kernel,NVIDIA B300 SXM6 AC,GPU,w32-o64,p2048,2048,MULTIPLYPRODUCTSCANNING,50000,0.002095398,23861815.624,0
opencl-e2e,NVIDIA B300 SXM6 AC,GPU,w32-o64,p2048,2048,MULTIPLYPRODUCTSCANNING,50000,0.006802591,7350140.588,0
opencl-kernel,NVIDIA B300 SXM6 AC,GPU,w32-il,p2048,2048,MULTIPLYPRODUCTSCANNING,50000,0.000828569,60345004.586,0
opencl-e2e,NVIDIA B300 SXM6 AC,GPU,w32-il,p2048,2048,MULTIPLYPRODUCTSCANNING,50000,0.009956858,5021664.463,0
opencl-kernel,NVIDIA B300 SXM6 AC,GPU,w32-il64,p2048,2048,MULTIPLYPRODUCTSCANNING,50000,0.000770734,64873221.293,0
opencl-e2e,NVIDIA B300 SXM6 AC,GPU,w32-il64,p2048,2048,MULTIPLYPRODUCTSCANNING,50000,0.009791617,5106408.885,0
library,Intel(R) Xeon(R) 6787P,host-cpu,gmp-1t,p2048,2048,MONTGOMERYMULTIPLICATION,6250,0.019734492,316704.377,0
library,NVIDIA B300 SXM6 AC,gpu,cgbn,p2048,2048,MONTGOMERYMULTIPLICATION,50000,0.000086688,576781100.037,0
opencl-kernel,NVIDIA B300 SXM6 AC,GPU,w8,p2048,2048,MONTGOMERYMULTIPLICATION,50000,0.038827364,1287751.596,0
opencl-e2e,NVIDIA B300 SXM6 AC,GPU,w8,p2048,2048,MONTGOMERYMULTIPLICATION,50000,0.047518525,1052221.213,0
opencl-kernel,NVIDIA B300 SXM6 AC,GPU,w16,p2048,2048,MONTGOMERYMULTIPLICATION,50000,0.001273397,39265052.238,0
opencl-e2e,NVIDIA B300 SXM6 AC,GPU,w16,p2048,2048,MONTGOMERYMULTIPLICATION,50000,0.009185912,5443117.696,0
opencl-kernel,NVIDIA B300 SXM6 AC,GPU,w32,p2048,2048,MONTGOMERYMULTIPLICATION,50000,0.000195996,255107295.619,0
opencl-e2e,NVIDIA B300 SXM6 AC,GPU,w32,p2048,2048,MONTGOMERYMULTIPLICATION,50000,0.008189456,6105411.675,0
opencl-kernel,NVIDIA B300 SXM6 AC,GPU,w32-opt,p2048,2048,MONTGOMERYMULTIPLICATION,50000,0.000344677,145063343.548,0
opencl-e2e,NVIDIA B300 SXM6 AC,GPU,w32-opt,p2048,2048,MONTGOMERYMULTIPLICATION,50000,0.008263309,6050844.792,0
opencl-kernel,NVIDIA B300 SXM6 AC,GPU,w32-o64,p2048,2048,MONTGOMERYMULTIPLICATION,50000,0.000262539,190447881.667,0
opencl-e2e,NVIDIA B300 SXM6 AC,GPU,w32-o64,p2048,2048,MONTGOMERYMULTIPLICATION,50000,0.005305690,9423844.980,0
opencl-kernel,NVIDIA B300 SXM6 AC,GPU,w32-il,p2048,2048,MONTGOMERYMULTIPLICATION,50000,0.000306274,163252489.325,0
opencl-e2e,NVIDIA B300 SXM6 AC,GPU,w32-il,p2048,2048,MONTGOMERYMULTIPLICATION,50000,0.008320702,6009108.361,0
opencl-kernel,NVIDIA B300 SXM6 AC,GPU,w32-il64,p2048,2048,MONTGOMERYMULTIPLICATION,50000,0.000207440,241033556.167,0
opencl-e2e,NVIDIA B300 SXM6 AC,GPU,w32-il64,p2048,2048,MONTGOMERYMULTIPLICATION,50000,0.008235220,6071483.228,0
library,Intel(R) Xeon(R) 6787P,host-cpu,gmp-1t,p2048,2048,COMPARE,6250,0.000138900,44996537.151,0
library,NVIDIA B300 SXM6 AC,gpu,cgbn,p2048,2048,COMPARE,50000,0.000012352,4047927461.140,0
opencl-kernel,NVIDIA B300 SXM6 AC,GPU,w8,p2048,2048,COMPARE,50000,0.000158370,315716346.807,0
opencl-e2e,NVIDIA B300 SXM6 AC,GPU,w8,p2048,2048,COMPARE,50000,0.008102740,6170752.082,0
opencl-kernel,NVIDIA B300 SXM6 AC,GPU,w16,p2048,2048,COMPARE,50000,0.000082296,607563164.558,0
opencl-e2e,NVIDIA B300 SXM6 AC,GPU,w16,p2048,2048,COMPARE,50000,0.007968025,6275080.720,0
opencl-kernel,NVIDIA B300 SXM6 AC,GPU,w32-opt,p2048,2048,COMPARE,50000,0.000032551,1536053651.776,0
opencl-e2e,NVIDIA B300 SXM6 AC,GPU,w32-opt,p2048,2048,COMPARE,50000,0.008062543,6201517.314,0
opencl-kernel,NVIDIA B300 SXM6 AC,GPU,w32-o64,p2048,2048,COMPARE,50000,0.000034131,1464944180.256,0
opencl-e2e,NVIDIA B300 SXM6 AC,GPU,w32-o64,p2048,2048,COMPARE,50000,0.004409806,11338367.297,0
opencl-kernel,NVIDIA B300 SXM6 AC,GPU,w32-il,p2048,2048,COMPARE,50000,0.000024411,2048255891.344,0
opencl-e2e,NVIDIA B300 SXM6 AC,GPU,w32-il,p2048,2048,COMPARE,50000,0.007997165,6252215.608,0
opencl-kernel,NVIDIA B300 SXM6 AC,GPU,w32-il64,p2048,2048,COMPARE,50000,0.000024215,2064838487.536,0
opencl-e2e,NVIDIA B300 SXM6 AC,GPU,w32-il64,p2048,2048,COMPARE,50000,0.008006603,6244845.667,0
library,Intel(R) Xeon(R) 6787P,host-cpu,gmp-1t,p2048,2048,REDUCE,781,0.000138342,5645414.063,0
library,NVIDIA B300 SXM6 AC,gpu,cgbn,p2048,2048,REDUCE,50000,0.000024352,2053219448.095,0
opencl-kernel,NVIDIA B300 SXM6 AC,GPU,w8,p2048,2048,REDUCE,50000,0.105691392,473075.423,0
opencl-e2e,NVIDIA B300 SXM6 AC,GPU,w8,p2048,2048,REDUCE,50000,0.115021665,434700.715,0
opencl-kernel,NVIDIA B300 SXM6 AC,GPU,w16,p2048,2048,REDUCE,50000,0.004677636,10689160.023,0
opencl-e2e,NVIDIA B300 SXM6 AC,GPU,w16,p2048,2048,REDUCE,50000,0.012699920,3937032.661,0
opencl-kernel,NVIDIA B300 SXM6 AC,GPU,w32-opt,p2048,2048,REDUCE,50000,0.000956306,52284519.744,0
opencl-e2e,NVIDIA B300 SXM6 AC,GPU,w32-opt,p2048,2048,REDUCE,50000,0.009037027,5532793.019,0
opencl-kernel,NVIDIA B300 SXM6 AC,GPU,w32-o64,p2048,2048,REDUCE,50000,0.000794156,62959918.502,0
opencl-e2e,NVIDIA B300 SXM6 AC,GPU,w32-o64,p2048,2048,REDUCE,50000,0.004275373,11694886.013,0
opencl-kernel,NVIDIA B300 SXM6 AC,GPU,w32-il,p2048,2048,REDUCE,50000,0.000869564,57500079.604,0
opencl-e2e,NVIDIA B300 SXM6 AC,GPU,w32-il,p2048,2048,REDUCE,50000,0.008930532,5598770.581,0
opencl-kernel,NVIDIA B300 SXM6 AC,GPU,w32-il64,p2048,2048,REDUCE,50000,0.000857009,58342442.535,0
opencl-e2e,NVIDIA B300 SXM6 AC,GPU,w32-il64,p2048,2048,REDUCE,50000,0.008883251,5628569.995,0
library,Intel(R) Xeon(R) 6787P,host-cpu,gmp-1t,p2048,2048,MODMUL,390,0.002824580,138073.649,0
library,NVIDIA B300 SXM6 AC,gpu,cgbn,p2048,2048,MODMUL,50000,0.000374144,133638385.221,0
opencl-kernel,NVIDIA B300 SXM6 AC,GPU,w8,p2048,2048,MODMUL,50000,0.174335941,286802.593,0
opencl-e2e,NVIDIA B300 SXM6 AC,GPU,w8,p2048,2048,MODMUL,50000,0.182784742,273545.808,0
opencl-kernel,NVIDIA B300 SXM6 AC,GPU,w16,p2048,2048,MODMUL,50000,0.014991731,3335171.895,0
opencl-e2e,NVIDIA B300 SXM6 AC,GPU,w16,p2048,2048,MODMUL,50000,0.023265833,2149074.135,0
opencl-kernel,NVIDIA B300 SXM6 AC,GPU,w32-opt,p2048,2048,MODMUL,50000,0.005169577,9671971.292,0
opencl-e2e,NVIDIA B300 SXM6 AC,GPU,w32-opt,p2048,2048,MODMUL,50000,0.013413397,3727616.514,0
opencl-kernel,NVIDIA B300 SXM6 AC,GPU,w32-o64,p2048,2048,MODMUL,50000,0.003538353,14130868.154,0
opencl-e2e,NVIDIA B300 SXM6 AC,GPU,w32-o64,p2048,2048,MODMUL,50000,0.007352334,6800561.526,0
opencl-kernel,NVIDIA B300 SXM6 AC,GPU,w32-il,p2048,2048,MODMUL,50000,0.005220460,9577700.037,0
opencl-e2e,NVIDIA B300 SXM6 AC,GPU,w32-il,p2048,2048,MODMUL,50000,0.013409331,3728746.786,0
opencl-kernel,NVIDIA B300 SXM6 AC,GPU,w32-il64,p2048,2048,MODMUL,50000,0.003509234,14248123.678,0
opencl-e2e,NVIDIA B300 SXM6 AC,GPU,w32-il64,p2048,2048,MODMUL,50000,0.011640560,4295325.999,0
library,Intel(R) Xeon(R) 6787P,host-cpu,gmp-1t,p2048,2048,MODEXP,97,0.165104487,587.507,0
library,NVIDIA B300 SXM6 AC,gpu,cgbn,p2048,2048,MODEXP,50000,0.550747633,90785.683,0
opencl-kernel,NVIDIA B300 SXM6 AC,GPU,w8,p2048,2048,MODEXP,50000,55.649428856,898.482,0
opencl-e2e,NVIDIA B300 SXM6 AC,GPU,w8,p2048,2048,MODEXP,50000,55.662626701,898.269,0
opencl-kernel,NVIDIA B300 SXM6 AC,GPU,w16,p2048,2048,MODEXP,50000,5.144748090,9718.649,0
opencl-e2e,NVIDIA B300 SXM6 AC,GPU,w16,p2048,2048,MODEXP,50000,5.164749828,9681.011,0
opencl-kernel,NVIDIA B300 SXM6 AC,GPU,w32-opt,p2048,2048,MODEXP,50000,1.647840801,30342.737,0
opencl-e2e,NVIDIA B300 SXM6 AC,GPU,w32-opt,p2048,2048,MODEXP,50000,1.653014005,30247.778,0
opencl-kernel,NVIDIA B300 SXM6 AC,GPU,w32-o64,p2048,2048,MODEXP,50000,0.990895486,50459.408,0
opencl-e2e,NVIDIA B300 SXM6 AC,GPU,w32-o64,p2048,2048,MODEXP,50000,1.001218188,49939.165,0
opencl-kernel,NVIDIA B300 SXM6 AC,GPU,w32-il,p2048,2048,MODEXP,50000,1.665073105,30028.712,0
opencl-e2e,NVIDIA B300 SXM6 AC,GPU,w32-il,p2048,2048,MODEXP,50000,1.671785845,29908.137,0
opencl-kernel,NVIDIA B300 SXM6 AC,GPU,w32-il64,p2048,2048,MODEXP,50000,0.989646079,50523.112,0
opencl-e2e,NVIDIA B300 SXM6 AC,GPU,w32-il64,p2048,2048,MODEXP,50000,0.996141372,50193.679,0
library,Intel(R) Xeon(R) 6787P,host-cpu,gmp-1t,p2048,2048,EXPONENTIATION,97,0.021147438,4586.844,0
opencl-kernel,NVIDIA B300 SXM6 AC,GPU,w8,p2048,2048,EXPONENTIATION,50000,13.162552446,3798.655,0
opencl-e2e,NVIDIA B300 SXM6 AC,GPU,w8,p2048,2048,EXPONENTIATION,50000,13.165950792,3797.675,0
opencl-kernel,NVIDIA B300 SXM6 AC,GPU,w16,p2048,2048,EXPONENTIATION,50000,3.105069145,16102.701,0
opencl-e2e,NVIDIA B300 SXM6 AC,GPU,w16,p2048,2048,EXPONENTIATION,50000,3.109187242,16081.373,0
opencl-kernel,NVIDIA B300 SXM6 AC,GPU,w32-opt,p2048,2048,EXPONENTIATION,50000,0.890170092,56169.041,0
opencl-e2e,NVIDIA B300 SXM6 AC,GPU,w32-opt,p2048,2048,EXPONENTIATION,50000,0.898127281,55671.397,0
opencl-kernel,NVIDIA B300 SXM6 AC,GPU,w32-o64,p2048,2048,EXPONENTIATION,50000,0.783433054,63821.663,0
opencl-e2e,NVIDIA B300 SXM6 AC,GPU,w32-o64,p2048,2048,EXPONENTIATION,50000,0.794435597,62937.764,0
opencl-kernel,NVIDIA B300 SXM6 AC,GPU,w32-il,p2048,2048,EXPONENTIATION,50000,0.909816235,54956.153,0
opencl-e2e,NVIDIA B300 SXM6 AC,GPU,w32-il,p2048,2048,EXPONENTIATION,50000,0.916203283,54573.042,0
opencl-kernel,NVIDIA B300 SXM6 AC,GPU,w32-il64,p2048,2048,EXPONENTIATION,50000,0.789826683,63305.028,0
opencl-e2e,NVIDIA B300 SXM6 AC,GPU,w32-il64,p2048,2048,EXPONENTIATION,50000,0.798642854,62606.207,0
library,Intel(R) Xeon(R) 6787P,host-cpu,gmp-1t,p2048,2048,DIVIDE,781,0.000271242,2879343.316,0
library,NVIDIA B300 SXM6 AC,gpu,cgbn,p2048,2048,DIVIDE,50000,0.000029632,1687365010.799,0
opencl-kernel,NVIDIA B300 SXM6 AC,GPU,w8,p2048,2048,DIVIDE,50000,0.410232634,121882.064,0
opencl-e2e,NVIDIA B300 SXM6 AC,GPU,w8,p2048,2048,DIVIDE,50000,0.418375780,119509.786,0
opencl-kernel,NVIDIA B300 SXM6 AC,GPU,w16,p2048,2048,DIVIDE,50000,0.146067978,342306.375,0
opencl-e2e,NVIDIA B300 SXM6 AC,GPU,w16,p2048,2048,DIVIDE,50000,0.154070829,324526.066,0
opencl-kernel,NVIDIA B300 SXM6 AC,GPU,w32-opt,p2048,2048,DIVIDE,50000,0.014342158,3486225.717,0
opencl-e2e,NVIDIA B300 SXM6 AC,GPU,w32-opt,p2048,2048,DIVIDE,50000,0.023939506,2088597.815,0
opencl-kernel,NVIDIA B300 SXM6 AC,GPU,w32-o64,p2048,2048,DIVIDE,50000,0.013149733,3802358.568,0
opencl-e2e,NVIDIA B300 SXM6 AC,GPU,w32-o64,p2048,2048,DIVIDE,50000,0.022785536,2194374.535,0
opencl-kernel,NVIDIA B300 SXM6 AC,GPU,w32-il,p2048,2048,DIVIDE,50000,0.014335178,3487923.202,0
opencl-e2e,NVIDIA B300 SXM6 AC,GPU,w32-il,p2048,2048,DIVIDE,50000,0.023776222,2102941.332,0
opencl-kernel,NVIDIA B300 SXM6 AC,GPU,w32-il64,p2048,2048,DIVIDE,50000,0.013104125,3815592.423,0
opencl-e2e,NVIDIA B300 SXM6 AC,GPU,w32-il64,p2048,2048,DIVIDE,50000,0.022982820,2175538.076,0
library,Intel(R) Xeon(R) 6787P,host-cpu,gmp-1t,p2048,2048,ISQRT,195,0.000538883,361859.642,0
opencl-kernel,NVIDIA B300 SXM6 AC,GPU,w8,p2048,2048,ISQRT,50000,6.923342597,7221.945,0
opencl-e2e,NVIDIA B300 SXM6 AC,GPU,w8,p2048,2048,ISQRT,50000,6.921819846,7223.534,0
opencl-kernel,NVIDIA B300 SXM6 AC,GPU,w16,p2048,2048,ISQRT,50000,4.467184167,11192.733,0
opencl-e2e,NVIDIA B300 SXM6 AC,GPU,w16,p2048,2048,ISQRT,50000,4.496805855,11119.003,0
opencl-kernel,NVIDIA B300 SXM6 AC,GPU,w32-opt,p2048,2048,ISQRT,50000,0.150296710,332675.280,0
opencl-e2e,NVIDIA B300 SXM6 AC,GPU,w32-opt,p2048,2048,ISQRT,50000,0.158827739,314806.471,0
opencl-kernel,NVIDIA B300 SXM6 AC,GPU,w32-o64,p2048,2048,ISQRT,50000,0.051034331,979732.643,0
opencl-e2e,NVIDIA B300 SXM6 AC,GPU,w32-o64,p2048,2048,ISQRT,50000,0.059597086,838967.194,0
opencl-kernel,NVIDIA B300 SXM6 AC,GPU,w32-il,p2048,2048,ISQRT,50000,0.148353562,337032.690,0
opencl-e2e,NVIDIA B300 SXM6 AC,GPU,w32-il,p2048,2048,ISQRT,50000,0.156898461,318677.441,0
opencl-kernel,NVIDIA B300 SXM6 AC,GPU,w32-il64,p2048,2048,ISQRT,50000,0.051051347,979406.087,0
opencl-e2e,NVIDIA B300 SXM6 AC,GPU,w32-il64,p2048,2048,ISQRT,50000,0.059582156,839177.421,0
library,Intel(R) Xeon(R) 6787P,host-cpu,gmp-1t,p2048,2048,MODMUL_R2,6250,0.014004466,446286.206,0
library,NVIDIA B300 SXM6 AC,gpu,cgbn,p2048,2048,MODMUL_R2,50000,0.000163200,306372549.020,0
opencl-kernel,NVIDIA B300 SXM6 AC,GPU,w8,p2048,2048,MODMUL_R2,50000,0.028973125,1725737.215,0
opencl-e2e,NVIDIA B300 SXM6 AC,GPU,w8,p2048,2048,MODMUL_R2,50000,0.037962613,1317085.313,0
opencl-kernel,NVIDIA B300 SXM6 AC,GPU,w16,p2048,2048,MODMUL_R2,50000,0.001092144,45781508.788,0
opencl-e2e,NVIDIA B300 SXM6 AC,GPU,w16,p2048,2048,MODMUL_R2,50000,0.008969162,5574656.802,0
opencl-kernel,NVIDIA B300 SXM6 AC,GPU,w32-opt,p2048,2048,MODMUL_R2,50000,0.000618280,80869512.912,0
opencl-e2e,NVIDIA B300 SXM6 AC,GPU,w32-opt,p2048,2048,MODMUL_R2,50000,0.008642384,5785440.706,0
opencl-kernel,NVIDIA B300 SXM6 AC,GPU,w32-o64,p2048,2048,MODMUL_R2,50000,0.000423091,118177886.617,0
opencl-e2e,NVIDIA B300 SXM6 AC,GPU,w32-o64,p2048,2048,MODMUL_R2,50000,0.008443215,5921914.823,0
opencl-kernel,NVIDIA B300 SXM6 AC,GPU,w32-il,p2048,2048,MODMUL_R2,50000,0.000571763,87448825.423,0
opencl-e2e,NVIDIA B300 SXM6 AC,GPU,w32-il,p2048,2048,MODMUL_R2,50000,0.008611755,5806017.486,0
opencl-kernel,NVIDIA B300 SXM6 AC,GPU,w32-il64,p2048,2048,MODMUL_R2,50000,0.000381079,131206377.626,0
opencl-e2e,NVIDIA B300 SXM6 AC,GPU,w32-il64,p2048,2048,MODMUL_R2,50000,0.008387351,5961357.763,0
